batch_id,time_hr,temperature,pH,DO,agitation,air_flow,O2_flow,CO2_flow,feed_rate,sensor_glucose,sensor_lactate
B001,0,37.00796,7.09302,45.12246,219.7417,0.2,0.024,0.004,0.0,5.4181,0.44815
B001,4,37.07183,7.01545,45.70361,225.48681,0.2,0.024,0.004,0.0,5.23139,0.49299
B001,8,36.92239,7.05982,47.74756,218.53691,0.2,0.024,0.004,0.0,5.17397,0.36197
B001,12,37.10686,7.02399,41.49249,221.22597,0.2,0.024,0.004,0.0,5.38707,0.51865
B001,16,37.11231,7.06187,43.99512,221.07239,0.2,0.024,0.004,0.0,5.59224,0.5381
B001,20,37.1164,7.04672,46.00454,223.39446,0.2,0.024,0.004,0.0,5.2888,0.62354
B001,24,37.02066,7.00423,42.31129,228.29415,0.2,0.024,0.004,0.0,5.19065,0.55761
B001,28,36.87474,7.07321,47.50911,226.11241,0.2,0.024,0.004,0.0,5.21545,0.71257
B001,32,36.9569,7.03487,45.62621,228.24344,0.2,0.024,0.004,0.0,5.35108,0.81258
B001,36,36.80846,7.03665,46.43919,223.0403,0.2,0.024,0.004,0.0,5.10749,0.74827
B001,40,36.86508,7.02326,44.0294,223.52131,0.2,0.024,0.004,0.0,4.94603,0.81404
B001,44,37.01981,7.03364,46.3834,226.06232,0.2,0.024,0.004,0.0,5.17113,0.82417
B001,48,36.97973,7.0607,46.8164,226.72245,0.2,0.024,0.004,0.0418,6.04611,0.86759
B001,52,37.0308,7.04527,45.39589,229.4696,0.2,0.024,0.004,0.04339,6.23718,0.83465
B001,56,37.02371,7.05822,45.39848,234.50522,0.2,0.024,0.004,0.04724,6.04203,1.01675
B001,60,36.99303,7.05905,45.45958,228.07875,0.2,0.024,0.004,0.04439,5.66922,1.02844
B001,64,36.93972,7.08302,43.53231,226.50321,0.2,0.024,0.004,0.04698,5.66029,1.35635
B001,68,36.90044,7.04143,44.7492,227.53361,0.2,0.024,0.004,0.044,6.08123,1.36257
B001,72,36.99435,7.01308,44.74071,231.80289,0.2,0.024,0.004,0.04577,6.0906,1.292
B001,76,36.98723,7.07668,45.65177,229.44125,0.2,0.024,0.004,0.04455,5.66942,1.2291
B001,80,37.04387,7.04171,46.6997,232.56392,0.2,0.024,0.004,0.04599,5.62066,1.26485
B001,84,36.88415,7.07786,43.20049,232.39606,0.2,0.024,0.004,0.04851,5.96771,1.62122
B001,88,37.02096,7.05958,44.78748,230.50092,0.2,0.024,0.004,0.04348,5.33174,1.59157
B001,92,37.01519,7.04672,47.51847,229.43553,0.2,0.024,0.004,0.04786,5.43146,1.7007
B001,96,37.10689,7.05872,43.7359,238.14385,0.2,0.024,0.004,0.04747,5.65056,1.51746
B001,100,36.9765,7.09878,43.60217,231.7836,0.2,0.024,0.004,0.04576,5.37289,1.92189
B001,104,37.05715,7.10192,45.34392,241.59189,0.2,0.024,0.004,0.04395,5.34982,1.94829
B001,108,36.90587,7.05173,46.43545,233.68761,0.2,0.024,0.004,0.04683,5.34534,1.84234
B001,112,37.01884,7.054,45.01942,241.63335,0.2,0.024,0.004,0.04542,5.35225,1.99877
B001,116,36.90221,7.07691,47.25923,238.14711,0.2,0.024,0.004,0.04669,5.52848,2.16394
B001,120,37.1457,7.02886,46.45655,233.04472,0.2,0.024,0.004,0.04596,5.22519,2.21196
B001,124,37.01933,7.05833,46.43109,233.27511,0.2,0.024,0.004,0.04876,5.34686,2.23966
B001,128,37.04123,7.04935,45.942,237.46738,0.2,0.024,0.004,0.04467,4.71177,2.32632
B001,132,37.10196,7.05785,48.95701,237.91724,0.2,0.024,0.004,0.04265,4.9736,2.36681
B001,136,36.94907,7.02917,44.65123,242.02339,0.2,0.024,0.004,0.04457,4.83043,2.4673
B001,140,37.06103,7.01026,41.59401,242.3443,0.2,0.024,0.004,0.04412,4.70354,2.67058
B001,144,35.36515,6.99818,47.72723,243.2141,0.2,0.024,0.004,0.04582,4.75953,2.22356
B001,148,35.43547,7.02207,44.22191,238.3521,0.2,0.024,0.004,0.04417,4.76807,2.53281
B001,152,35.55711,7.03853,45.1834,243.52493,0.2,0.024,0.004,0.04257,4.90514,2.60387
B001,156,35.45088,7.04267,47.22624,247.75354,0.2,0.024,0.004,0.04411,4.49206,2.63118
B001,160,35.46475,7.09843,42.27616,244.09632,0.2,0.024,0.004,0.03811,4.53826,2.55537
B001,164,35.52151,7.07765,42.8722,242.741,0.2,0.024,0.004,0.03848,4.40697,2.38485
B001,168,35.53769,7.02595,42.27783,243.59964,0.2,0.024,0.004,0.03717,4.35419,2.62205
B001,172,35.62887,7.05869,43.64997,253.44798,0.2,0.024,0.004,0.03748,4.55345,2.76852
B001,176,35.46758,7.03982,45.74738,240.58949,0.2,0.024,0.004,0.03473,4.35305,2.34749
B001,180,35.47516,7.04289,45.89112,246.14133,0.2,0.024,0.004,0.03796,4.52983,2.59766
B001,184,35.48481,7.05463,45.46967,244.25984,0.2,0.024,0.004,0.03545,4.15053,2.40957
B001,188,35.54636,7.06548,42.5983,249.77352,0.2,0.024,0.004,0.03216,3.92267,2.38968
B001,192,35.38045,7.04152,41.07282,250.89759,0.2,0.024,0.004,0.03227,3.96241,2.21239
B001,196,35.54922,7.0766,45.0924,244.20799,0.2,0.024,0.004,0.03413,4.0449,2.23458
B001,200,35.51315,7.02145,44.19798,248.82861,0.2,0.024,0.004,0.03439,3.99152,2.36167
B001,204,35.64783,7.05016,45.78096,250.07748,0.2,0.024,0.004,0.03593,3.75498,2.20221
B001,208,35.63343,7.11494,46.19332,247.88878,0.2,0.024,0.004,0.037,3.94517,2.26323
B001,212,35.54698,7.05558,45.23501,252.7582,0.2,0.024,0.004,0.03125,3.77826,2.11688
B001,216,35.43048,7.08583,46.29223,252.93219,0.2,0.024,0.004,0.02771,4.05391,1.94645
B001,220,35.42781,7.05229,45.38966,251.97298,0.2,0.024,0.004,0.02472,3.81585,2.01987
B001,224,35.49347,7.06452,45.90111,248.48304,0.2,0.024,0.004,0.02884,3.37946,1.77949
B001,228,35.37075,7.04858,43.80206,255.6462,0.2,0.024,0.004,0.02603,3.36307,1.74244
B001,232,35.45818,7.04574,44.69466,247.10577,0.2,0.024,0.004,0.02621,3.10786,1.52445
B001,236,35.56279,7.03051,45.33452,256.21711,0.2,0.024,0.004,0.02524,3.19259,1.48627
B001,240,35.44289,7.06076,46.3949,252.04951,0.2,0.024,0.004,0.02564,3.31773,1.31464
B001,244,35.53102,7.02871,44.33064,256.09922,0.2,0.024,0.004,0.02755,3.47775,1.43942
B001,248,35.56534,7.06664,45.88598,259.07526,0.2,0.024,0.004,0.02527,3.02452,1.1043
B001,252,35.60014,7.07713,44.54807,256.23603,0.2,0.024,0.004,0.02422,2.96385,1.26765
B001,256,35.46517,7.05916,44.80018,256.96269,0.2,0.024,0.004,0.0221,2.59402,1.08229
B001,260,35.56326,7.04284,46.41018,263.49512,0.2,0.024,0.004,0.0205,2.86328,1.18066
B001,264,35.46329,7.06135,41.6118,258.32568,0.2,0.024,0.004,0.02261,2.70597,1.06887
B001,268,35.43386,7.04228,42.796,257.85275,0.2,0.024,0.004,0.02325,2.77002,1.13972
B001,272,35.31437,7.07339,42.48028,257.90908,0.2,0.024,0.004,0.02673,2.74636,0.95527
B001,276,35.42679,7.00421,41.03285,260.79669,0.2,0.024,0.004,0.02334,2.75444,0.62914
B001,280,35.58904,7.04161,43.84695,261.26482,0.2,0.024,0.004,0.02498,2.44806,0.76379
B001,284,35.41753,7.00023,46.27404,262.42914,0.2,0.024,0.004,0.022,2.37803,0.58898
B001,288,35.58393,7.01262,44.5157,260.27212,0.2,0.024,0.004,0.02068,2.94417,0.62886
B001,292,35.49891,7.0841,45.33624,265.90499,0.2,0.024,0.004,0.02121,2.29457,0.83733
B001,296,35.41719,7.07238,46.85167,264.36375,0.2,0.024,0.004,0.02184,2.29661,0.70075
B001,300,35.48314,7.03201,47.25707,261.35233,0.2,0.024,0.004,0.02775,2.92439,0.5118
B001,304,35.37492,7.01244,44.88247,267.65725,0.2,0.024,0.004,0.0221,2.92747,0.44842
B001,308,35.47192,6.97589,47.3011,263.13316,0.2,0.024,0.004,0.02572,2.23623,0.55117
B001,312,35.49231,7.03641,45.15662,270.18406,0.2,0.024,0.004,0.02259,2.25453,0.38097
B001,316,35.52261,7.11051,43.57642,269.70195,0.2,0.024,0.004,0.02666,2.43597,0.42851
B001,320,35.40879,7.06087,43.98952,264.64139,0.2,0.024,0.004,0.02601,2.62141,0.53073
B001,324,35.53583,7.03601,42.48309,268.77482,0.2,0.024,0.004,0.02541,2.0697,0.61813
B001,328,35.5439,7.06163,43.49017,268.63699,0.2,0.024,0.004,0.02617,2.17418,0.54053
B001,332,35.52225,7.01098,44.39137,270.27436,0.2,0.024,0.004,0.02551,2.29372,0.18209
B001,336,35.56222,7.04257,46.36609,272.82102,0.2,0.024,0.004,0.02832,2.25418,0.48456
B002,0,37.13917,7.02505,46.11052,218.5533,0.5,0.06,0.01,0.0,5.74542,0.56936
B002,4,36.99604,7.04788,44.52961,220.2535,0.5,0.06,0.01,0.0,5.11346,0.50941
B002,8,36.93312,7.00999,43.98665,223.18624,0.5,0.06,0.01,0.0,5.34678,0.56778
B002,12,37.05202,7.03095,45.01446,223.58066,0.5,0.06,0.01,0.0,5.19994,0.62764
B002,16,37.12296,7.05372,46.35138,226.74803,0.5,0.06,0.01,0.0,5.32946,0.52509
B002,20,36.97,7.05916,45.30662,224.11916,0.5,0.06,0.01,0.0,5.15714,0.68643
B002,24,36.95011,7.06044,43.88471,223.67007,0.5,0.06,0.01,0.0,5.18209,0.66971
B002,28,37.09549,7.01699,47.0847,217.68815,0.5,0.06,0.01,0.0,5.50279,0.5078
B002,32,36.83887,7.07137,47.68462,227.18752,0.5,0.06,0.01,0.0,5.08545,0.86413
B002,36,37.00484,7.02999,45.84075,226.15134,0.5,0.06,0.01,0.0,5.14248,0.66953
B002,40,36.89389,7.06582,46.65523,225.9303,0.5,0.06,0.01,0.0,4.97819,0.57322
B002,44,37.16028,7.04973,47.11133,229.0726,0.5,0.06,0.01,0.0,4.98563,0.69238
B002,48,37.01358,7.01559,46.92117,225.88284,0.5,0.06,0.01,0.04434,6.03356,0.74505
B002,52,36.87395,7.0421,46.04397,225.81575,0.5,0.06,0.01,0.0505,6.21929,0.9275
B002,56,36.9074,7.05913,46.01719,225.50395,0.5,0.06,0.01,0.04635,6.1964,0.94591
B002,60,37.00428,7.06532,45.88342,222.74679,0.5,0.06,0.01,0.04368,6.16861,0.99969
B002,64,37.04914,7.04648,43.13453,231.86157,0.5,0.06,0.01,0.04745,5.97386,1.17953
B002,68,36.97991,7.08829,46.19123,222.75787,0.5,0.06,0.01,0.04515,5.91878,1.21455
B002,72,36.92029,7.07519,42.69512,234.49871,0.5,0.06,0.01,0.0452,5.55897,1.28362
B002,76,36.94599,7.04358,43.64918,232.61186,0.5,0.06,0.01,0.04827,5.77884,1.36985
B002,80,37.04524,7.06875,47.21606,237.50868,0.5,0.06,0.01,0.04673,5.87739,1.47227
B002,84,36.98376,7.09834,46.42837,233.72813,0.5,0.06,0.01,0.04738,5.83244,1.22533
B002,88,36.8812,7.09901,47.52858,236.77124,0.5,0.06,0.01,0.04696,5.65616,1.51631
B002,92,36.93916,7.0193,44.53815,232.11774,0.5,0.06,0.01,0.04766,5.74717,1.38146
B002,96,36.99822,7.02684,43.04118,229.71135,0.5,0.06,0.01,0.04784,5.63246,1.73114
B002,100,36.9901,7.08712,44.59126,237.22609,0.5,0.06,0.01,0.04307,5.59283,1.81004
B002,104,36.84976,7.02354,45.17345,232.3757,0.5,0.06,0.01,0.04817,5.50846,2.01922
B002,108,37.07012,7.01694,45.13428,237.01029,0.5,0.06,0.01,0.04472,5.25803,2.11811
B002,112,37.03296,7.03785,46.92726,242.37848,0.5,0.06,0.01,0.04359,5.3063,2.07968
B002,116,37.03748,7.06051,44.38584,239.37366,0.5,0.06,0.01,0.0461,4.73307,2.07225
B002,120,37.21686,7.04744,45.59846,237.35859,0.5,0.06,0.01,0.04608,5.28091,2.26388
B002,124,36.91741,7.03374,43.31933,245.52953,0.5,0.06,0.01,0.04417,4.45948,2.21137
B002,128,37.02615,7.03314,45.76554,237.00314,0.5,0.06,0.01,0.04681,4.8241,2.33857
B002,132,37.07327,7.03219,45.00528,239.47256,0.5,0.06,0.01,0.04202,5.04776,2.51538
B002,136,36.97977,7.02801,43.72532,242.08682,0.5,0.06,0.01,0.0434,5.03886,2.38206
B002,140,36.89665,7.10704,44.59909,242.05788,0.5,0.06,0.01,0.04251,4.67344,2.59068
B002,144,35.65304,7.05744,44.6869,242.99853,0.5,0.06,0.01,0.04301,4.71913,2.61284
B002,148,35.46978,7.07217,44.54074,244.94893,0.5,0.06,0.01,0.04306,5.04709,2.44666
B002,152,35.36134,7.03777,48.01128,245.386,0.5,0.06,0.01,0.03984,4.58491,2.69955
B002,156,35.46963,7.04535,44.83264,244.53084,0.5,0.06,0.01,0.04263,5.09759,2.67949
B002,160,35.40984,7.03216,44.58538,247.98589,0.5,0.06,0.01,0.04061,4.59499,2.61223
B002,164,35.59965,6.98371,41.43433,247.47877,0.5,0.06,0.01,0.03598,4.50495,2.50418
B002,168,35.37882,7.01555,43.47985,247.68736,0.5,0.06,0.01,0.0351,4.6526,2.47958
B002,172,35.54449,7.00473,44.55278,246.33178,0.5,0.06,0.01,0.03823,4.41541,2.49671
B002,176,35.5233,6.99376,43.83405,250.82083,0.5,0.06,0.01,0.03704,4.13356,2.59667
B002,180,35.59808,7.02012,47.3489,238.39884,0.5,0.06,0.01,0.03649,4.23241,2.37932
B002,184,35.4746,7.08312,44.71961,247.10605,0.5,0.06,0.01,0.03584,4.18165,2.50149
B002,188,35.35983,7.04889,47.19036,248.48255,0.5,0.06,0.01,0.03555,3.8871,2.24803
B002,192,35.5999,7.08226,45.1049,245.5403,0.5,0.06,0.01,0.03619,4.05482,2.31425
B002,196,35.4566,7.06027,45.06329,250.78664,0.5,0.06,0.01,0.03128,3.79643,2.28787
B002,200,35.3503,7.06956,44.84905,255.58695,0.5,0.06,0.01,0.03037,4.02562,2.49908
B002,204,35.54821,7.02748,45.00645,250.0525,0.5,0.06,0.01,0.02975,3.8019,1.96701
B002,208,35.54604,7.0631,47.92195,246.97054,0.5,0.06,0.01,0.03175,3.74673,2.23199
B002,212,35.5946,7.06822,41.05666,250.82805,0.5,0.06,0.01,0.03291,3.7596,1.99357
B002,216,35.48367,7.03558,41.59737,250.92503,0.5,0.06,0.01,0.02883,3.66884,1.9431
B002,220,35.4993,7.06399,44.07661,254.5396,0.5,0.06,0.01,0.02398,3.57056,1.8248
B002,224,35.46649,7.06415,45.0247,260.2892,0.5,0.06,0.01,0.0249,3.25451,1.78018
B002,228,35.37457,7.03626,46.17318,257.98281,0.5,0.06,0.01,0.02599,3.22631,1.62464
B002,232,35.60943,7.02193,45.80425,252.24352,0.5,0.06,0.01,0.02593,3.563,1.73453
B002,236,35.67834,7.0204,44.34678,258.38647,0.5,0.06,0.01,0.02564,3.23489,1.42351
B002,240,35.57769,7.05216,46.73237,256.08407,0.5,0.06,0.01,0.026,3.01486,1.5342
B002,244,35.51451,7.05818,46.75133,253.86567,0.5,0.06,0.01,0.02479,3.2717,1.24335
B002,248,35.56595,7.03019,45.3129,259.96345,0.5,0.06,0.01,0.02705,3.28378,1.23847
B002,252,35.55237,7.05066,46.63652,260.0365,0.5,0.06,0.01,0.02319,2.7802,1.04513
B002,256,35.47833,7.06426,45.4635,255.61303,0.5,0.06,0.01,0.02245,3.0305,1.15977
B002,260,35.43054,7.06545,44.04548,254.09361,0.5,0.06,0.01,0.02481,3.13264,1.21353
B002,264,35.51896,7.0888,46.18629,259.34965,0.5,0.06,0.01,0.02051,2.91213,0.96949
B002,268,35.44683,7.08192,45.18804,261.28178,0.5,0.06,0.01,0.02414,3.00125,0.89761
B002,272,35.38875,7.02497,45.00228,265.11612,0.5,0.06,0.01,0.0234,2.56816,0.73383
B002,276,35.48848,7.09209,47.50402,262.27012,0.5,0.06,0.01,0.02278,2.81711,0.79027
B002,280,35.68606,7.03673,40.83352,266.54932,0.5,0.06,0.01,0.02619,2.74026,0.58069
B002,284,35.47547,7.07612,42.58994,260.82034,0.5,0.06,0.01,0.02176,2.54905,0.62007
B002,288,35.47396,7.0517,42.98198,264.72969,0.5,0.06,0.01,0.02717,2.87987,0.71826
B002,292,35.68397,7.0397,44.38246,264.07223,0.5,0.06,0.01,0.02269,2.82956,0.81426
B002,296,35.64283,7.00481,44.56717,265.47196,0.5,0.06,0.01,0.02074,2.78943,0.96135
B002,300,35.57704,7.04571,42.43755,262.82617,0.5,0.06,0.01,0.02363,2.72748,0.52529
B002,304,35.4317,7.01102,43.32523,266.97912,0.5,0.06,0.01,0.02159,2.37207,0.74231
B002,308,35.57908,7.07418,43.53657,266.32077,0.5,0.06,0.01,0.02254,2.43109,0.57648
B002,312,35.39709,7.08792,49.17762,262.71922,0.5,0.06,0.01,0.02519,2.52384,0.50881
B002,316,35.49893,7.03008,48.06296,260.61876,0.5,0.06,0.01,0.02591,2.37751,0.56096
B002,320,35.48474,7.05755,44.30003,267.5116,0.5,0.06,0.01,0.024,2.28343,0.50072
B002,324,35.66768,7.03187,44.38191,264.22859,0.5,0.06,0.01,0.0277,2.45282,0.49274
B002,328,35.46875,7.03429,43.04635,274.31756,0.5,0.06,0.01,0.02857,2.26757,0.41848
B002,332,35.536,7.06936,41.75618,271.48994,0.5,0.06,0.01,0.02969,2.12708,0.28927
B002,336,35.50917,7.04904,44.8013,271.38983,0.5,0.06,0.01,0.02848,2.10549,0.2628
B003,0,36.88762,7.01335,45.98372,223.36803,0.2,0.024,0.004,0.0,5.71445,0.60043
B003,4,36.89884,7.02266,45.14954,225.93155,0.2,0.024,0.004,0.0,5.32668,0.4161
B003,8,37.0527,7.07567,45.37329,221.16941,0.2,0.024,0.004,0.0,5.44431,0.45269
B003,12,37.12722,7.00196,44.5602,222.27789,0.2,0.024,0.004,0.0,5.35636,0.46847
B003,16,36.99775,7.07822,47.51307,220.4191,0.2,0.024,0.004,0.0,5.35875,0.50219
B003,20,37.04655,7.04862,43.46882,224.42981,0.2,0.024,0.004,0.0,5.13424,0.72758
B003,24,37.00117,7.02019,44.00155,221.23004,0.2,0.024,0.004,0.0,5.19592,0.6997
B003,28,37.04521,7.03542,45.01868,216.39434,0.2,0.024,0.004,0.0,4.87635,0.86117
B003,32,37.01643,7.02457,46.49422,223.36575,0.2,0.024,0.004,0.0,5.14032,0.96317
B003,36,37.10466,7.07166,42.45447,223.9196,0.2,0.024,0.004,0.0,5.149,0.60593
B003,40,37.05276,7.06831,,224.80926,0.2,0.024,0.004,0.0,4.97906,0.78028
B003,44,37.0091,7.00702,41.53586,228.81051,0.2,0.024,0.004,0.0,4.68129,0.67665
B003,48,36.963,7.03991,45.05558,230.18966,0.2,0.024,0.004,0.04079,6.12164,0.77427
B003,52,37.15332,7.02842,43.09888,225.50968,0.2,0.024,0.004,0.0438,6.03658,0.84563
B003,56,36.88967,7.08234,44.34626,225.41699,0.2,0.024,0.004,0.04318,5.77692,0.85191
B003,60,37.05284,7.01625,46.12434,230.49377,0.2,0.024,0.004,0.04585,5.87583,0.91389
B003,64,37.00818,7.09011,43.90938,226.23113,0.2,0.024,0.004,0.04641,5.62218,1.08785
B003,68,37.06135,7.04917,45.39318,226.52589,0.2,0.024,0.004,0.04651,5.66222,1.02776
B003,72,37.09272,7.02095,44.49113,239.37232,0.2,0.024,0.004,0.04666,5.70574,1.34675
B003,76,36.95178,7.03307,46.14259,228.12131,0.2,0.024,0.004,0.0496,6.04924,1.21054
B003,80,36.88424,7.02996,45.80772,237.16708,0.2,0.024,0.004,0.04453,5.53809,1.73548
B003,84,37.02183,7.01813,43.82371,233.73906,0.2,0.024,0.004,0.04672,5.77513,1.42412
B003,88,36.97528,7.05237,44.71329,232.68139,0.2,0.024,0.004,0.0492,5.57711,1.56869
B003,92,37.07716,7.0193,46.77436,233.70299,0.2,0.024,0.004,0.04952,5.67865,1.48764
B003,96,37.04246,6.99549,45.66874,233.81199,0.2,0.024,0.004,0.04415,5.42633,1.93154
B003,100,37.00452,7.04051,42.62516,231.14161,0.2,0.024,0.004,0.04632,5.61515,1.94494
B003,104,36.99724,7.00493,46.11455,235.76126,0.2,0.024,0.004,0.04956,5.39469,1.92939
B003,108,36.82752,7.0312,43.15616,233.45463,0.2,0.024,0.004,0.0477,5.1135,1.81397
B003,112,37.03258,7.02727,47.40127,237.96118,0.2,0.024,0.004,0.04687,5.07898,2.08063
B003,116,36.90771,7.02822,46.74097,237.87534,0.2,0.024,0.004,0.04578,5.15688,1.99772
B003,120,37.08179,7.10002,45.49281,240.33122,0.2,0.024,0.004,0.04514,4.96377,2.38114
B003,124,37.01561,7.05141,45.2673,240.48821,0.2,0.024,0.004,0.04613,5.23912,2.37182
B003,128,37.01055,7.05613,44.64465,241.65629,0.2,0.024,0.004,0.04465,4.99631,2.35019
B003,132,37.00757,7.00559,46.15349,242.15407,0.2,0.024,0.004,0.04462,5.45885,2.10468
B003,136,37.06967,7.03365,44.36968,237.98642,0.2,0.024,0.004,0.04437,4.66439,2.33098
B003,140,36.85535,7.05538,45.40047,245.63048,0.2,0.024,0.004,0.04232,4.91468,2.57653
B003,144,35.52053,7.02439,46.48229,236.45654,0.2,0.024,0.004,0.04417,4.67321,2.6771
B003,148,35.61207,7.0727,44.04493,239.05814,0.2,0.024,0.004,0.04833,4.84335,2.69433
B003,152,35.43615,7.01993,43.95247,243.43416,0.2,0.024,0.004,0.0383,4.65904,2.39164
B003,156,35.53124,7.04284,42.96958,244.88903,0.2,0.024,0.004,0.04183,4.25528,2.63184
B003,160,35.5729,7.03535,43.1904,244.59574,0.2,0.024,0.004,0.03897,4.5968,2.72186
B003,164,35.53915,7.05411,41.89173,243.82237,0.2,0.024,0.004,0.04092,4.8975,2.39666
B003,168,35.50502,7.03399,46.24071,245.5226,0.2,0.024,0.004,0.03911,4.38021,2.58174
B003,172,35.43527,7.04323,48.07515,246.00301,0.2,0.024,0.004,0.03978,4.4773,2.5941
B003,176,35.49776,7.0441,47.42306,246.97954,0.2,0.024,0.004,0.03983,4.56829,2.49546
B003,180,35.67652,7.03164,42.23566,245.42868,0.2,0.024,0.004,0.03708,4.23745,2.27174
B003,184,35.53378,7.06213,46.23225,250.80539,0.2,0.024,0.004,0.03816,4.14149,2.4099
B003,188,35.50784,7.05596,47.41758,255.21354,0.2,0.024,0.004,0.03041,3.59463,2.35777
B003,192,35.46976,7.04778,44.22342,249.77227,0.2,0.024,0.004,0.03748,4.24839,2.32097
B003,196,35.52553,7.03924,45.17246,253.17734,0.2,0.024,0.004,0.03425,3.98396,2.2071
B003,200,35.4924,7.06991,41.58658,249.00349,0.2,0.024,0.004,0.03487,3.78944,2.1525
B003,204,35.71632,7.0441,45.45345,251.78271,0.2,0.024,0.004,0.02949,3.81213,2.12753
B003,208,35.44244,7.04233,43.19195,249.11721,0.2,0.024,0.004,0.02951,3.63659,2.10845
B003,212,35.42459,7.05262,45.33938,254.60971,0.2,0.024,0.004,0.03071,3.62864,1.93906
B003,216,35.47085,7.09241,42.34596,252.78209,0.2,0.024,0.004,0.02966,3.75852,1.8446
B003,220,35.51794,7.01649,45.92286,254.80288,0.2,0.024,0.004,0.02955,3.35786,1.82168
B003,224,35.5266,7.06925,46.74167,251.17164,0.2,0.024,0.004,0.03048,3.7624,1.4963
B003,228,35.5542,7.00267,43.66859,251.96842,0.2,0.024,0.004,0.02413,3.1156,1.70033
B003,232,35.45828,7.05543,43.06723,251.96814,0.2,0.024,0.004,0.02899,3.32145,1.55998
B003,236,35.60409,7.08938,41.33476,257.30026,0.2,0.024,0.004,0.02648,3.67607,1.48305
B003,240,35.5484,7.06222,44.5471,259.74163,0.2,0.024,0.004,0.02551,3.46069,1.51362
B003,244,35.43193,7.05427,44.01129,253.36725,0.2,0.024,0.004,0.02247,3.15141,1.08633
B003,248,35.47603,7.03599,42.36327,253.55019,0.2,0.024,0.004,0.02596,3.00376,1.00884
B003,252,35.5268,7.05078,45.77013,257.95509,0.2,0.024,0.004,0.01971,2.87355,1.20663
B003,256,35.53848,7.0437,44.23505,259.92319,0.2,0.024,0.004,0.02547,3.07792,1.10431
B003,260,35.54824,7.03035,43.17125,257.87977,0.2,0.024,0.004,0.02087,2.90844,1.06053
B003,264,35.66969,7.04275,44.05723,260.30329,0.2,0.024,0.004,0.02369,2.90784,0.92331
B003,268,35.49026,7.05496,46.82122,258.79472,0.2,0.024,0.004,0.02312,2.8565,1.00096
B003,272,35.66087,7.03082,46.02499,262.44695,0.2,0.024,0.004,0.02553,2.83569,0.9795
B003,276,35.55809,7.02984,44.77896,258.60678,0.2,0.024,0.004,0.02272,2.4964,0.87587
B003,280,35.42007,7.01599,46.05248,262.11042,0.2,0.024,0.004,0.02162,2.58763,0.74053
B003,284,35.51384,7.05977,43.02645,257.03107,0.2,0.024,0.004,0.02199,2.80637,0.4767
B003,288,35.48558,7.06363,45.05503,263.24222,0.2,0.024,0.004,0.02559,2.43749,0.78336
B003,292,35.50726,7.05579,45.25045,265.61437,0.2,0.024,0.004,0.02422,2.56726,0.80259
B003,296,35.58647,7.07413,44.20128,263.51696,0.2,0.024,0.004,0.02252,2.36346,0.7016
B003,300,35.46351,7.0522,45.74028,266.31297,0.2,0.024,0.004,0.02302,2.49554,0.49012
B003,304,35.54887,7.0598,43.67326,264.2974,0.2,0.024,0.004,0.02061,2.29732,0.65093
B003,308,35.56323,7.0576,45.8667,269.13876,0.2,0.024,0.004,0.02482,2.69054,0.6505
B003,312,35.60333,7.04771,45.93816,272.13496,0.2,0.024,0.004,0.02088,2.36916,0.71402
B003,316,35.44806,7.03673,40.04083,262.94331,0.2,0.024,0.004,0.0263,2.12938,0.40391
B003,320,35.50741,7.10535,47.02352,265.69493,0.2,0.024,0.004,0.0255,2.41825,0.46612
B003,324,35.50688,7.0387,39.81902,266.21787,0.2,0.024,0.004,0.0305,2.23508,0.56917
B003,328,35.41203,7.03335,43.95272,269.9029,0.2,0.024,0.004,0.02405,2.0615,0.47436
B003,332,35.51207,7.06085,46.74309,271.53785,0.2,0.024,0.004,0.02662,2.2379,0.32297
B003,336,35.67487,7.0563,44.46061,271.23187,0.2,0.024,0.004,0.03102,2.15502,0.49779
B004,0,37.03132,7.05297,43.31512,218.81909,0.5,0.06,0.01,0.0,5.33781,0.75857
B004,4,37.0511,7.04001,46.6456,221.59463,0.5,0.06,0.01,0.0,5.73562,0.4944
B004,8,37.06001,7.04322,44.85217,223.81593,0.5,0.06,0.01,0.0,5.0975,0.26385
B004,12,36.94444,7.0495,45.57767,216.94912,0.5,0.06,0.01,0.0,5.09656,0.48146
B004,16,36.95732,7.03361,45.78237,225.06738,0.5,0.06,0.01,0.0,5.50779,0.7179
B004,20,36.95664,7.06728,46.6904,220.91787,0.5,0.06,0.01,0.0,5.50422,0.66205
B004,24,36.85429,7.0859,45.14062,228.85794,0.5,0.06,0.01,0.0,5.0779,0.65412
B004,28,36.98045,7.03839,47.39728,223.70871,0.5,0.06,0.01,0.0,5.05022,0.77702
B004,32,36.96579,7.06213,45.526,232.70422,0.5,0.06,0.01,0.0,5.22692,0.74918
B004,36,37.04447,7.04401,46.06111,224.0086,0.5,0.06,0.01,0.0,4.64912,0.87575
B004,40,37.03724,7.05914,43.58345,222.96739,0.5,0.06,0.01,0.0,4.68499,0.88216
B004,44,37.12036,7.08914,48.66972,224.61679,0.5,0.06,0.01,0.0,4.92147,1.00039
B004,48,37.04009,7.06272,45.7987,230.39793,0.5,0.06,0.01,0.04528,6.33491,0.91064
B004,52,36.95386,7.00566,46.2121,226.45155,0.5,0.06,0.01,0.04625,5.9537,1.02987
B004,56,37.11837,7.06135,42.26608,228.07439,0.5,0.06,0.01,0.04633,6.00445,0.94191
B004,60,36.93714,7.08082,43.60141,227.45111,0.5,0.06,0.01,0.04806,6.1855,0.96794
B004,64,37.08803,7.04446,47.1044,231.62682,0.5,0.06,0.01,0.04513,6.23941,1.30998
B004,68,37.04483,7.07489,45.48771,229.42744,0.5,0.06,0.01,0.04176,5.62418,1.19971
B004,72,37.04587,7.03275,41.74657,228.86932,0.5,0.06,0.01,0.04581,5.77815,1.34228
B004,76,36.93156,7.01286,46.76509,231.72611,0.5,0.06,0.01,0.04807,6.11779,1.33552
B004,80,37.13809,7.05353,44.07557,226.2533,0.5,0.06,0.01,0.04472,5.3841,1.32795
B004,84,37.02227,7.00609,47.39924,228.47187,0.5,0.06,0.01,0.04647,5.83878,1.4796
B004,88,36.94925,7.04401,44.85068,232.10671,0.5,0.06,0.01,0.04555,5.39949,1.73236
B004,92,36.96636,7.08217,45.348,232.19861,0.5,0.06,0.01,0.05,5.66434,1.70971
B004,96,37.00058,7.00226,47.00422,232.79423,0.5,0.06,0.01,0.04849,5.51667,1.52143
B004,100,36.87674,7.01801,43.47426,235.89675,0.5,0.06,0.01,0.04825,5.33376,1.78477
B004,104,37.05408,7.0242,43.31216,232.50639,0.5,0.06,0.01,0.04809,5.27717,2.10764
B004,108,37.00073,7.04842,44.66595,235.8512,0.5,0.06,0.01,0.04661,5.41905,1.94993
B004,112,37.14737,7.04086,46.40619,242.57349,0.5,0.06,0.01,0.04687,5.50704,1.83929
B004,116,36.86685,7.08498,42.73751,244.88178,0.5,0.06,0.01,0.04385,5.18089,2.35946
B004,120,36.92678,7.07386,42.16434,240.94202,0.5,0.06,0.01,0.04154,5.11109,2.28755
B004,124,37.04435,7.06238,46.40033,239.29202,0.5,0.06,0.01,0.04585,5.26118,2.26631
B004,128,37.09571,7.05364,43.97494,239.4262,0.5,0.06,0.01,0.0458,4.93408,2.29417
B004,132,36.98657,7.05983,44.33322,243.08819,0.5,0.06,0.01,0.04712,5.22716,2.52692
B004,136,37.04643,7.02845,41.84342,242.59544,0.5,0.06,0.01,0.04735,5.1993,2.38395
B004,140,36.94683,7.07143,43.84574,237.86421,0.5,0.06,0.01,0.04682,5.45908,2.63179
B004,144,35.45458,7.0222,44.98714,239.73754,0.5,0.06,0.01,0.04111,4.73204,2.59662
B004,148,35.60948,7.07088,46.58164,242.9302,0.5,0.06,0.01,0.04179,4.68638,2.5906
B004,152,35.43425,7.07965,43.68891,247.52613,0.5,0.06,0.01,0.04282,4.88486,2.60015
B004,156,35.49512,7.05527,47.81754,243.7785,0.5,0.06,0.01,0.04625,4.93168,2.57466
B004,160,35.47283,7.04559,43.83625,241.33063,0.5,0.06,0.01,0.04345,4.56987,2.72548
B004,164,35.38251,7.06001,43.83874,246.4986,0.5,0.06,0.01,0.042,4.5095,2.49182
B004,168,35.43733,6.97846,47.61351,254.37859,0.5,0.06,0.01,0.03824,4.53751,2.38805
B004,172,35.50517,7.05756,45.35948,247.51673,0.5,0.06,0.01,0.03649,4.19932,2.63497
B004,176,35.35252,7.04717,44.06156,244.36747,0.5,0.06,0.01,0.03906,4.29058,2.60731
B004,180,35.41411,7.04873,44.73627,241.31486,0.5,0.06,0.01,0.03449,4.21843,2.55163
B004,184,35.50936,7.06766,47.30023,240.87152,0.5,0.06,0.01,0.03542,4.3568,2.49792
B004,188,35.39422,7.04813,47.49254,246.58842,0.5,0.06,0.01,0.03487,4.00691,2.35858
B004,192,35.4335,7.02149,43.61145,249.98923,0.5,0.06,0.01,0.03749,3.8015,2.43324
B004,196,35.49985,7.04646,44.92786,250.3104,0.5,0.06,0.01,0.03279,3.62285,2.26925
B004,200,35.54092,7.05169,45.15327,250.42497,0.5,0.06,0.01,0.02783,3.56917,2.14721
B004,204,35.46822,7.05287,43.32339,249.60267,0.5,0.06,0.01,0.03294,3.63919,2.09486
B004,208,35.4346,7.05405,44.90534,252.46485,0.5,0.06,0.01,0.02977,3.72041,2.29783
B004,212,35.49248,7.07598,45.00905,249.81048,0.5,0.06,0.01,0.0305,3.50459,1.76739
B004,216,35.44702,7.02285,46.93836,248.7688,0.5,0.06,0.01,0.02952,3.51941,1.95374
B004,220,35.45516,7.05439,47.05262,248.7805,0.5,0.06,0.01,0.02844,3.4316,1.6091
B004,224,35.5817,7.08225,44.44034,251.98871,0.5,0.06,0.01,0.02989,3.47988,1.71382
B004,228,35.46729,7.00663,44.63628,254.32354,0.5,0.06,0.01,0.02459,3.61685,1.59105
B004,232,35.59141,7.05449,46.1293,254.86011,0.5,0.06,0.01,0.02601,3.48534,1.30984
B004,236,35.40407,7.03537,44.00518,257.03163,0.5,0.06,0.01,0.02783,3.36663,1.52497
B004,240,35.4612,7.04073,46.00069,261.66377,0.5,0.06,0.01,0.02469,3.15427,1.35273
B004,244,35.62607,7.02738,44.85056,262.09286,0.5,0.06,0.01,0.0222,3.04898,1.06877
B004,248,35.41842,7.04576,43.35202,259.93646,0.5,0.06,0.01,0.02629,3.24033,1.34645
B004,252,35.44224,7.09603,43.37338,258.47287,0.5,0.06,0.01,0.02679,3.25083,1.34597
B004,256,35.39816,7.01839,47.46,256.46663,0.5,0.06,0.01,0.02408,2.86669,1.28398
B004,260,35.4459,7.02076,44.73408,261.69567,0.5,0.06,0.01,0.01993,2.88482,1.08319
B004,264,35.56406,7.01745,47.7886,260.43046,0.5,0.06,0.01,0.02499,2.59113,0.9843
B004,268,35.59425,7.09319,44.12682,263.36916,0.5,0.06,0.01,0.02004,2.82313,1.08062
B004,272,35.43958,7.03844,45.49505,252.5814,0.5,0.06,0.01,0.02381,2.96842,1.06947
B004,276,35.35864,7.04936,49.06755,265.66488,0.5,0.06,0.01,0.0213,2.67011,0.95382
B004,280,35.4679,7.03993,43.20244,259.74783,0.5,0.06,0.01,0.02069,2.9843,0.65884
B004,284,35.63141,7.02639,41.77372,266.39548,0.5,0.06,0.01,0.02212,2.48635,0.75378
B004,288,35.50196,7.04412,47.1872,262.31979,0.5,0.06,0.01,0.02268,2.65013,0.74379
B004,292,35.55808,7.11146,43.59442,267.30781,0.5,0.06,0.01,0.02185,2.5359,0.43883
B004,296,35.40643,7.0848,44.9648,266.66459,0.5,0.06,0.01,0.02447,2.54167,0.68057
B004,300,35.47643,7.02868,44.00394,257.45171,0.5,0.06,0.01,0.0226,2.44444,0.86843
B004,304,35.32975,7.06619,45.45588,262.54565,0.5,0.06,0.01,0.02571,2.51392,0.64686
B004,308,35.5425,7.02921,43.38409,266.5414,0.5,0.06,0.01,0.02461,2.57188,0.72404
B004,312,35.51475,7.00559,44.6941,272.65283,0.5,0.06,0.01,0.023,2.57908,0.54891
B004,316,35.50227,7.07549,45.76469,262.60015,0.5,0.06,0.01,0.02306,2.28421,0.50026
B004,320,35.61279,7.079,43.28587,265.95516,0.5,0.06,0.01,0.02195,2.35538,0.53904
B004,324,35.66251,7.07615,43.80986,268.50258,0.5,0.06,0.01,0.02631,2.14339,0.3816
B004,328,35.58224,7.03825,44.40945,269.04009,0.5,0.06,0.01,0.02555,2.34051,0.35182
B004,332,35.49754,7.04583,42.57101,268.04791,0.5,0.06,0.01,0.02208,1.93077,0.609
B004,336,35.50953,7.06874,44.28165,271.354,0.5,0.06,0.01,0.02635,2.32315,0.61272
B005,0,37.08028,6.99944,45.99492,223.23795,0.2,0.024,0.004,0.0,5.98092,0.39097
B005,4,37.05087,7.05324,45.10903,217.02855,0.2,0.024,0.004,0.0,5.40457,0.54019
B005,8,37.01292,7.04105,43.85445,226.14434,0.2,0.024,0.004,0.0,5.14174,0.55795
B005,12,36.9855,7.02235,44.55585,223.14315,0.2,0.024,0.004,0.0,5.23032,0.60545
B005,16,37.04367,7.05164,45.03229,219.29013,0.2,0.024,0.004,0.0,5.29872,0.61051
B005,20,37.04086,7.05288,44.94105,218.81849,0.2,0.024,0.004,0.0,5.3584,0.49442
B005,24,36.94995,7.07361,41.79453,226.82717,0.2,0.024,0.004,0.0,5.31186,0.46226
B005,28,37.00101,7.05342,44.32428,226.17046,0.2,0.024,0.004,0.0,5.28579,0.76066
B005,32,36.94181,7.08071,45.09555,224.92101,0.2,0.024,0.004,0.0,4.99993,0.71335
B005,36,36.97502,7.0502,44.52167,220.64319,0.2,0.024,0.004,0.0,5.12928,0.86755
B005,40,36.92636,7.04712,44.5804,230.70462,0.2,0.024,0.004,0.0,4.86231,0.76646
B005,44,37.03078,7.07661,45.82959,222.62924,0.2,0.024,0.004,0.0,4.86046,0.64917
B005,48,36.87677,7.02554,43.16577,226.86351,0.2,0.024,0.004,0.04256,5.8229,0.98352
B005,52,37.0377,7.12036,42.23233,223.79284,0.2,0.024,0.004,0.0432,5.7422,0.8768
B005,56,37.075,7.05938,44.40811,227.3952,0.2,0.024,0.004,0.04612,6.17261,1.01981
B005,60,37.06905,7.05952,46.29899,226.55749,0.2,0.024,0.004,0.04277,5.9733,0.96242
B005,64,37.01416,7.06313,47.86884,230.65601,0.2,0.024,0.004,0.0437,6.00021,1.30248
B005,68,36.98768,7.09693,46.32962,231.41364,0.2,0.024,0.004,0.04618,5.84553,1.06858
B005,72,36.97869,7.06981,42.50395,228.85282,0.2,0.024,0.004,0.04812,5.97891,1.20521
B005,76,36.94059,7.00987,44.60498,227.84595,0.2,0.024,0.004,0.04893,5.49411,1.33356
B005,80,37.0827,7.08509,45.43628,226.8877,0.2,0.024,0.004,0.04533,5.82868,1.26727
B005,84,37.07415,7.04148,45.3019,231.84183,0.2,0.024,0.004,0.0487,5.74139,1.51795
B005,88,36.98308,7.05268,45.91682,234.42925,0.2,0.024,0.004,0.04537,5.69105,1.75347
B005,92,37.0465,7.01802,43.44102,231.32097,0.2,0.024,0.004,0.05064,5.7305,1.58423
B005,96,37.05742,7.06316,45.1104,234.74011,0.2,0.024,0.004,0.04473,5.28851,1.77423
B005,100,37.05739,7.03372,45.71455,231.42897,0.2,0.024,0.004,0.0496,5.2704,1.48066
B005,104,37.03925,7.0525,46.40364,238.15258,0.2,0.024,0.004,0.04553,5.26205,1.88909
B005,108,37.05806,7.0429,43.63028,238.55486,0.2,0.024,0.004,0.05071,5.5735,1.93803
B005,112,37.02906,7.09813,44.41323,236.58276,0.2,0.024,0.004,0.04766,5.47175,1.95713
B005,116,36.95133,7.09956,40.40351,231.70619,0.2,0.024,0.004,0.04419,4.96647,2.26207
B005,120,37.02717,7.05116,43.94351,238.55816,0.2,0.024,0.004,0.04487,5.00508,2.16651
B005,124,37.00628,7.0516,44.10849,238.415,0.2,0.024,0.004,0.04712,5.05974,2.25342
B005,128,37.02472,7.04066,43.26671,245.29701,0.2,0.024,0.004,0.04726,5.08109,2.29348
B005,132,36.91811,7.07765,45.28154,240.40962,0.2,0.024,0.004,0.04456,4.78484,2.16702
B005,136,36.93603,7.04178,44.90489,238.75899,0.2,0.024,0.004,0.0443,4.71951,2.31315
B005,140,36.99603,7.03947,41.15934,245.04197,0.2,0.024,0.004,0.04519,4.80191,2.60933
B005,144,35.64408,7.07446,45.36636,242.94443,0.2,0.024,0.004,0.04337,4.87175,2.27836
B005,148,35.358,7.03654,43.42185,246.38827,0.2,0.024,0.004,0.03991,4.50927,2.46928
B005,152,35.57746,7.04906,45.82567,250.05342,0.2,0.024,0.004,0.04023,4.66094,2.53472
B005,156,35.38884,7.01047,42.82085,247.77451,0.2,0.024,0.004,0.04166,4.85995,2.80489
B005,160,35.50561,7.0676,45.05101,246.4183,0.2,0.024,0.004,0.04292,4.41864,2.69223
B005,164,35.36818,7.09852,44.51862,249.00425,0.2,0.024,0.004,0.043,4.56974,2.5288
B005,168,35.56292,7.06803,45.51527,245.08327,0.2,0.024,0.004,0.04058,4.68293,2.73923
B005,172,35.35178,7.08654,45.21199,248.38528,0.2,0.024,0.004,0.03883,4.33152,2.47237
B005,176,35.59533,7.02885,44.56622,244.29597,0.2,0.024,0.004,0.03898,4.25921,2.65265
B005,180,35.52786,7.05591,42.38834,246.20338,0.2,0.024,0.004,0.03536,4.43343,2.33093
B005,184,35.52626,7.02642,42.48875,245.71727,0.2,0.024,0.004,0.03559,4.12668,2.57778
B005,188,35.42933,7.04431,44.00739,251.35622,0.2,0.024,0.004,0.03345,4.27908,2.34831
B005,192,35.49489,7.06931,44.98592,254.86633,0.2,0.024,0.004,0.0318,4.06826,2.21532
B005,196,35.55815,7.05255,43.96598,252.9718,0.2,0.024,0.004,0.03417,3.94054,2.24866
B005,200,35.44778,7.01468,46.06286,249.61824,0.2,0.024,0.004,0.03308,4.01345,2.23894
B005,204,35.48628,7.01712,44.52532,246.72776,0.2,0.024,0.004,0.03331,3.9424,2.07292
B005,208,35.47891,7.01547,43.35948,255.20914,0.2,0.024,0.004,0.03226,3.99425,2.12183
B005,212,35.51899,7.06229,44.52724,247.76182,0.2,0.024,0.004,0.0309,3.62989,1.90563
B005,216,35.37553,7.1016,45.38396,257.39433,0.2,0.024,0.004,0.0308,3.68549,1.96821
B005,220,35.61385,7.08406,45.5523,251.82084,0.2,0.024,0.004,0.0289,3.57141,1.86366
B005,224,35.60939,7.0026,48.19324,253.75496,0.2,0.024,0.004,0.02913,3.66705,1.7195
B005,228,35.61436,7.08553,43.86285,254.97008,0.2,0.024,0.004,0.02621,3.2346,1.59012
B005,232,35.56826,7.07341,44.87509,256.95728,0.2,0.024,0.004,0.02778,3.59358,1.57823
B005,236,35.54986,7.01137,45.72441,256.4438,0.2,0.024,0.004,0.0278,3.44689,1.54431
B005,240,35.48137,7.04242,44.96018,261.7463,0.2,0.024,0.004,0.02458,2.99743,1.64575
B005,244,35.46564,7.07739,44.14895,257.54424,0.2,0.024,0.004,0.02552,3.42748,1.4334
B005,248,35.48649,7.06376,42.36626,252.45414,0.2,0.024,0.004,0.02371,3.51886,1.36282
B005,252,35.50076,7.01727,44.13158,254.4983,0.2,0.024,0.004,0.02349,3.24353,1.54439
B005,256,35.36125,7.06527,43.17471,258.81062,0.2,0.024,0.004,0.02192,3.23292,1.16708
B005,260,35.53903,6.99656,42.06477,260.58009,0.2,0.024,0.004,0.02638,3.05495,1.09827
B005,264,35.54537,7.04443,43.64735,253.80223,0.2,0.024,0.004,0.02571,2.67573,1.06325
B005,268,35.44504,7.07845,43.21994,260.43902,0.2,0.024,0.004,0.02444,2.56294,0.80017
B005,272,35.44934,7.05046,45.99244,262.48462,0.2,0.024,0.004,0.02714,2.96032,0.81431
B005,276,35.51094,7.03753,46.02186,260.05513,0.2,0.024,0.004,0.0227,2.64887,0.75705
B005,280,35.41599,7.07223,43.46341,262.80332,0.2,0.024,0.004,0.02908,2.70228,0.84954
B005,284,35.40298,7.07437,44.55761,263.88244,0.2,0.024,0.004,0.02255,2.64439,0.70872
B005,288,35.71012,7.08275,41.84099,267.25051,0.2,0.024,0.004,0.02356,2.74372,0.70764
B005,292,35.60262,7.07186,44.15962,261.43073,0.2,0.024,0.004,0.02235,2.29318,0.78648
B005,296,35.44406,7.07703,45.67827,263.90305,0.2,0.024,0.004,0.02404,2.46811,0.72783
B005,300,35.41504,7.06832,46.40239,261.31969,0.2,0.024,0.004,0.02516,2.80088,0.57627
B005,304,35.49596,7.05664,43.78782,262.92541,0.2,0.024,0.004,0.02352,2.24638,0.48967
B005,308,35.44072,7.05224,46.78815,263.85643,0.2,0.024,0.004,0.0276,2.65058,0.68347
B005,312,35.54179,7.04407,42.42332,266.10362,0.2,0.024,0.004,0.02488,2.29067,0.61983
B005,316,35.53764,7.01969,42.87903,269.40459,0.2,0.024,0.004,0.02534,2.43968,0.3163
B005,320,35.48823,7.02612,46.20643,268.24182,0.2,0.024,0.004,0.02342,2.44307,0.45571
B005,324,35.43746,7.04295,47.84091,266.01795,0.2,0.024,0.004,0.02656,2.40953,0.49936
B005,328,35.56153,7.05604,45.83883,270.53483,0.2,0.024,0.004,0.02599,2.37732,0.56094
B005,332,35.53642,7.08602,44.93142,270.64256,0.2,0.024,0.004,0.02561,1.94884,0.56626
B005,336,35.5037,7.04896,41.26819,272.48924,0.2,0.024,0.004,0.02587,2.31526,0.48211
B006,0,36.91611,7.08345,44.7275,217.74389,0.5,0.06,0.01,0.0,5.22598,0.54608
B006,4,36.94981,7.07631,47.40705,224.99698,0.5,0.06,0.01,0.0,5.41041,0.65264
B006,8,36.97858,7.0614,42.93314,219.89972,0.5,0.06,0.01,0.0,5.11272,0.41799
B006,12,37.03859,7.01671,43.59814,216.29047,0.5,0.06,0.01,0.0,5.79634,0.58125
B006,16,36.93676,7.0168,40.55927,225.34322,0.5,0.06,0.01,0.0,5.02092,0.44598
B006,20,36.86101,7.06333,44.18244,226.35272,0.5,0.06,0.01,0.0,5.07139,0.55909
B006,24,37.12089,7.01636,44.32741,222.49163,0.5,0.06,0.01,0.0,5.02469,0.54141
B006,28,36.94631,7.04436,44.13304,222.76719,0.5,0.06,0.01,0.0,4.8946,0.72821
B006,32,36.93605,7.0576,46.88305,225.82794,0.5,0.06,0.01,0.0,5.35947,0.6096
B006,36,37.09264,7.02156,46.46305,224.84766,0.5,0.06,0.01,0.0,5.50404,0.85102
B006,40,36.8983,7.02439,45.13236,222.75188,0.5,0.06,0.01,0.0,4.93437,0.74234
B006,44,37.03157,7.04765,44.36996,232.13235,0.5,0.06,0.01,0.0,4.73432,0.73984
B006,48,37.0315,7.06259,46.74452,226.03931,0.5,0.06,0.01,0.04136,5.5553,0.71718
B006,52,37.11268,7.07654,44.96641,220.18238,0.5,0.06,0.01,0.04221,5.88734,0.95163
B006,56,37.06383,7.06518,43.60894,227.00877,0.5,0.06,0.01,0.04893,5.99431,1.0862
B006,60,36.96717,7.05184,42.08238,234.07695,0.5,0.06,0.01,0.04474,5.78132,1.07291
B006,64,36.94287,7.03135,44.24977,227.55979,0.5,0.06,0.01,0.04396,5.87079,1.37383
B006,68,36.98957,7.02323,46.28289,231.44154,0.5,0.06,0.01,0.04873,5.97343,1.34534
B006,72,36.96465,7.03723,48.87012,226.07842,0.5,0.06,0.01,0.04675,5.86286,1.2088
B006,76,36.97909,7.06025,45.10474,229.42151,0.5,0.06,0.01,0.04761,5.72124,1.28251
B006,80,37.13421,7.05842,43.6989,231.43542,0.5,0.06,0.01,0.04639,5.50139,1.4547
B006,84,36.96453,6.9975,42.98556,235.88843,0.5,0.06,0.01,0.04619,5.76655,1.37772
B006,88,36.94221,7.03036,45.93832,231.41582,0.5,0.06,0.01,0.0466,5.61115,1.7
B006,92,37.00082,7.08011,42.00015,233.80081,0.5,0.06,0.01,0.04423,5.66156,1.68647
B006,96,37.02077,7.05198,45.93559,240.67501,0.5,0.06,0.01,0.04682,5.66069,1.75759
B006,100,37.00348,7.01457,46.39011,235.73784,0.5,0.06,0.01,0.04754,5.23251,1.89303
B006,104,36.99771,7.1089,45.74168,235.44216,0.5,0.06,0.01,0.05054,5.25741,2.1005
B006,108,37.04904,7.04928,44.62658,234.57376,0.5,0.06,0.01,0.04686,5.23946,1.99611
B006,112,36.92419,7.05961,45.9604,245.87134,0.5,0.06,0.01,0.04181,5.01113,2.04179
B006,116,36.94273,7.05999,45.2906,237.70043,0.5,0.06,0.01,0.04603,5.39475,2.31334
B006,120,36.88035,7.04081,43.67719,238.34941,0.5,0.06,0.01,0.05139,5.408,2.32177
B006,124,37.04547,7.03181,48.1457,233.28639,0.5,0.06,0.01,0.04729,5.39204,2.2362
B006,128,37.14695,7.10304,44.40215,235.62436,0.5,0.06,0.01,0.04353,5.12359,2.33936
B006,132,37.12228,7.07508,46.31878,242.86463,0.5,0.06,0.01,0.04588,5.10066,2.42049
B006,136,37.04619,7.07055,40.88836,237.83505,0.5,0.06,0.01,0.04273,5.1521,2.49241
B006,140,37.01213,7.06441,47.17,239.58724,0.5,0.06,0.01,0.04097,4.92879,2.3312
B006,144,35.50232,7.02492,47.4969,240.85038,0.5,0.06,0.01,0.04241,4.84448,2.34646
B006,148,35.45517,7.08194,45.05072,243.27538,0.5,0.06,0.01,0.04268,5.05751,2.45475
B006,152,35.4285,7.02892,45.94991,236.03447,0.5,0.06,0.01,0.03811,4.64956,2.46692
B006,156,35.53257,7.05708,45.94948,244.95731,0.5,0.06,0.01,0.03889,4.54541,2.5184
B006,160,35.48403,7.00902,43.90727,240.55629,0.5,0.06,0.01,0.04051,4.44189,2.67617
B006,164,35.50711,6.99898,45.93011,240.2064,0.5,0.06,0.01,0.03895,4.63224,2.57539
B006,168,35.41782,7.05796,43.62533,242.94791,0.5,0.06,0.01,0.03981,4.70191,2.60625
B006,172,35.5282,7.02977,43.96511,246.81698,0.5,0.06,0.01,0.03583,4.3226,2.41432
B006,176,35.47042,7.00027,46.9158,244.61088,0.5,0.06,0.01,0.03891,4.59616,2.47616
B006,180,35.32509,7.06352,46.65692,249.90622,0.5,0.06,0.01,0.03433,3.84355,2.56447
B006,184,35.53586,7.103,43.79916,247.0625,0.5,0.06,0.01,0.03918,4.26161,2.52038
B006,188,35.48902,7.08474,43.75292,250.40843,0.5,0.06,0.01,0.03167,4.02847,2.31009
B006,192,35.37562,7.04357,43.90249,247.03036,0.5,0.06,0.01,0.03211,3.868,2.35814
B006,196,35.3789,7.05022,46.24549,249.00296,0.5,0.06,0.01,0.03434,4.43554,2.53858
B006,200,35.4622,7.07219,43.30003,246.02685,0.5,0.06,0.01,0.03604,3.98913,2.20355
B006,204,35.65558,7.07805,45.60641,251.53762,0.5,0.06,0.01,0.03256,3.7927,2.04911
B006,208,35.53799,7.04141,46.26964,249.12396,0.5,0.06,0.01,0.03229,3.816,2.0345
B006,212,35.55778,7.05085,44.84998,250.6587,0.5,0.06,0.01,0.03045,3.35683,1.98665
B006,216,35.47733,7.05752,46.71711,254.23301,0.5,0.06,0.01,0.02764,3.46215,1.87562
B006,220,35.41397,7.06385,44.48267,250.2305,0.5,0.06,0.01,0.028,3.73709,1.80683
B006,224,35.40705,7.04667,44.63645,254.35089,0.5,0.06,0.01,0.02588,3.34585,1.5536
B006,228,35.50528,7.047,43.33868,252.80676,0.5,0.06,0.01,0.0251,3.24231,1.52757
B006,232,35.41887,7.0845,46.7292,251.00021,0.5,0.06,0.01,0.02785,3.64784,1.54212
B006,236,35.49612,7.08024,43.69692,254.00324,0.5,0.06,0.01,0.02421,3.51461,1.45845
B006,240,35.44515,7.06194,45.59461,260.64127,0.5,0.06,0.01,0.02656,3.377,1.33039
B006,244,35.49556,7.09298,44.87876,251.50713,0.5,0.06,0.01,0.02281,3.06039,1.29943
B006,248,35.61427,7.04034,43.21027,256.79454,0.5,0.06,0.01,0.02555,3.11962,1.25302
B006,252,35.55971,7.09057,43.96452,255.54391,0.5,0.06,0.01,0.02356,2.92035,1.2805
B006,256,35.48681,7.06356,47.35088,255.79944,0.5,0.06,0.01,0.02699,2.92358,1.09326
B006,260,35.59888,7.13178,45.34282,259.93423,0.5,0.06,0.01,0.0245,2.80449,1.08801
B006,264,35.52936,7.02019,43.28444,263.67455,0.5,0.06,0.01,0.02605,2.87206,0.91378
B006,268,35.41969,7.03277,45.51906,262.3826,0.5,0.06,0.01,0.02185,2.64398,0.98989
B006,272,35.51365,7.06047,44.75161,256.62846,0.5,0.06,0.01,0.0233,2.53714,0.91267
B006,276,35.4849,7.05993,50.87188,256.91766,0.5,0.06,0.01,0.02111,2.75533,0.92169
B006,280,35.49575,7.09875,45.48471,257.03388,0.5,0.06,0.01,0.02219,2.73686,0.85744
B006,284,35.54231,7.03329,44.35294,263.73389,0.5,0.06,0.01,0.02248,2.9601,0.80027
B006,288,35.65264,7.07262,47.41405,265.74362,0.5,0.06,0.01,0.02159,2.46356,0.67924
B006,292,35.52665,7.07906,41.87024,257.32525,0.5,0.06,0.01,0.02071,2.56709,0.68537
B006,296,35.49703,7.06762,45.16034,261.33921,0.5,0.06,0.01,0.02046,2.51591,0.75187
B006,300,35.5081,7.02598,48.39053,261.76679,0.5,0.06,0.01,0.01881,2.32464,0.51743
B006,304,35.53394,7.08519,44.80246,265.65798,0.5,0.06,0.01,0.02163,2.52679,0.49466
B006,308,35.61203,7.08073,42.05339,266.2202,0.5,0.06,0.01,0.0253,2.5761,0.569
B006,312,35.43851,7.06499,44.32694,266.05934,0.5,0.06,0.01,0.0212,2.34497,0.57679
B006,316,35.45025,7.05511,47.47268,266.59662,0.5,0.06,0.01,0.02206,2.21349,0.41015
B006,320,35.45394,7.05565,45.63932,268.63634,0.5,0.06,0.01,0.02882,2.31619,0.48432
B006,324,35.53054,7.04803,43.57394,268.43988,0.5,0.06,0.01,0.02445,1.97715,0.46822
B006,328,35.58691,7.06602,43.83509,267.34906,0.5,0.06,0.01,0.0269,2.09136,0.20164
B006,332,35.57889,7.05078,44.04851,271.41549,0.5,0.06,0.01,0.02811,2.1067,0.4307
B006,336,35.49904,7.02879,45.61404,269.45519,0.5,0.06,0.01,0.02875,1.98443,0.42916
B007,0,36.96043,7.05457,45.98706,222.48176,0.2,0.024,0.004,0.0,5.5306,0.22441
B007,4,37.0343,7.10266,42.65723,223.83244,0.2,0.024,0.004,0.0,5.40948,0.46245
B007,8,36.97254,7.08101,44.1993,223.54204,0.2,0.024,0.004,0.0,5.23397,0.52652
B007,12,37.00398,7.06963,43.85706,219.1218,0.2,0.024,0.004,0.0,5.53454,0.4535
B007,16,36.97936,7.02595,47.49853,221.50154,0.2,0.024,0.004,0.0,5.38483,0.67805
B007,20,36.94427,7.03718,44.00412,224.28545,0.2,0.024,0.004,0.0,5.17935,0.69327
B007,24,37.01877,7.04763,46.28874,218.82805,0.2,0.024,0.004,0.0,5.23819,0.61852
B007,28,37.06247,7.03061,43.89429,220.38714,0.2,0.024,0.004,0.0,5.14891,0.6235
B007,32,36.88708,7.06251,44.23055,229.8233,0.2,0.024,0.004,0.0,4.95983,0.67762
B007,36,37.02813,7.05892,44.58256,224.14228,0.2,0.024,0.004,0.0,5.08069,0.71705
B007,40,36.92528,7.02279,47.18254,224.46868,0.2,0.024,0.004,0.0,4.90822,0.76242
B007,44,36.90475,7.07992,41.78725,229.25024,0.2,0.024,0.004,0.0,4.80191,0.79523
B007,48,36.93786,7.05256,42.76337,230.4806,0.2,0.024,0.004,0.04433,5.74024,0.89787
B007,52,36.99034,7.00677,41.68958,227.28964,0.2,0.024,0.004,0.04235,5.8702,1.01163
B007,56,37.06598,7.04872,43.15125,222.74109,0.2,0.024,0.004,0.03977,5.92422,0.83114
B007,60,37.09295,7.05703,43.62028,231.4618,0.2,0.024,0.004,0.04414,5.75855,0.91403
B007,64,37.10016,7.07432,42.25538,229.44184,0.2,0.024,0.004,0.04703,6.36145,0.89534
B007,68,37.08111,7.04156,43.75195,225.78627,0.2,0.024,0.004,0.04516,5.97252,1.27774
B007,72,37.05704,7.0707,41.57499,228.48651,0.2,0.024,0.004,0.04779,6.06545,1.27574
B007,76,37.03009,7.05468,43.26942,225.97529,0.2,0.024,0.004,0.04675,5.89981,1.3813
B007,80,36.82983,7.01712,47.04071,236.11716,0.2,0.024,0.004,0.04924,6.1045,1.2268
B007,84,37.0723,7.01462,45.6861,229.45211,0.2,0.024,0.004,0.04623,5.50621,1.69248
B007,88,36.99976,7.07806,45.3187,236.25852,0.2,0.024,0.004,0.04787,5.17982,1.48698
B007,92,37.03354,7.0799,43.29528,234.24467,0.2,0.024,0.004,0.048,5.51578,1.66327
B007,96,37.08761,7.05807,42.38866,232.20786,0.2,0.024,0.004,0.05,5.69843,1.82934
B007,100,37.00583,7.08739,43.06343,235.10322,0.2,0.024,0.004,0.04353,5.41556,1.69216
B007,104,36.91613,7.07642,44.92654,238.00539,0.2,0.024,0.004,0.04593,5.44971,1.8282
B007,108,36.92189,7.06709,46.4759,235.5453,0.2,0.024,0.004,0.04838,5.65134,1.99709
B007,112,36.97638,7.02722,46.53402,237.87431,0.2,0.024,0.004,0.04957,5.46403,2.39825
B007,116,36.83047,7.09329,46.07204,240.07273,0.2,0.024,0.004,0.0467,5.41931,2.16843
B007,120,36.94584,7.06341,43.74615,241.65989,0.2,0.024,0.004,0.04533,5.02403,2.39842
B007,124,37.09911,7.04035,45.04173,238.71714,0.2,0.024,0.004,0.04707,4.99155,2.4194
B007,128,37.03323,7.03329,44.45372,239.40988,0.2,0.024,0.004,0.04689,5.42675,2.3829
B007,132,37.06783,7.05642,44.65798,237.74341,0.2,0.024,0.004,0.04398,5.03373,2.27834
B007,136,36.92128,7.00822,48.46312,238.48427,0.2,0.024,0.004,0.04487,4.87758,2.57616
B007,140,37.00798,7.06749,42.0046,240.33754,0.2,0.024,0.004,0.04604,4.8591,2.31422
B007,144,35.55682,7.02616,44.60105,245.5142,0.2,0.024,0.004,0.04689,4.82732,2.72366
B007,148,35.52437,7.05927,47.05997,243.63941,0.2,0.024,0.004,0.04398,4.69597,2.58524
B007,152,35.39278,7.03696,42.50798,242.79649,0.2,0.024,0.004,0.04195,4.49367,2.26466
B007,156,35.54074,7.04339,43.90563,242.64173,0.2,0.024,0.004,0.04108,4.38487,2.5548
B007,160,35.58606,7.03108,44.10063,250.93549,0.2,0.024,0.004,0.0416,4.58495,2.67847
B007,164,35.42423,7.04597,44.62041,241.53374,0.2,0.024,0.004,0.03953,4.41359,2.56722
B007,168,35.42978,7.09723,42.28687,250.0186,0.2,0.024,0.004,0.0394,4.66827,2.66849
B007,172,35.5712,7.08463,46.01199,244.66029,0.2,0.024,0.004,0.03614,4.3923,2.45923
B007,176,35.47919,7.05886,46.13269,248.22637,0.2,0.024,0.004,0.04008,4.43764,2.37484
B007,180,35.48496,7.04937,45.86424,246.2951,0.2,0.024,0.004,0.03441,4.06657,2.48542
B007,184,35.50085,7.07111,43.52036,249.98607,0.2,0.024,0.004,0.03503,4.14607,2.45278
B007,188,35.63172,7.07825,45.14707,249.95646,0.2,0.024,0.004,0.03529,4.19134,2.35524
B007,192,35.56427,7.02925,43.47095,248.20044,0.2,0.024,0.004,0.03828,4.28195,2.48601
B007,196,35.47375,7.04806,44.43459,249.15131,0.2,0.024,0.004,0.03266,3.94754,2.17269
B007,200,35.45916,7.00445,48.6609,254.44521,0.2,0.024,0.004,0.03138,4.07877,2.24324
B007,204,35.53839,7.07808,45.16268,254.71952,0.2,0.024,0.004,0.03083,3.82423,2.14045
B007,208,35.52107,7.10163,42.9812,251.44416,0.2,0.024,0.004,0.03449,4.00884,1.86854
B007,212,35.42507,7.052,45.30657,251.83579,0.2,0.024,0.004,0.02479,3.48767,1.81731
B007,216,35.50104,6.99687,42.70195,248.29866,0.2,0.024,0.004,0.02768,3.27384,1.89519
B007,220,35.45349,7.06522,42.96168,254.40661,0.2,0.024,0.004,0.03445,3.76949,2.04834
B007,224,35.48543,7.0274,43.23009,244.99114,0.2,0.024,0.004,0.02949,3.67976,1.79632
B007,228,35.46122,7.03342,44.24467,257.43697,0.2,0.024,0.004,0.02545,3.50371,1.43601
B007,232,35.36546,7.06566,46.59285,255.13807,0.2,0.024,0.004,0.02696,3.46594,1.18678
B007,236,35.62682,7.05636,45.98328,253.11816,0.2,0.024,0.004,0.0266,3.27015,1.56625
B007,240,35.50017,7.0378,45.88909,252.08795,0.2,0.024,0.004,0.02761,3.16505,1.38679
B007,244,35.55292,7.03376,43.13183,253.97311,0.2,0.024,0.004,0.0291,3.39869,1.45762
B007,248,35.44822,7.05315,44.07977,258.68479,0.2,0.024,0.004,0.02573,3.24409,1.14001
B007,252,35.45007,7.03976,45.4624,251.44827,0.2,0.024,0.004,0.02346,2.96158,1.2158
B007,256,35.49574,7.02227,43.93186,253.95936,0.2,0.024,0.004,0.02575,3.27136,1.20671
B007,260,35.6293,7.04169,44.52678,259.53036,0.2,0.024,0.004,0.02246,2.78247,0.98642
B007,264,35.42759,7.05849,45.75031,257.5041,0.2,0.024,0.004,0.02151,2.76482,0.92764
B007,268,35.55811,7.04555,44.40709,259.92387,0.2,0.024,0.004,0.01984,3.07457,0.92427
B007,272,35.46544,7.01466,45.3843,257.93051,0.2,0.024,0.004,0.02006,2.89388,0.9327
B007,276,35.66478,7.07473,47.70764,260.83375,0.2,0.024,0.004,0.02128,2.65563,0.81607
B007,280,35.66925,6.98153,44.70784,266.18056,0.2,0.024,0.004,0.02066,2.70815,0.88871
B007,284,35.36074,7.03884,47.00487,260.60214,0.2,0.024,0.004,0.02363,2.71059,0.67419
B007,288,35.44648,7.0345,45.95093,262.96046,0.2,0.024,0.004,0.02065,2.06597,0.53164
B007,292,35.54932,7.0537,42.50569,263.79528,0.2,0.024,0.004,0.01686,2.25421,0.89322
B007,296,35.50881,7.06404,43.12637,261.26557,0.2,0.024,0.004,0.0212,2.46894,0.55169
B007,300,35.50852,7.07817,43.58289,266.5342,0.2,0.024,0.004,0.02255,2.39954,0.52746
B007,304,35.52621,7.03219,43.54678,267.3106,0.2,0.024,0.004,0.02253,2.45984,0.56217
B007,308,35.61301,7.06466,44.84651,269.0109,0.2,0.024,0.004,0.02709,2.68447,0.55529
B007,312,35.5057,7.0549,46.04489,263.28472,0.2,0.024,0.004,0.02317,2.27741,0.48056
B007,316,35.42514,7.00721,47.13377,263.8354,0.2,0.024,0.004,0.02656,2.18158,0.50695
B007,320,35.36791,7.09751,45.5239,267.29515,0.2,0.024,0.004,0.0252,2.34853,0.48852
B007,324,35.38243,7.01403,44.24234,265.59842,0.2,0.024,0.004,0.02564,2.19426,0.50048
B007,328,35.46849,7.06049,41.46019,265.19225,0.2,0.024,0.004,0.02458,2.15051,0.18458
B007,332,35.53038,7.05975,45.12,272.02067,0.2,0.024,0.004,0.0267,2.13108,0.68275
B007,336,35.45605,7.05689,45.04381,269.08892,0.2,0.024,0.004,0.02589,2.5189,0.43036
B008,0,36.97311,7.0511,43.68557,214.42454,0.5,0.06,0.01,0.0,5.55172,0.37501
B008,4,37.06126,7.05984,45.8655,223.99695,0.5,0.06,0.01,0.0,5.56374,0.58952
B008,8,37.04668,7.01424,47.2799,223.16105,0.5,0.06,0.01,0.0,5.48274,0.46303
B008,12,37.04166,7.06943,42.93809,224.40542,0.5,0.06,0.01,0.0,5.56762,0.54921
B008,16,36.8545,7.06503,44.78863,217.89682,0.5,0.06,0.01,0.0,4.99064,0.7401
B008,20,36.94112,7.0363,45.33308,222.61054,0.5,0.06,0.01,0.0,5.4739,0.69257
B008,24,37.03105,7.04569,46.46978,224.57404,0.5,0.06,0.01,0.0,5.15582,0.71975
B008,28,36.93217,7.00125,44.41588,223.63526,0.5,0.06,0.01,0.0,5.29567,0.88504
B008,32,37.02574,7.04169,42.34152,214.57386,0.5,0.06,0.01,0.0,4.87778,0.60658
B008,36,37.1929,7.05018,46.05604,227.09923,0.5,0.06,0.01,0.0,5.06889,0.61132
B008,40,36.95234,7.05422,46.91215,231.78211,0.5,0.06,0.01,0.0,5.06253,0.68517
B008,44,36.97221,7.05947,44.85959,226.99756,0.5,0.06,0.01,0.0,5.18004,0.78725
B008,48,36.96103,7.05611,45.68891,232.15598,0.5,0.06,0.01,0.04056,5.65253,0.58503
B008,52,36.99565,7.04339,44.19336,231.13117,0.5,0.06,0.01,0.04284,5.95244,0.89635
B008,56,37.20308,7.05715,43.56219,229.35223,0.5,0.06,0.01,0.04296,5.70672,0.91342
B008,60,37.00934,7.07505,46.74492,229.51188,0.5,0.06,0.01,0.04514,5.99952,1.13416
B008,64,37.10483,7.04761,45.65874,227.80241,0.5,0.06,0.01,0.04876,6.09097,1.14746
B008,68,36.97773,7.05794,45.83363,225.58767,0.5,0.06,0.01,0.04992,6.16357,1.10169
B008,72,36.90529,7.04535,47.5536,229.2466,0.5,0.06,0.01,0.04456,5.65359,1.31649
B008,76,36.94176,7.03383,43.20677,235.52425,0.5,0.06,0.01,0.0475,5.94246,1.40746
B008,80,37.09013,7.06307,44.06156,232.08445,0.5,0.06,0.01,0.04778,5.97948,1.30611
B008,84,36.9646,7.03612,45.26849,235.9748,0.5,0.06,0.01,0.0476,5.38623,1.41912
B008,88,36.92053,7.05965,44.04067,234.37609,0.5,0.06,0.01,0.04773,5.74755,1.293
B008,92,37.18181,7.05071,46.33133,234.41607,0.5,0.06,0.01,0.0476,5.75851,1.5122
B008,96,36.93795,7.0424,44.68142,235.63111,0.5,0.06,0.01,0.05037,5.56068,1.63771
B008,100,36.97513,7.0418,43.31269,233.86829,0.5,0.06,0.01,0.04915,5.31081,1.8195
B008,104,36.92307,7.0373,45.11181,235.15019,0.5,0.06,0.01,0.04472,5.53977,1.78031
B008,108,36.95501,7.00885,45.28958,233.1669,0.5,0.06,0.01,0.04828,5.19503,1.91398
B008,112,37.15137,7.05957,46.58896,238.19948,0.5,0.06,0.01,0.04826,5.33048,1.90831
B008,116,37.04579,7.05579,45.66834,240.0502,0.5,0.06,0.01,0.04685,5.27203,2.15283
B008,120,37.06168,7.07124,45.78395,236.76067,0.5,0.06,0.01,0.04817,5.39316,2.25675
B008,124,36.96939,7.03671,45.5445,234.6121,0.5,0.06,0.01,0.04593,5.04748,2.323
B008,128,37.0117,7.09738,44.68002,238.58719,0.5,0.06,0.01,0.04555,4.97957,2.34022
B008,132,36.84877,7.04051,43.78243,241.32299,0.5,0.06,0.01,0.04494,5.05742,2.21211
B008,136,37.07723,7.02812,45.49103,247.98507,0.5,0.06,0.01,0.04017,5.05349,2.37459
B008,140,36.9687,7.02516,44.43369,239.38386,0.5,0.06,0.01,0.04352,5.31965,2.44512
B008,144,35.41125,7.00665,47.8727,242.22593,0.5,0.06,0.01,0.04177,4.54488,2.48316
B008,148,35.57411,7.08832,47.28171,239.88796,0.5,0.06,0.01,0.04013,4.78389,2.57023
B008,152,35.49723,7.08428,46.07583,238.51992,0.5,0.06,0.01,0.04473,4.59856,2.75375
B008,156,35.45341,7.06502,45.64339,242.56123,0.5,0.06,0.01,0.04219,4.86625,2.69311
B008,160,35.4991,7.0276,44.85047,245.4392,0.5,0.06,0.01,0.04043,4.42175,2.4815
B008,164,35.61513,7.09528,42.85609,246.79813,0.5,0.06,0.01,0.03863,4.37643,2.67707
B008,168,35.57697,7.04121,44.63251,249.53831,0.5,0.06,0.01,0.03961,4.36824,2.65952
B008,172,35.55189,7.04327,45.17238,241.43612,0.5,0.06,0.01,0.04024,4.4283,2.46451
B008,176,35.43268,7.08593,45.39008,245.57544,0.5,0.06,0.01,0.03583,4.34185,2.63342
B008,180,35.56237,7.06647,45.79821,246.93596,0.5,0.06,0.01,0.03668,4.34416,2.47475
B008,184,35.59095,7.10503,46.56626,251.54571,0.5,0.06,0.01,0.03763,4.23182,2.27979
B008,188,35.59593,7.05622,43.82334,251.81662,0.5,0.06,0.01,0.03123,3.7853,2.45167
B008,192,35.41704,7.04007,43.83877,250.24791,0.5,0.06,0.01,0.03418,4.18161,2.36477
B008,196,35.53686,7.0347,47.46646,255.45343,0.5,0.06,0.01,0.03264,3.95458,2.2474
B008,200,35.51418,7.00383,46.31067,257.34341,0.5,0.06,0.01,0.03245,4.12025,2.20117
B008,204,35.5142,7.04304,44.33569,250.66744,0.5,0.06,0.01,0.03093,3.69786,2.046
B008,208,35.39765,7.07861,44.81774,254.53169,0.5,0.06,0.01,0.03144,3.50166,2.12857
B008,212,35.45983,7.06497,44.82539,249.85886,0.5,0.06,0.01,0.03427,3.80652,1.97038
B008,216,35.6025,7.05051,45.05368,255.87467,0.5,0.06,0.01,0.02904,3.86732,1.91373
B008,220,35.5626,7.02513,45.80356,257.66069,0.5,0.06,0.01,0.02957,3.62817,1.85345
B008,224,35.52945,7.05567,49.30949,259.52467,0.5,0.06,0.01,0.0323,3.58345,1.58826
B008,228,35.57178,7.07532,45.32259,253.4956,0.5,0.06,0.01,0.02656,3.27128,1.53577
B008,232,35.5663,7.06077,46.12642,259.91782,0.5,0.06,0.01,0.03067,3.79917,1.29485
B008,236,35.65986,7.05417,42.13299,258.96067,0.5,0.06,0.01,0.02647,3.14446,1.54605
B008,240,35.50205,7.03008,44.17567,255.34992,0.5,0.06,0.01,0.02948,3.22648,1.25287
B008,244,35.50411,7.07168,47.08899,255.61633,0.5,0.06,0.01,0.02692,3.34752,1.33658
B008,248,35.48703,6.9717,45.68394,257.60628,0.5,0.06,0.01,0.02557,2.82918,1.29022
B008,252,35.63745,7.05957,37.53851,257.08086,0.5,0.06,0.01,0.02441,3.31567,1.24605
B008,256,35.50421,7.11426,46.14584,255.80387,0.5,0.06,0.01,0.02292,3.11346,0.96069
B008,260,35.55733,7.01229,48.26088,263.10004,0.5,0.06,0.01,0.024,3.14195,1.03229
B008,264,35.62996,7.04397,41.60696,260.21009,0.5,0.06,0.01,0.02538,3.06685,1.1792
B008,268,35.50466,7.0498,47.58296,260.61326,0.5,0.06,0.01,0.02333,2.83835,1.12696
B008,272,35.53615,7.03844,40.28768,259.91754,0.5,0.06,0.01,0.02256,2.6086,0.98606
B008,276,35.4806,7.07591,46.5946,266.52209,0.5,0.06,0.01,0.02257,2.72714,0.85829
B008,280,35.71684,7.06181,44.9853,258.3869,0.5,0.06,0.01,0.025,2.58939,0.65122
B008,284,35.39924,7.05381,41.00505,259.72854,0.5,0.06,0.01,0.02545,2.81583,0.81585
B008,288,35.49174,7.06993,45.75843,265.88734,0.5,0.06,0.01,0.02171,2.73201,0.67209
B008,292,35.48047,7.05042,46.95643,263.73972,0.5,0.06,0.01,0.02181,2.80696,0.72324
B008,296,35.37326,7.1295,45.61861,260.91607,0.5,0.06,0.01,0.02405,2.61618,0.54831
B008,300,35.41027,7.05378,45.99421,267.29232,0.5,0.06,0.01,0.02655,2.73012,0.57492
B008,304,35.51963,7.05488,44.30015,267.43318,0.5,0.06,0.01,0.02604,2.44944,0.58977
B008,308,35.35283,7.00724,41.83564,261.7493,0.5,0.06,0.01,0.02154,2.25651,0.57679
B008,312,35.55306,7.03641,46.17617,258.46399,0.5,0.06,0.01,0.02387,2.43802,0.58621
B008,316,35.58391,7.07868,47.97458,277.02448,0.5,0.06,0.01,0.02294,2.21182,0.43954
B008,320,35.31815,7.01661,46.92029,270.08613,0.5,0.06,0.01,0.02471,2.32608,0.3321
B008,324,35.35535,6.99606,41.62061,269.88031,0.5,0.06,0.01,0.02894,2.14438,0.67447
B008,328,35.48346,7.05081,42.42468,269.58935,0.5,0.06,0.01,0.02341,1.99055,0.76619
B008,332,35.42707,7.08427,43.56185,272.14162,0.5,0.06,0.01,0.02358,2.21997,0.51074
B008,336,35.38413,7.05106,42.29194,274.12491,0.5,0.06,0.01,0.02577,2.2718,0.28916
B009,0,36.98277,7.04367,45.96336,218.01483,0.2,0.024,0.004,0.0,5.80144,0.45754
B009,4,36.99453,7.0792,47.0765,220.51506,0.2,0.024,0.004,0.0,5.51597,0.50544
B009,8,36.93856,7.01832,45.13299,218.89261,0.2,0.024,0.004,0.0,5.75716,0.63422
B009,12,37.08084,7.0243,45.93545,220.54065,0.2,0.024,0.004,0.0,5.34827,0.46769
B009,16,36.91242,7.06804,47.99353,222.27058,0.2,0.024,0.004,0.0,5.47959,0.55492
B009,20,37.00944,7.07709,48.31233,217.08189,0.2,0.024,0.004,0.0,5.17878,0.59691
B009,24,36.99674,7.02607,44.89466,226.20394,0.2,0.024,0.004,0.0,5.11937,0.728
B009,28,37.22401,7.0506,44.09496,226.47447,0.2,0.024,0.004,0.0,5.04205,0.644
B009,32,37.01305,7.01546,43.43603,227.72122,0.2,0.024,0.004,0.0,4.7451,0.90805
B009,36,36.95526,7.04547,46.66084,225.72306,0.2,0.024,0.004,0.0,5.29968,0.71084
B009,40,36.94818,7.07092,42.66798,227.19395,0.2,0.024,0.004,0.0,4.90451,0.74331
B009,44,36.94785,7.03913,44.57062,224.53921,0.2,0.024,0.004,0.0,4.82774,0.79727
B009,48,37.03308,7.04377,45.17457,226.78687,0.2,0.024,0.004,0.04505,5.83778,0.70958
B009,52,37.03315,7.02176,44.1449,228.45682,0.2,0.024,0.004,0.04184,5.88522,0.79683
B009,56,37.08522,7.03379,45.47569,230.65841,0.2,0.024,0.004,0.04272,6.21334,0.91509
B009,60,37.08575,7.09395,49.35967,230.82519,0.2,0.024,0.004,0.04293,6.23013,1.17641
B009,64,37.01677,7.05182,44.79328,232.89806,0.2,0.024,0.004,0.04284,5.50412,1.10119
B009,68,37.07355,7.02494,44.25981,231.32829,0.2,0.024,0.004,0.04746,5.80672,1.11561
B009,72,37.10169,7.04213,46.72606,223.76264,0.2,0.024,0.004,0.04676,5.61893,1.39288
B009,76,36.88399,7.01006,45.40729,235.6335,0.2,0.024,0.004,0.04661,5.93111,1.50681
B009,80,36.90628,7.02465,47.44687,228.57635,0.2,0.024,0.004,0.04148,5.62853,1.54898
B009,84,36.98126,7.08401,45.27997,231.64538,0.2,0.024,0.004,0.05094,5.65083,1.37591
B009,88,36.87533,7.04644,44.57768,235.14963,0.2,0.024,0.004,0.04515,5.58572,1.50061
B009,92,37.05435,7.09727,41.96767,236.96212,0.2,0.024,0.004,0.0511,5.58744,1.86073
B009,96,36.96532,7.04762,42.24645,234.28125,0.2,0.024,0.004,0.0441,5.74097,1.75575
B009,100,37.00044,7.0491,41.87931,231.74329,0.2,0.024,0.004,0.04532,5.53146,1.77848
B009,104,36.97933,7.06602,45.64488,235.22177,0.2,0.024,0.004,0.04244,5.43347,1.97996
B009,108,36.94739,6.98319,42.68418,236.39341,0.2,0.024,0.004,0.04741,4.90922,2.09647
B009,112,37.05025,7.05512,47.13448,236.0912,0.2,0.024,0.004,0.04428,5.25088,1.98678
B009,116,36.96374,7.04878,45.05142,236.90271,0.2,0.024,0.004,0.04407,5.58483,2.15862
B009,120,36.99941,7.08715,44.58488,232.77904,0.2,0.024,0.004,0.04317,5.37787,2.31685
B009,124,37.09361,7.07412,43.56545,235.56699,0.2,0.024,0.004,0.04711,4.85726,2.13548
B009,128,36.97029,7.02166,46.05784,235.47262,0.2,0.024,0.004,0.04657,5.07193,2.34022
B009,132,36.94358,7.08105,43.63235,243.55632,0.2,0.024,0.004,0.04833,4.90788,2.26332
B009,136,37.119,7.04344,43.32486,236.9556,0.2,0.024,0.004,0.04284,5.24696,2.33096
B009,140,36.96334,7.02739,47.02019,240.77141,0.2,0.024,0.004,0.04411,4.96684,2.42642
B009,144,35.54685,7.05493,45.60286,236.32057,0.2,0.024,0.004,0.04053,4.64697,2.58881
B009,148,35.51297,7.04493,44.60062,243.447,0.2,0.024,0.004,0.04183,4.77585,2.52259
B009,152,35.48866,7.08846,46.09044,241.70273,0.2,0.024,0.004,0.04082,4.22716,2.50488
B009,156,35.56757,7.05852,45.01518,244.25562,0.2,0.024,0.004,0.04211,4.48558,2.60185
B009,160,35.44824,7.05514,45.65112,244.11317,0.2,0.024,0.004,0.04252,4.64959,2.46236
B009,164,35.53065,7.07252,43.61136,249.75471,0.2,0.024,0.004,0.04175,4.72788,2.64711
B009,168,35.56291,7.07732,48.51968,248.84367,0.2,0.024,0.004,0.03733,4.06792,2.71845
B009,172,35.41936,7.06959,44.01465,249.5978,0.2,0.024,0.004,0.04025,4.37376,2.55173
B009,176,35.57067,7.08549,47.64523,245.48297,0.2,0.024,0.004,0.03739,4.50457,2.50724
B009,180,35.55134,7.06522,44.67892,247.6687,0.2,0.024,0.004,0.03604,3.97984,2.53881
B009,184,35.55759,7.05419,46.37207,243.56708,0.2,0.024,0.004,0.03448,4.19528,2.20557
B009,188,35.48835,7.08098,46.24818,248.02588,0.2,0.024,0.004,0.03398,4.10536,2.46146
B009,192,35.54989,7.04773,46.94965,246.91469,0.2,0.024,0.004,0.03778,4.44919,2.71096
B009,196,35.6347,7.05083,43.57094,251.14824,0.2,0.024,0.004,0.03412,3.95952,2.26
B009,200,35.50652,7.09304,46.82858,249.90283,0.2,0.024,0.004,0.03306,3.89567,2.19137
B009,204,35.58833,7.09055,48.13895,248.82967,0.2,0.024,0.004,0.03141,3.99112,2.22152
B009,208,35.48878,7.0498,44.56022,247.93223,0.2,0.024,0.004,0.03606,3.66674,2.25279
B009,212,35.61351,7.03866,45.059,252.9775,0.2,0.024,0.004,0.03303,3.74195,2.09259
B009,216,35.4434,7.08658,44.11014,252.05663,0.2,0.024,0.004,0.02825,3.53216,1.63509
B009,220,35.52712,7.07001,44.41106,251.92584,0.2,0.024,0.004,0.02844,3.54593,1.8782
B009,224,35.4637,7.05789,47.90942,249.59181,0.2,0.024,0.004,0.02788,3.66166,2.03544
B009,228,35.50621,7.04195,43.2928,253.65633,0.2,0.024,0.004,0.02795,3.56249,1.71777
B009,232,35.47427,7.05829,43.3984,255.39631,0.2,0.024,0.004,0.02564,3.22222,1.42149
B009,236,35.55984,7.04946,47.73853,257.5047,0.2,0.024,0.004,0.02734,3.37607,1.5121
B009,240,35.54422,7.03339,46.06173,255.27799,0.2,0.024,0.004,0.02882,3.60884,1.24465
B009,244,35.4371,7.05323,48.60463,256.88817,0.2,0.024,0.004,0.02279,2.99207,1.46861
B009,248,35.42276,7.05664,44.23425,252.21702,0.2,0.024,0.004,0.0227,3.11763,1.13099
B009,252,35.56555,7.04062,45.21468,256.37676,0.2,0.024,0.004,0.02357,3.0306,1.18268
B009,256,35.43304,7.0726,43.87685,255.11846,0.2,0.024,0.004,0.0233,2.99913,1.00223
B009,260,35.53384,7.08222,45.24361,263.12472,0.2,0.024,0.004,0.02785,2.7827,0.97454
B009,264,35.46775,7.07425,41.98404,258.95331,0.2,0.024,0.004,0.02558,3.22554,1.15711
B009,268,35.28349,7.04309,46.16442,259.90749,0.2,0.024,0.004,0.02525,2.77584,0.93366
B009,272,35.44248,7.0689,45.54991,260.00568,0.2,0.024,0.004,0.02266,2.98727,0.80048
B009,276,35.46653,7.05195,44.90216,263.83528,0.2,0.024,0.004,0.0225,2.63873,0.68036
B009,280,35.49099,7.01911,44.33638,259.26728,0.2,0.024,0.004,0.02011,2.53014,0.54723
B009,284,35.48623,7.06682,43.47892,264.14435,0.2,0.024,0.004,0.02457,2.92451,0.57947
B009,288,35.4053,7.05365,46.23711,258.2613,0.2,0.024,0.004,0.02403,2.8236,0.70449
B009,292,35.54385,7.11484,43.00915,269.11837,0.2,0.024,0.004,0.02571,2.67642,0.77361
B009,296,35.54639,7.08643,45.87022,259.8449,0.2,0.024,0.004,0.02287,2.65676,0.55701
B009,300,35.38927,7.06778,48.52657,263.80311,0.2,0.024,0.004,0.02321,2.42829,0.78414
B009,304,35.47854,7.05623,47.52539,260.43415,0.2,0.024,0.004,0.02409,2.45263,0.48397
B009,308,35.56555,7.05409,42.44128,262.94104,0.2,0.024,0.004,0.02583,2.33069,0.51867
B009,312,35.61946,7.02491,44.08755,272.2619,0.2,0.024,0.004,0.02146,2.45518,0.39741
B009,316,35.46014,7.00653,45.71647,264.13829,0.2,0.024,0.004,0.02627,2.2399,0.62794
B009,320,35.47685,7.02819,44.88052,266.60276,0.2,0.024,0.004,0.0252,2.5573,0.74499
B009,324,35.47399,7.04881,42.62101,271.44904,0.2,0.024,0.004,0.02361,2.14539,0.26808
B009,328,35.43718,6.99736,45.65504,274.40507,0.2,0.024,0.004,0.02209,2.11983,0.42594
B009,332,35.394,7.03639,44.98297,274.64629,0.2,0.024,0.004,0.02655,2.31629,0.60882
B009,336,35.41868,7.04381,48.25435,270.39696,0.2,0.024,0.004,0.03032,2.2303,0.27441
B010,0,36.89899,7.07107,49.43887,221.61832,0.5,0.06,0.01,0.0,5.47733,0.6643
B010,4,36.91019,7.02725,44.02362,218.56669,0.5,0.06,0.01,0.0,5.26651,0.36881
B010,8,37.03047,7.07273,47.54242,224.71149,0.5,0.06,0.01,0.0,5.39746,0.49233
B010,12,37.13333,7.04473,45.04555,221.9241,0.5,0.06,0.01,0.0,5.53493,0.72054
B010,16,37.14702,7.03901,46.80385,221.53101,0.5,0.06,0.01,0.0,5.11879,0.34602
B010,20,37.0879,7.09023,43.82959,220.17346,0.5,0.06,0.01,0.0,5.19259,0.66293
B010,24,37.03362,7.06416,46.06377,216.57492,0.5,0.06,0.01,0.0,4.96331,0.68811
B010,28,37.07252,7.07432,44.56958,222.69604,0.5,0.06,0.01,0.0,5.33345,0.89229
B010,32,36.92248,7.06087,47.68431,223.37744,0.5,0.06,0.01,0.0,5.09938,0.5011
B010,36,36.92274,7.03889,45.74574,225.09636,0.5,0.06,0.01,0.0,4.91496,0.92278
B010,40,37.00817,7.06528,46.5911,225.08197,0.5,0.06,0.01,0.0,5.03661,0.70469
B010,44,37.13395,7.08023,41.32107,224.44179,0.5,0.06,0.01,0.0,4.75535,0.76415
B010,48,37.11131,7.05337,44.85453,224.07628,0.5,0.06,0.01,0.04146,5.77444,0.72094
B010,52,37.04441,7.09504,45.69794,229.06354,0.5,0.06,0.01,0.04464,5.72921,0.7907
B010,56,36.9568,7.07126,45.38015,230.24785,0.5,0.06,0.01,0.04473,5.75427,1.02719
B010,60,37.149,7.0553,46.63397,230.4151,0.5,0.06,0.01,0.04402,6.12475,0.90663
B010,64,37.04531,7.05629,44.37796,231.61646,0.5,0.06,0.01,0.0454,5.73497,1.194
B010,68,36.88312,7.05343,45.08294,231.58067,0.5,0.06,0.01,0.04614,5.92137,1.09421
B010,72,36.91866,7.01872,47.00809,229.03034,0.5,0.06,0.01,0.04495,5.60926,1.10013
B010,76,36.92419,7.04775,41.12623,230.05774,0.5,0.06,0.01,0.04619,5.87951,1.25733
B010,80,37.09992,7.05553,46.0019,232.1283,0.5,0.06,0.01,0.04465,5.47161,1.43874
B010,84,36.87507,7.0396,44.4324,234.23197,0.5,0.06,0.01,0.05152,5.78698,1.445
B010,88,36.96828,7.05844,43.44906,237.81955,0.5,0.06,0.01,0.04905,5.67984,1.56415
B010,92,36.95151,7.05053,45.57213,236.95368,0.5,0.06,0.01,0.04754,6.00345,1.72663
B010,96,37.14206,7.06934,47.08667,231.84717,0.5,0.06,0.01,0.04934,5.69495,1.8567
B010,100,36.98201,7.06658,46.76654,234.2648,0.5,0.06,0.01,0.04299,5.26794,1.77339
B010,104,37.00392,7.05418,44.77031,235.81379,0.5,0.06,0.01,0.04173,5.41847,1.76845
B010,108,37.01311,7.01582,46.48876,234.40352,0.5,0.06,0.01,0.04589,5.73606,1.98472
B010,112,36.95559,7.09477,46.47572,236.44424,0.5,0.06,0.01,0.04372,4.9557,2.11183
B010,116,36.99642,7.04645,44.85147,236.08345,0.5,0.06,0.01,0.04575,5.10002,1.957
B010,120,37.02592,7.04798,43.82176,232.55571,0.5,0.06,0.01,0.04632,5.17543,2.09879
B010,124,37.00151,7.04144,43.9201,239.13031,0.5,0.06,0.01,0.0474,5.12181,2.18841
B010,128,36.96134,7.03779,46.42435,239.15266,0.5,0.06,0.01,0.04287,4.97596,2.3138
B010,132,36.90278,7.0886,44.92835,239.29055,0.5,0.06,0.01,0.0455,4.81877,2.30572
B010,136,36.92504,7.08465,43.22149,239.56779,0.5,0.06,0.01,0.04424,5.22668,2.53383
B010,140,36.79521,7.06111,42.13573,237.61599,0.5,0.06,0.01,0.04437,4.67323,2.30138
B010,144,35.61711,7.04731,46.41411,244.09119,0.5,0.06,0.01,0.04207,4.78761,2.34199
B010,148,35.41702,7.06548,44.07048,245.64023,0.5,0.06,0.01,0.04526,5.04386,2.52117
B010,152,35.50517,7.05184,45.56166,250.28207,0.5,0.06,0.01,0.04165,4.71182,2.56161
B010,156,35.47079,7.04524,47.1075,249.31869,0.5,0.06,0.01,0.04473,4.57007,2.4211
B010,160,35.48746,7.05845,42.77483,248.00815,0.5,0.06,0.01,0.03891,4.3099,2.52719
B010,164,35.63574,7.03897,44.92327,241.53115,0.5,0.06,0.01,0.04125,4.52185,2.54753
B010,168,35.4612,7.05631,44.70982,242.10106,0.5,0.06,0.01,0.0389,4.32025,2.53549
B010,172,35.5445,7.05511,45.64556,240.22784,0.5,0.06,0.01,0.0376,4.413,2.57946
B010,176,35.60294,7.06507,47.10657,245.35272,0.5,0.06,0.01,0.03875,4.10438,2.45217
B010,180,35.54259,7.03452,42.73993,248.86214,0.5,0.06,0.01,0.0361,4.38872,2.67134
B010,184,35.60966,7.06775,45.96866,247.28543,0.5,0.06,0.01,0.03057,4.07716,2.50757
B010,188,35.33011,7.02734,46.75359,248.37138,0.5,0.06,0.01,0.02897,4.0025,2.30019
B010,192,35.51606,7.03569,44.68316,245.69722,0.5,0.06,0.01,0.03684,4.3765,2.35008
B010,196,35.4549,7.03678,44.76634,248.18086,0.5,0.06,0.01,0.03596,3.96829,2.2896
B010,200,35.46299,7.0232,45.71136,253.70644,0.5,0.06,0.01,0.03649,3.88155,2.35143
B010,204,35.49673,7.07539,45.58619,250.8373,0.5,0.06,0.01,0.0319,3.75086,2.06025
B010,208,35.46475,7.02577,45.99,252.5886,0.5,0.06,0.01,0.02858,3.6839,2.14743
B010,212,35.60795,7.03253,45.95418,253.74358,0.5,0.06,0.01,0.02958,3.67911,1.98061
B010,216,35.55495,7.08139,43.33065,254.21869,0.5,0.06,0.01,0.02971,3.50129,2.07275
B010,220,35.41484,7.03574,46.68345,247.38347,0.5,0.06,0.01,0.02697,3.17011,1.9655
B010,224,35.39228,7.0453,46.98353,252.83042,0.5,0.06,0.01,0.0316,3.50112,1.75045
B010,228,35.49445,7.0247,45.31634,251.82084,0.5,0.06,0.01,0.03214,3.63219,1.61161
B010,232,35.50631,7.07082,42.45994,253.4985,0.5,0.06,0.01,0.028,3.44048,1.62084
B010,236,35.58725,7.07117,44.80493,254.91512,0.5,0.06,0.01,0.02644,3.5449,1.45663
B010,240,35.55571,7.06847,45.33049,256.60964,0.5,0.06,0.01,0.02333,3.5552,1.59997
B010,244,35.44039,7.06344,43.05418,257.74589,0.5,0.06,0.01,0.02851,3.4214,1.33009
B010,248,35.39261,7.05184,44.38777,257.24411,0.5,0.06,0.01,0.02511,3.40058,1.19702
B010,252,35.54579,7.03689,42.60407,260.52279,0.5,0.06,0.01,0.02396,3.21309,1.11862
B010,256,35.43887,7.02963,46.0324,258.45325,0.5,0.06,0.01,0.02513,3.36415,0.9596
B010,260,35.51473,7.08225,45.28212,263.64138,0.5,0.06,0.01,0.02268,3.28016,1.1069
B010,264,35.38149,7.06912,42.20217,256.86669,0.5,0.06,0.01,0.02387,3.10007,0.88037
B010,268,35.27849,7.03267,45.59749,260.92276,0.5,0.06,0.01,0.02048,2.92304,1.05302
B010,272,35.56478,7.051,44.90393,258.06501,0.5,0.06,0.01,0.02537,2.83321,0.71243
B010,276,35.46234,7.0425,45.8779,264.17096,0.5,0.06,0.01,0.02287,2.75223,0.83306
B010,280,35.35998,7.02179,44.33439,258.03529,0.5,0.06,0.01,0.02533,2.71244,0.90986
B010,284,35.48175,7.05444,43.63749,260.343,0.5,0.06,0.01,0.0226,2.76883,0.47135
B010,288,35.47649,7.03961,43.68956,259.40875,0.5,0.06,0.01,0.02277,2.48368,0.93324
B010,292,35.51654,7.02619,44.08511,259.46108,0.5,0.06,0.01,0.02072,2.47955,0.60495
B010,296,35.53941,7.01302,45.032,263.4074,0.5,0.06,0.01,0.02481,2.14435,0.64118
B010,300,35.48667,7.0109,45.25153,268.14479,0.5,0.06,0.01,0.02174,2.75369,0.66425
B010,304,35.44245,7.04071,44.67578,269.65355,0.5,0.06,0.01,0.02277,2.38162,0.65721
B010,308,35.61556,7.04787,44.28036,268.45835,0.5,0.06,0.01,0.02405,2.48725,0.5801
B010,312,35.42155,7.02812,44.40261,260.24112,0.5,0.06,0.01,0.02464,2.63443,0.64665
B010,316,35.43108,7.06627,49.26313,266.12753,0.5,0.06,0.01,0.02138,2.29666,0.57133
B010,320,35.54199,7.04836,43.68977,264.65919,0.5,0.06,0.01,0.02478,2.53944,0.7046
B010,324,35.49124,7.06442,44.05145,271.86741,0.5,0.06,0.01,0.02732,2.07142,0.54218
B010,328,35.51689,7.04543,50.59955,272.94228,0.5,0.06,0.01,0.0255,2.63298,0.70323
B010,332,35.59069,7.03032,45.71572,269.82322,0.5,0.06,0.01,0.02637,2.37098,0.56518
B010,336,35.31306,7.05285,42.65403,267.08268,0.5,0.06,0.01,0.02775,2.1994,0.23135
B011,0,36.97859,7.01538,44.75159,221.97616,0.2,0.024,0.004,0.0,5.43133,0.62781
B011,4,37.06113,7.01543,42.65942,222.06734,0.2,0.024,0.004,0.0,5.36528,0.49633
B011,8,36.91451,7.06554,42.68094,221.84143,0.2,0.024,0.004,0.0,5.57681,0.35943
B011,12,37.00059,7.0499,46.4616,219.24042,0.2,0.024,0.004,0.0,5.34816,0.39043
B011,16,37.02864,7.03801,42.85699,222.83887,0.2,0.024,0.004,0.0,5.6313,0.59055
B011,20,36.99419,7.04033,45.66645,222.79427,0.2,0.024,0.004,0.0,5.3792,0.6616
B011,24,36.9928,7.03507,45.19439,222.4969,0.2,0.024,0.004,0.0,5.13816,0.37631
B011,28,36.95322,7.09126,45.64113,222.68277,0.2,0.024,0.004,0.0,5.20714,0.61742
B011,32,37.16324,7.03161,45.80169,220.8396,0.2,0.024,0.004,0.0,5.05227,0.88525
B011,36,37.03407,7.01695,43.41276,226.14518,0.2,0.024,0.004,0.0,5.22269,0.70352
B011,40,37.02669,7.0699,43.3416,229.70903,0.2,0.024,0.004,0.0,4.7802,0.95059
B011,44,37.09727,7.04461,46.21538,225.24713,0.2,0.024,0.004,0.0,4.82373,0.89568
B011,48,37.01552,7.10097,43.93011,221.60769,0.2,0.024,0.004,0.04439,6.1158,0.73747
B011,52,37.03239,7.03684,40.32475,222.71029,0.2,0.024,0.004,0.04497,6.22098,0.88612
B011,56,37.01186,7.07115,46.10288,224.72048,0.2,0.024,0.004,0.04342,5.51725,0.96333
B011,60,36.93203,7.07705,43.23836,232.4642,0.2,0.024,0.004,0.04348,6.11445,0.92581
B011,64,37.04703,7.03697,45.79413,233.04761,0.2,0.024,0.004,0.0448,5.82676,0.98878
B011,68,37.12478,7.03143,47.3678,227.88148,0.2,0.024,0.004,0.04489,5.46704,1.35458
B011,72,37.11992,7.06853,45.0285,226.40348,0.2,0.024,0.004,0.04327,5.17739,1.12842
B011,76,37.0756,7.06437,46.6928,234.14581,0.2,0.024,0.004,0.04515,5.44137,1.45008
B011,80,37.01719,7.01473,45.26146,232.39587,0.2,0.024,0.004,0.0472,5.71635,1.34596
B011,84,37.04215,7.02179,47.69863,233.51129,0.2,0.024,0.004,0.04936,5.71407,1.47521
B011,88,37.04331,6.98659,43.19442,233.812,0.2,0.024,0.004,0.04804,5.75907,1.62746
B011,92,37.06742,7.06488,44.98603,228.91838,0.2,0.024,0.004,0.04179,5.34191,1.57125
B011,96,36.9895,7.04345,46.14437,230.24846,0.2,0.024,0.004,0.04828,5.35549,1.79496
B011,100,37.06052,7.04595,44.6763,228.79683,0.2,0.024,0.004,0.04583,5.37136,1.56503
B011,104,36.95823,7.00771,46.95877,236.69355,0.2,0.024,0.004,0.04775,5.45175,1.94653
B011,108,36.76824,7.02255,44.26553,233.26957,0.2,0.024,0.004,0.04666,5.41199,1.67937
B011,112,37.08807,7.03805,48.51793,239.80899,0.2,0.024,0.004,0.04609,5.16628,2.02813
B011,116,37.02995,7.03319,48.60774,240.04659,0.2,0.024,0.004,0.04602,5.42065,2.2348
B011,120,37.01721,7.05295,45.47952,239.66618,0.2,0.024,0.004,0.04587,5.09482,2.28034
B011,124,37.12172,7.06459,45.93942,242.73974,0.2,0.024,0.004,0.04824,5.06154,2.11891
B011,128,36.96735,7.10674,47.02584,236.33868,0.2,0.024,0.004,0.04511,4.99416,2.19838
B011,132,37.10216,7.0495,42.98176,241.43172,0.2,0.024,0.004,0.04687,5.2813,2.3144
B011,136,37.02629,7.07789,42.7696,238.4991,0.2,0.024,0.004,0.04609,4.99634,2.47133
B011,140,37.03405,7.02925,47.13591,237.74417,0.2,0.024,0.004,0.04501,4.82027,2.25016
B011,144,35.55072,7.00813,45.46578,245.73666,0.2,0.024,0.004,0.03953,4.92701,2.52997
B011,148,35.67117,7.04119,44.61494,239.59417,0.2,0.024,0.004,0.04473,5.22798,2.59861
B011,152,35.49527,7.01006,45.01891,247.04057,0.2,0.024,0.004,0.04094,4.73728,2.54872
B011,156,35.54937,7.05037,40.94373,250.84047,0.2,0.024,0.004,0.04262,4.91553,2.6587
B011,160,35.44137,7.03049,44.67604,241.03073,0.2,0.024,0.004,0.03854,4.73005,2.62685
B011,164,35.59793,7.00114,43.71982,241.01236,0.2,0.024,0.004,0.03739,4.35783,2.53066
B011,168,35.48426,7.0934,46.56072,245.00306,0.2,0.024,0.004,0.04297,4.56311,2.35034
B011,172,35.5972,7.03656,46.69155,257.87747,0.2,0.024,0.004,0.03634,4.11374,2.57724
B011,176,35.5553,7.00906,45.98036,246.69902,0.2,0.024,0.004,0.03977,4.34544,2.41719
B011,180,35.39617,7.07245,45.67228,245.08756,0.2,0.024,0.004,0.03693,4.15054,2.4246
B011,184,35.4829,7.03178,42.45451,245.9962,0.2,0.024,0.004,0.03506,4.09593,2.50648
B011,188,35.49871,7.07725,46.00409,253.53405,0.2,0.024,0.004,0.03501,3.98426,2.56712
B011,192,35.59977,7.03167,46.06998,248.3235,0.2,0.024,0.004,0.0317,3.93676,2.33417
B011,196,35.55699,7.03648,47.11683,252.47706,0.2,0.024,0.004,0.03348,4.08069,2.3412
B011,200,35.30593,7.05862,48.60096,247.52634,0.2,0.024,0.004,0.03055,3.84218,2.03232
B011,204,35.49116,7.06483,42.12265,252.80353,0.2,0.024,0.004,0.03114,3.49498,2.16175
B011,208,35.45874,7.06921,44.33959,248.70357,0.2,0.024,0.004,0.03302,3.69515,2.04816
B011,212,35.55817,7.04776,43.73815,250.39503,0.2,0.024,0.004,0.03093,3.45568,2.1231
B011,216,35.54336,7.06322,45.29326,249.06545,0.2,0.024,0.004,0.02673,3.62007,1.82891
B011,220,35.45739,7.06864,45.02278,250.61468,0.2,0.024,0.004,0.03069,3.71779,1.7816
B011,224,35.60886,7.05501,44.60206,249.03112,0.2,0.024,0.004,0.02829,3.56548,1.85387
B011,228,35.60012,7.04643,46.74693,258.16151,0.2,0.024,0.004,0.02657,3.2866,1.63204
B011,232,35.56881,7.01387,43.1276,252.73658,0.2,0.024,0.004,0.02854,3.47381,1.42698
B011,236,35.43468,7.06498,43.23009,254.76983,0.2,0.024,0.004,0.02613,3.23655,1.78448
B011,240,35.3964,7.05105,43.25882,253.11492,0.2,0.024,0.004,0.02359,3.0048,1.2689
B011,244,35.53634,7.03966,44.38744,261.12966,0.2,0.024,0.004,0.02911,3.43334,1.31291
B011,248,35.54553,7.08194,42.9114,260.37574,0.2,0.024,0.004,0.02492,3.29429,1.2873
B011,252,35.53817,7.0143,44.91743,260.73979,0.2,0.024,0.004,0.02438,3.25626,1.20588
B011,256,35.39703,7.0911,44.71867,258.03477,0.2,0.024,0.004,0.02336,2.90255,1.0824
B011,260,35.49688,7.04944,43.66292,258.26875,0.2,0.024,0.004,0.02621,3.24758,1.01794
B011,264,35.53551,7.05794,46.4854,261.50314,0.2,0.024,0.004,0.02253,2.80643,0.95058
B011,268,35.52798,7.04012,44.89885,257.14416,0.2,0.024,0.004,0.02027,2.90839,0.78733
B011,272,35.4845,7.00832,46.8065,255.5701,0.2,0.024,0.004,0.02183,2.6899,1.12561
B011,276,35.50283,7.04651,44.66842,260.80486,0.2,0.024,0.004,0.02573,2.79091,0.79139
B011,280,35.45404,7.05837,44.95887,266.7538,0.2,0.024,0.004,0.02468,2.32111,0.84346
B011,284,35.40751,7.06691,44.04327,264.71918,0.2,0.024,0.004,0.02249,2.59997,0.68946
B011,288,35.67494,7.04505,44.98802,266.4318,0.2,0.024,0.004,0.02579,2.70521,0.64848
B011,292,35.44504,6.99519,46.21079,261.64136,0.2,0.024,0.004,0.02464,2.53815,0.60133
B011,296,35.47389,7.01146,44.30073,264.09326,0.2,0.024,0.004,0.02276,2.83308,0.43827
B011,300,35.53882,7.1013,45.8813,261.28661,0.2,0.024,0.004,0.02316,2.26978,0.5764
B011,304,35.44542,7.02269,43.61833,265.12098,0.2,0.024,0.004,0.0244,2.36065,0.52123
B011,308,35.48436,7.08568,46.29039,271.70927,0.2,0.024,0.004,0.02238,2.20072,0.68782
B011,312,35.51858,7.02665,44.01416,261.95923,0.2,0.024,0.004,0.02441,2.26471,0.38336
B011,316,35.64064,7.04544,46.44786,264.19035,0.2,0.024,0.004,0.02541,2.529,0.43979
B011,320,35.55286,7.06563,45.10366,268.60015,0.2,0.024,0.004,0.02187,2.4727,0.38548
B011,324,35.54806,7.0295,47.58562,273.72057,0.2,0.024,0.004,0.02535,2.11956,0.6526
B011,328,35.54493,7.08981,43.03808,267.52401,0.2,0.024,0.004,0.02565,2.07508,0.36315
B011,332,35.58848,7.05189,42.4905,267.9067,0.2,0.024,0.004,0.02888,2.02966,0.52452
B011,336,35.51308,7.06152,43.95243,266.52075,0.2,0.024,0.004,0.02374,2.29653,0.56446
B012,0,37.11229,7.0762,45.16364,220.16803,0.5,0.06,0.01,0.0,5.50498,0.46303
B012,4,37.07649,7.0337,48.09972,222.70691,0.5,0.06,0.01,0.0,5.7982,0.59484
B012,8,37.10488,7.05563,45.35166,219.21296,0.5,0.06,0.01,0.0,5.05121,0.59967
B012,12,37.02548,7.05542,45.41851,218.24239,0.5,0.06,0.01,0.0,5.33868,0.45263
B012,16,37.05331,7.06654,44.48067,222.33116,0.5,0.06,0.01,0.0,5.5702,0.42988
B012,20,37.02248,7.05627,46.60234,222.56095,0.5,0.06,0.01,0.0,5.1187,0.59757
B012,24,36.97992,7.03152,47.30822,220.99531,0.5,0.06,0.01,0.0,5.17369,0.69157
B012,28,37.03457,7.07201,43.2405,224.22429,0.5,0.06,0.01,0.0,5.22371,0.7046
B012,32,36.87787,7.09329,44.40083,220.89521,0.5,0.06,0.01,0.0,5.14921,0.62959
B012,36,36.93752,7.0354,46.55563,218.98299,0.5,0.06,0.01,0.0,5.34984,0.76536
B012,40,37.11264,7.00412,44.77977,227.10311,0.5,0.06,0.01,0.0,5.10073,0.95211
B012,44,36.9976,7.06248,44.16124,220.02929,0.5,0.06,0.01,0.0,5.211,0.84241
B012,48,36.85409,7.04172,46.71622,227.19298,0.5,0.06,0.01,0.04465,5.97536,0.6716
B012,52,37.00442,7.04672,46.87587,231.44405,0.5,0.06,0.01,0.04132,5.77568,0.94563
B012,56,36.97232,7.0639,44.23561,226.32969,0.5,0.06,0.01,0.0459,5.93486,1.22404
B012,60,37.11345,7.03859,45.36102,229.13667,0.5,0.06,0.01,0.04408,5.67344,0.88563
B012,64,37.0873,7.04328,42.94559,227.54425,0.5,0.06,0.01,0.04552,5.95713,1.10873
B012,68,37.11253,7.0475,43.47768,231.02088,0.5,0.06,0.01,0.04328,5.69658,1.14661
B012,72,37.03478,7.08674,45.21108,231.19489,0.5,0.06,0.01,0.04643,5.67581,1.2572
B012,76,36.98376,7.05075,45.05339,226.91048,0.5,0.06,0.01,0.0483,5.88534,1.34398
B012,80,36.86565,7.01911,43.35631,226.81985,0.5,0.06,0.01,0.04505,5.46036,1.53513
B012,84,37.04944,7.0201,43.78284,229.14549,0.5,0.06,0.01,0.04561,5.77097,1.48846
B012,88,37.02401,7.05348,43.18942,233.60972,0.5,0.06,0.01,0.04784,5.55401,1.71331
B012,92,36.99482,7.02176,45.7736,235.11522,0.5,0.06,0.01,0.04795,5.80341,1.62896
B012,96,37.01266,7.01094,41.65501,226.27081,0.5,0.06,0.01,0.04213,5.33047,1.68479
B012,100,36.89095,7.06589,43.28032,233.95082,0.5,0.06,0.01,0.05098,5.68814,1.73029
B012,104,36.87471,7.06711,41.833,240.15966,0.5,0.06,0.01,0.0479,5.48179,1.67571
B012,108,37.08103,7.0408,45.71234,237.25176,0.5,0.06,0.01,0.04808,5.5399,2.00868
B012,112,37.01329,7.05734,41.93535,240.94189,0.5,0.06,0.01,0.04619,5.33058,2.30183
B012,116,37.09691,7.0547,45.05394,240.87413,0.5,0.06,0.01,0.04251,4.87132,2.18728
B012,120,37.03653,7.06506,47.78719,236.95232,0.5,0.06,0.01,0.04726,5.42311,2.28807
B012,124,37.09067,7.06512,47.84484,243.59235,0.5,0.06,0.01,0.04442,5.10682,2.22515
B012,128,36.94005,6.98486,41.92996,238.40987,0.5,0.06,0.01,0.04624,5.26208,2.30942
B012,132,37.02807,7.04399,45.5073,241.2598,0.5,0.06,0.01,0.04426,5.14685,2.5152
B012,136,36.95821,7.06295,43.31875,246.05056,0.5,0.06,0.01,0.04469,4.84596,2.69003
B012,140,37.03377,7.03974,42.97167,242.59415,0.5,0.06,0.01,0.04213,4.70851,2.67255
B012,144,35.64071,7.05091,44.8071,240.25282,0.5,0.06,0.01,0.04483,5.01082,2.62819
B012,148,35.55983,7.06877,47.08809,243.45999,0.5,0.06,0.01,0.04012,4.67245,2.56545
B012,152,35.47783,7.05202,46.01942,242.49873,0.5,0.06,0.01,0.04635,5.00327,2.60785
B012,156,35.56092,7.0877,43.78426,239.99261,0.5,0.06,0.01,0.04566,4.73747,2.50524
B012,160,35.51633,7.07817,46.19856,246.09853,0.5,0.06,0.01,0.04375,4.85803,2.42622
B012,164,35.35742,7.04704,41.1857,246.65481,0.5,0.06,0.01,0.04232,4.66607,2.46044
B012,168,35.36608,7.04505,43.71999,244.84722,0.5,0.06,0.01,0.03885,4.5071,2.58866
B012,172,35.51067,6.97874,43.59938,244.55889,0.5,0.06,0.01,0.04059,4.38345,2.5262
B012,176,35.37963,7.04184,45.13315,247.97745,0.5,0.06,0.01,0.03729,4.36206,2.35522
B012,180,35.34068,7.01617,44.65519,243.89128,0.5,0.06,0.01,0.03359,4.39437,2.48952
B012,184,35.45398,7.05553,44.7595,250.00667,0.5,0.06,0.01,0.0389,4.25486,2.41078
B012,188,35.60364,7.05382,44.70298,251.50835,0.5,0.06,0.01,0.03736,4.27353,2.2563
B012,192,35.48774,7.0674,45.03809,241.51808,0.5,0.06,0.01,0.03424,4.06027,2.29432
B012,196,35.40484,7.08492,45.91822,247.82408,0.5,0.06,0.01,0.03105,3.94675,2.2362
B012,200,35.65471,7.04934,45.25386,245.74981,0.5,0.06,0.01,0.03154,4.19873,2.13166
B012,204,35.40817,7.10701,44.5166,253.42765,0.5,0.06,0.01,0.02829,3.97559,2.24349
B012,208,35.46551,7.05581,45.68297,247.65473,0.5,0.06,0.01,0.03306,3.84473,1.827
B012,212,35.62224,7.01724,46.40441,253.18317,0.5,0.06,0.01,0.02721,3.6749,1.73729
B012,216,35.46946,7.03595,44.05476,248.96268,0.5,0.06,0.01,0.03026,3.53825,1.89415
B012,220,35.45833,7.04068,44.89902,251.46118,0.5,0.06,0.01,0.0273,3.5113,1.82213
B012,224,35.61571,7.0648,46.97524,257.98755,0.5,0.06,0.01,0.02545,3.50401,1.77532
B012,228,35.34985,7.02632,43.12531,255.84934,0.5,0.06,0.01,0.02813,3.62047,1.5784
B012,232,35.4903,7.04255,48.06799,251.70003,0.5,0.06,0.01,0.02637,3.51021,1.44989
B012,236,35.52094,7.04597,42.72344,251.35121,0.5,0.06,0.01,0.02814,3.17177,1.47741
B012,240,35.46268,7.0388,44.41288,253.60458,0.5,0.06,0.01,0.02338,3.38044,1.34535
B012,244,35.53946,7.07029,43.38468,261.98369,0.5,0.06,0.01,0.0239,3.15356,1.5068
B012,248,35.48719,7.06603,48.71948,255.55363,0.5,0.06,0.01,0.02018,2.85087,1.20679
B012,252,35.64067,7.07916,44.1443,256.06582,0.5,0.06,0.01,0.02017,3.22086,1.16739
B012,256,35.48574,7.04172,44.14857,260.56014,0.5,0.06,0.01,0.02777,3.38561,1.40222
B012,260,35.40098,7.08006,44.36973,261.13388,0.5,0.06,0.01,0.02802,3.12795,1.01674
B012,264,35.54667,7.0159,45.16252,263.40798,0.5,0.06,0.01,0.02377,3.05374,1.04551
B012,268,35.6688,7.01529,44.44165,255.61991,0.5,0.06,0.01,0.02171,2.96496,0.9988
B012,272,35.38588,7.01965,44.77409,262.49538,0.5,0.06,0.01,0.02259,3.05211,0.95535
B012,276,35.63,7.05023,39.00034,261.96865,0.5,0.06,0.01,0.02482,2.93962,0.85253
B012,280,35.57994,7.08006,45.09717,256.01259,0.5,0.06,0.01,0.02198,2.45061,0.79509
B012,284,35.46004,7.03495,45.03027,256.97816,0.5,0.06,0.01,0.02348,3.04071,0.74166
B012,288,35.56243,7.03808,46.76557,258.55831,0.5,0.06,0.01,0.02302,2.81133,0.62193
B012,292,35.54561,7.0446,47.2254,265.41336,0.5,0.06,0.01,0.022,2.45441,0.69504
B012,296,35.48277,7.06432,44.6809,261.11588,0.5,0.06,0.01,0.02224,2.31865,0.86769
B012,300,35.54519,7.03806,46.38759,266.83929,0.5,0.06,0.01,0.02408,2.59286,0.74096
B012,304,35.57152,7.03666,43.12733,266.5362,0.5,0.06,0.01,0.02179,2.3467,0.60654
B012,308,35.40652,7.01637,46.30448,268.27102,0.5,0.06,0.01,0.02495,2.48717,0.64993
B012,312,35.49989,7.03571,44.02679,265.35179,0.5,0.06,0.01,0.02346,2.4762,0.42266
B012,316,35.42052,7.07944,42.98601,266.41368,0.5,0.06,0.01,0.02505,2.23232,0.47778
B012,320,35.6291,7.05227,44.6845,271.16284,0.5,0.06,0.01,0.02801,2.1593,0.60703
B012,324,35.36873,7.0315,47.3808,272.65404,0.5,0.06,0.01,0.02539,2.31621,0.65796
B012,328,35.60795,7.0809,45.30771,265.67798,0.5,0.06,0.01,0.02809,2.17035,0.37497
B012,332,35.29828,7.03537,47.54403,269.58334,0.5,0.06,0.01,0.02324,2.12324,0.39902
B012,336,35.58979,7.0855,43.72715,275.17379,0.5,0.06,0.01,0.02648,1.8883,0.7098
B013,0,36.8853,7.05628,43.09568,225.51486,0.2,0.024,0.004,0.0,5.31463,0.44015
B013,4,37.05229,7.07173,45.5942,217.48512,0.2,0.024,0.004,0.0,5.52567,0.50354
B013,8,37.01349,7.0635,44.99446,224.60265,0.2,0.024,0.004,0.0,5.30374,0.44763
B013,12,36.94624,7.05683,46.78326,220.99569,0.2,0.024,0.004,0.0,5.35009,0.65086
B013,16,36.89573,7.05272,43.43602,221.23493,0.2,0.024,0.004,0.0,5.41513,0.71431
B013,20,37.20592,7.07243,45.97694,225.3338,0.2,0.024,0.004,0.0,5.4315,0.42623
B013,24,36.97882,7.06797,44.80642,221.76494,0.2,0.024,0.004,0.0,5.22865,0.87547
B013,28,36.92372,7.0566,43.39682,221.32484,0.2,0.024,0.004,0.0,5.01748,0.48519
B013,32,37.02962,7.03266,45.65502,221.29407,0.2,0.024,0.004,0.0,5.03355,0.84569
B013,36,37.05832,7.05964,44.88778,225.35716,0.2,0.024,0.004,0.0,5.18265,0.7476
B013,40,36.85377,7.04832,43.9305,226.3285,0.2,0.024,0.004,0.0,4.83617,0.71139
B013,44,36.86519,7.04229,45.0714,228.68009,0.2,0.024,0.004,0.0,4.93995,0.76867
B013,48,36.9801,7.11697,44.7798,232.75325,0.2,0.024,0.004,0.04296,5.92848,0.86356
B013,52,36.9023,7.01152,44.73873,233.27721,0.2,0.024,0.004,0.04227,5.91403,0.94625
B013,56,36.99917,7.07396,44.29859,231.20026,0.2,0.024,0.004,0.04558,5.78579,0.86835
B013,60,36.9772,7.02843,42.78159,228.461,0.2,0.024,0.004,0.046,5.59669,1.01204
B013,64,36.99739,7.05328,45.1271,232.91962,0.2,0.024,0.004,0.04458,5.94025,1.01269
B013,68,37.02493,7.11421,43.63539,227.028,0.2,0.024,0.004,0.04984,6.10354,1.02796
B013,72,37.1298,7.02594,43.26544,229.92155,0.2,0.024,0.004,0.04471,5.43125,1.14762
B013,76,37.00799,7.0319,44.59081,230.19153,0.2,0.024,0.004,0.04621,5.80967,1.18267
B013,80,36.95398,7.04956,46.24785,230.89126,0.2,0.024,0.004,0.04794,5.93351,1.34792
B013,84,37.03705,7.02882,45.31554,234.51735,0.2,0.024,0.004,0.04861,5.8145,1.53018
B013,88,36.98152,7.0721,44.09706,236.04681,0.2,0.024,0.004,0.04949,5.60625,1.57453
B013,92,36.99368,7.03664,44.02871,232.28732,0.2,0.024,0.004,0.04785,5.42238,1.88
B013,96,37.01587,7.06635,46.08088,230.32184,0.2,0.024,0.004,0.0491,5.58999,1.46156
B013,100,36.98599,7.01677,40.92555,239.8289,0.2,0.024,0.004,0.04561,5.48497,1.86692
B013,104,36.99063,7.00483,46.35552,237.53076,0.2,0.024,0.004,0.04868,5.4862,1.89453
B013,108,37.18819,7.04428,41.81417,237.41217,0.2,0.024,0.004,0.0485,5.38397,2.07347
B013,112,36.93878,7.01079,42.59381,234.91729,0.2,0.024,0.004,0.0495,5.19873,2.14133
B013,116,37.00005,7.08796,44.12575,235.50132,0.2,0.024,0.004,0.04288,5.25616,2.11249
B013,120,36.95535,7.01175,48.68921,240.95576,0.2,0.024,0.004,0.0441,5.24718,2.22638
B013,124,37.04793,7.02406,47.85161,242.02923,0.2,0.024,0.004,0.0472,5.22817,2.18543
B013,128,37.21616,7.06034,46.20103,237.80298,0.2,0.024,0.004,0.03985,4.98018,2.41238
B013,132,36.96674,7.03534,45.60612,241.56571,0.2,0.024,0.004,0.04569,5.36041,2.17158
B013,136,36.94542,7.01204,41.83413,239.97711,0.2,0.024,0.004,0.04633,4.91385,2.54221
B013,140,36.9668,7.101,45.26649,233.13504,0.2,0.024,0.004,0.04252,5.11377,2.49122
B013,144,35.50986,7.02496,44.06632,241.05292,0.2,0.024,0.004,0.04225,4.69601,2.47311
B013,148,35.33271,7.04509,43.61166,238.56725,0.2,0.024,0.004,0.04035,4.93236,2.53333
B013,152,35.55084,7.04477,45.26317,242.05798,0.2,0.024,0.004,0.04081,4.91836,2.56358
B013,156,35.5738,7.06776,44.19911,237.49932,0.2,0.024,0.004,0.0402,4.58027,2.75134
B013,160,35.4806,7.06156,46.47781,242.57346,0.2,0.024,0.004,0.03912,4.85701,2.98802
B013,164,35.57647,7.02933,41.70888,246.61829,0.2,0.024,0.004,0.03829,4.57365,2.74204
B013,168,35.55138,7.04185,45.12752,249.82423,0.2,0.024,0.004,0.03848,4.28804,2.51485
B013,172,35.56022,7.04433,43.50553,241.28578,0.2,0.024,0.004,0.03769,4.31094,2.63681
B013,176,35.54582,7.06872,44.30362,246.70394,0.2,0.024,0.004,0.04123,4.62263,2.61236
B013,180,35.58575,7.02079,45.51786,246.82167,0.2,0.024,0.004,0.03591,4.40378,2.38298
B013,184,35.50448,7.10045,43.10058,249.12779,0.2,0.024,0.004,0.03659,4.01622,2.29769
B013,188,35.44699,7.03102,45.27919,246.08138,0.2,0.024,0.004,0.03395,4.06757,2.38945
B013,192,35.53795,7.04978,44.63903,248.71214,0.2,0.024,0.004,0.03312,4.06064,2.43566
B013,196,35.46224,7.021,43.877,244.27767,0.2,0.024,0.004,0.03009,3.80899,2.0813
B013,200,35.49661,7.01755,44.20003,251.97065,0.2,0.024,0.004,0.02957,4.26367,2.11915
B013,204,35.5669,7.02814,44.73726,250.92465,0.2,0.024,0.004,0.02952,3.83205,2.20101
B013,208,35.57647,7.02574,43.69468,253.39369,0.2,0.024,0.004,0.03153,3.78124,2.06036
B013,212,35.58904,7.03964,45.01206,254.75291,0.2,0.024,0.004,0.03257,3.98462,2.14554
B013,216,35.6256,7.02553,44.5271,251.89092,0.2,0.024,0.004,0.02612,3.49517,1.7244
B013,220,35.6025,7.06739,43.96082,258.83642,0.2,0.024,0.004,0.02789,3.7385,2.09286
B013,224,35.54959,7.03043,47.70273,254.28643,0.2,0.024,0.004,0.02557,3.15112,1.54225
B013,228,35.3892,7.02765,45.70591,255.12429,0.2,0.024,0.004,0.02713,3.36057,1.39958
B013,232,35.4558,7.04018,44.34939,255.43453,0.2,0.024,0.004,0.02919,3.63466,1.55297
B013,236,35.50436,7.07482,45.24796,256.8152,0.2,0.024,0.004,0.02557,3.58982,1.34215
B013,240,35.49221,7.05537,43.25441,258.80506,0.2,0.024,0.004,0.02582,3.12639,1.39368
B013,244,35.55856,7.04751,44.25749,261.65465,0.2,0.024,0.004,0.02833,3.11999,1.31182
B013,248,35.51351,7.01417,44.45587,257.20859,0.2,0.024,0.004,0.02587,3.27294,1.22221
B013,252,35.54235,7.02143,42.88045,257.79042,0.2,0.024,0.004,0.02302,2.93938,1.07268
B013,256,35.43741,7.01804,45.6585,256.85428,0.2,0.024,0.004,0.02449,2.99191,1.15709
B013,260,35.41103,7.08267,44.14046,260.58513,0.2,0.024,0.004,0.0222,3.09267,1.00203
B013,264,35.50091,7.06326,44.39571,258.51914,0.2,0.024,0.004,0.02442,2.84461,1.11121
B013,268,35.39699,7.02846,44.03318,263.06353,0.2,0.024,0.004,0.02439,2.54,0.8996
B013,272,35.38999,7.03589,50.03045,262.44246,0.2,0.024,0.004,0.02046,2.51324,0.75182
B013,276,35.62935,7.02937,43.87355,266.2577,0.2,0.024,0.004,0.02343,2.77544,0.61526
B013,280,35.55903,7.02785,41.48325,264.12643,0.2,0.024,0.004,0.02278,2.37402,0.75118
B013,284,35.68015,7.06151,42.28012,255.59681,0.2,0.024,0.004,0.02409,2.64081,0.57732
B013,288,35.46285,7.04281,46.29081,265.74548,0.2,0.024,0.004,0.02471,2.41114,0.52906
B013,292,35.47803,7.10203,47.27197,262.23247,0.2,0.024,0.004,0.0241,2.89362,0.71928
B013,296,35.45623,7.08126,43.84094,265.2135,0.2,0.024,0.004,0.02269,2.90486,0.41093
B013,300,35.43803,7.08274,47.17421,267.85961,0.2,0.024,0.004,0.02536,2.34351,0.76514
B013,304,35.55226,7.06678,46.2607,268.89825,0.2,0.024,0.004,0.022,2.44819,0.58924
B013,308,35.40969,7.03943,44.67788,261.10157,0.2,0.024,0.004,0.02141,2.16629,0.54197
B013,312,35.49967,7.06494,44.55724,275.4964,0.2,0.024,0.004,0.01801,2.15052,0.40279
B013,316,35.39053,7.04128,45.30748,271.50888,0.2,0.024,0.004,0.02466,2.64903,0.60077
B013,320,35.48661,7.09076,46.49167,267.72796,0.2,0.024,0.004,0.0236,2.16592,0.49294
B013,324,35.5019,7.06011,45.6754,272.03362,0.2,0.024,0.004,0.02652,2.22357,0.39717
B013,328,35.43959,7.05656,43.84943,264.07909,0.2,0.024,0.004,0.02231,1.95215,0.49145
B013,332,35.52584,7.05318,44.70385,263.66903,0.2,0.024,0.004,0.02553,2.3605,0.25511
B013,336,35.47591,7.09351,48.36815,273.96062,0.2,0.024,0.004,0.02837,1.58975,0.2518
B014,0,36.90175,7.01647,47.1292,215.0955,0.5,0.06,0.01,0.0,5.35819,0.70136
B014,4,37.00162,7.03521,47.61692,215.08837,0.5,0.06,0.01,0.0,5.4936,0.58549
B014,8,37.03681,7.06707,45.85653,221.68422,0.5,0.06,0.01,0.0,5.52633,0.82245
B014,12,37.15789,7.08081,48.63892,221.82244,0.5,0.06,0.01,0.0,5.26811,0.45353
B014,16,36.92459,7.0845,44.39224,222.24783,0.5,0.06,0.01,0.0,5.45651,0.35873
B014,20,36.97378,7.06322,42.22176,224.30412,0.5,0.06,0.01,0.0,4.93718,0.59696
B014,24,37.00215,7.04789,46.78591,219.82016,0.5,0.06,0.01,0.0,5.02416,0.59185
B014,28,37.06506,7.0698,41.86764,227.23843,0.5,0.06,0.01,0.0,4.79213,0.73538
B014,32,37.02134,7.02129,43.70646,222.35653,0.5,0.06001,0.01,0.0,4.95404,0.82148
B014,36,37.01562,7.00375,45.86943,229.02122,0.5,0.06001,0.01,0.0,5.33882,0.72125
B014,40,37.04239,7.06072,44.80446,228.24474,0.5,0.06002,0.01,0.0,5.38948,0.74601
B014,44,36.963,7.02457,44.64443,225.99294,0.5,0.06002,0.01,0.0,5.0129,0.88494
B014,48,36.9905,7.04796,42.94854,227.04599,0.5,0.06003,0.01,0.04365,5.8984,0.84312
B014,52,36.89028,7.05241,44.91942,229.8153,0.5,0.06004,0.01,0.04531,5.96618,0.88933
B014,56,36.94204,7.0554,46.61941,227.3289,0.5,0.06006,0.01,0.04215,5.96328,1.11563
B014,60,37.1479,7.07233,44.91407,232.02992,0.5,0.06009,0.01,0.04508,5.62043,1.20841
B014,64,37.04596,7.06928,43.42483,230.74233,0.5,0.06012,0.01,0.04283,5.69256,1.25864
B014,68,36.98683,7.05282,42.65777,236.19813,0.5,0.06016,0.01,0.04664,6.09888,1.18521
B014,72,37.06417,7.0362,43.32752,228.55135,0.5,0.06021,0.01,0.04243,5.49578,1.03123
B014,76,37.03429,7.04905,45.27496,230.59292,0.5,0.06028,0.01,0.04715,5.61502,1.35889
B014,80,37.04245,7.03033,45.07074,233.32522,0.5,0.06037,0.01,0.04373,5.6135,1.38072
B014,84,36.95134,7.03891,42.97386,234.49853,0.5,0.06048,0.01,0.04606,5.66591,1.55776
B014,88,36.96017,7.10753,40.38868,231.90135,0.5,0.06061,0.01,0.04872,5.51306,1.60137
B014,92,36.95742,7.04451,44.63176,237.19292,0.5,0.06077,0.01,0.04745,5.54963,1.7952
B014,96,36.97755,7.04864,42.11524,238.51733,0.5,0.06097,0.01,0.0437,5.49179,1.79619
B014,100,36.97264,7.01669,44.48373,232.40144,0.5,0.06121,0.01,0.0456,5.72073,1.89801
B014,104,36.9529,7.05624,41.64029,234.35556,0.5,0.06148,0.01,0.04384,5.23635,2.33682
B014,108,37.10378,7.04558,40.79785,236.67973,0.5,0.0618,0.01,0.0433,5.17087,2.21962
B014,112,37.10269,7.04099,42.22463,238.28266,0.5,0.06217,0.01,0.04671,5.46869,2.48907
B014,116,36.97526,7.02181,45.39339,236.22893,0.5,0.06258,0.01,0.04734,5.03775,2.76322
B014,120,37.04493,7.03631,42.01461,240.46128,0.5,0.06304,0.01,0.04679,4.80892,2.92377
B014,124,36.96928,7.03569,40.26682,235.19518,0.5,0.06355,0.01,0.04676,5.01327,3.07935
B014,128,36.9355,7.0039,39.88316,238.47689,0.5,0.06409,0.01,0.04513,5.04045,3.19321
B014,132,37.05298,6.98644,35.48659,243.57693,0.5,0.06467,0.01,0.04416,4.80473,3.41771
B014,136,36.89152,7.00382,35.70993,238.60796,0.5,0.06527,0.01,0.04206,4.58576,3.66834
B014,140,36.97137,6.9508,32.48209,243.38415,0.5,0.06589,0.01,0.0428,4.27567,3.72348
B014,144,35.45775,6.94735,38.81935,240.3108,0.5,0.06652,0.01,0.04046,4.38215,3.61415
B014,148,35.47924,6.956,37.61694,245.58099,0.5,0.06713,0.01,0.04081,4.53846,3.92347
B014,152,35.41961,6.90615,34.86414,240.27502,0.5,0.06772,0.01,0.04204,4.04172,4.20963
B014,156,35.60018,6.96323,33.65705,243.62732,0.5,0.06827,0.01,0.04095,4.11174,4.17364
B014,160,35.55358,6.91203,30.09636,245.20526,0.5,0.06876,0.01,0.04662,4.14999,4.54669
B014,164,35.49717,6.91876,31.76323,243.5551,0.5,0.06919,0.01,0.03707,3.78191,4.42578
B014,168,35.56652,6.92071,34.6979,248.68701,0.5,0.06954,0.01,0.03877,3.92576,4.49994
B014,172,35.4396,6.9237,31.51649,245.29202,0.5,0.06979,0.01,0.03541,3.81361,4.65433
B014,176,35.56649,6.91209,30.11396,248.02139,0.5,0.06995,0.01,0.03671,3.78671,4.49906
B014,180,35.47957,6.91832,28.01128,249.513,0.5,0.07,0.01,0.036,3.46416,4.51515
B014,184,35.51119,6.9192,33.42037,245.88109,0.5,0.06995,0.01,0.03759,3.33859,4.54633
B014,188,35.44336,6.91155,31.17394,249.4307,0.5,0.06979,0.01,0.0342,3.55879,4.1785
B014,192,35.4934,6.90671,28.66438,244.67348,0.5,0.06954,0.01,0.03392,3.38075,4.21153
B014,196,35.48554,6.95759,30.56479,247.30007,0.5,0.06919,0.01,0.03264,3.74364,4.21192
B014,200,35.42197,6.88349,30.56225,248.53963,0.5,0.06876,0.01,0.02991,3.66131,3.96581
B014,204,35.64165,6.9374,33.20339,251.03011,0.5,0.06827,0.01,0.03063,3.68009,3.96161
B014,208,35.43666,6.93796,34.54883,245.71411,0.5,0.06772,0.01,0.0304,3.13186,3.40962
B014,212,35.36229,6.9678,34.16491,250.19061,0.5,0.06713,0.01,0.03057,3.39494,3.19845
B014,216,35.4493,6.92894,37.19954,251.72785,0.5,0.06652,0.01,0.03081,3.44404,3.28919
B014,220,35.34844,6.9609,36.88464,250.59582,0.5,0.06589,0.01,0.02852,3.35585,3.09297
B014,224,35.43166,6.97889,39.42384,254.03716,0.5,0.06527,0.01,0.0278,3.12688,2.75821
B014,228,35.40242,7.01606,37.85625,259.24679,0.5,0.06467,0.01,0.02422,3.31952,2.62492
B014,232,35.50348,7.00513,44.45016,254.43056,0.5,0.06409,0.01,0.02812,3.17368,2.4676
B014,236,35.62742,6.97431,39.07562,255.35186,0.5,0.06355,0.01,0.02507,3.10502,2.08987
B014,240,35.53202,6.99827,39.20559,253.74761,0.5,0.06304,0.01,0.02741,2.84599,1.92191
B014,244,35.52196,7.03859,39.64059,253.67088,0.5,0.06258,0.01,0.02805,3.23436,1.85982
B014,248,35.5729,6.99179,41.60564,253.12692,0.5,0.06217,0.01,0.02458,2.96153,1.78787
B014,252,35.37464,7.02461,39.55407,256.12334,0.5,0.0618,0.01,0.02249,3.01391,1.39424
B014,256,35.65636,7.03051,43.42643,264.09368,0.5,0.06148,0.01,0.02414,2.9849,1.37775
B014,260,35.4639,7.02468,40.0733,256.9774,0.5,0.06121,0.01,0.02455,2.95397,1.2519
B014,264,35.36877,7.10478,43.91619,259.83409,0.5,0.06097,0.01,0.02295,2.83929,1.22302
B014,268,35.54448,7.02963,41.62061,258.09808,0.5,0.06077,0.01,0.02223,2.93501,1.07481
B014,272,35.54296,7.05332,43.49877,259.2783,0.5,0.06061,0.01,0.02432,2.77161,0.92394
B014,276,35.53676,7.02466,45.36244,262.5355,0.5,0.06048,0.01,0.02407,2.49932,1.06266
B014,280,35.5055,7.05843,48.40348,264.38362,0.5,0.06037,0.01,0.02232,2.77841,0.78046
B014,284,35.37437,7.06813,42.77539,259.40525,0.5,0.06028,0.01,0.01969,2.42194,0.75057
B014,288,35.4784,7.03255,44.44829,258.87021,0.5,0.06021,0.01,0.02396,2.39191,0.54238
B014,292,35.58235,7.04658,43.5482,264.70502,0.5,0.06016,0.01,0.02161,2.3427,0.60198
B014,296,35.45715,7.0261,43.35744,264.80115,0.5,0.06012,0.01,0.02372,2.58499,0.70958
B014,300,35.55835,7.02028,43.66467,268.5802,0.5,0.06009,0.01,0.0238,2.47237,0.65127
B014,304,35.48942,7.07511,46.31409,260.65747,0.5,0.06006,0.01,0.01997,1.96358,0.65442
B014,308,35.36258,7.03557,44.10809,265.22076,0.5,0.06004,0.01,0.02421,2.33752,0.62224
B014,312,35.31297,6.98925,48.77972,272.18531,0.5,0.06003,0.01,0.02543,2.60026,0.78379
B014,316,35.41091,7.09385,45.67621,264.34532,0.5,0.06002,0.01,0.02607,2.27721,0.42372
B014,320,35.43872,7.02975,43.26149,268.34226,0.5,0.06002,0.01,0.02547,2.26616,0.30203
B014,324,35.54966,7.0437,44.36184,272.17802,0.5,0.06001,0.01,0.02177,2.34342,0.35554
B014,328,35.5836,7.09093,43.62683,269.20232,0.5,0.06001,0.01,0.02881,2.42698,0.38447
B014,332,35.58164,7.04639,46.35337,267.787,0.5,0.06,0.01,0.02764,2.39072,0.34109
B014,336,35.35433,7.04587,42.20958,268.38661,0.5,0.06,0.01,0.02502,1.5942,0.45992
B015,0,36.94871,7.00325,46.73795,224.78534,0.2,0.024,0.004,0.0,5.59106,0.71408
B015,4,36.78959,7.03688,40.68699,220.04348,0.2,0.024,0.004,0.0,5.57422,0.43257
B015,8,36.89088,7.01717,44.31951,226.07901,0.2,0.024,0.004,0.0,5.17984,0.41186
B015,12,37.12689,7.04461,48.12888,224.35581,0.2,0.024,0.004,0.0,5.1898,0.42508
B015,16,36.98092,7.07097,44.44185,219.37596,0.2,0.024,0.004,0.0,5.58646,0.6894
B015,20,36.94739,7.00357,45.1529,228.82793,0.2,0.024,0.004,0.0,5.31228,0.7312
B015,24,36.94462,7.04101,46.29687,216.53321,0.2,0.024,0.004,0.0,5.10749,0.5598
B015,28,37.09612,7.03717,42.082,224.3588,0.2,0.024,0.004,0.0,5.14126,0.39966
B015,32,36.8339,7.08953,45.12256,224.88364,0.2,0.024,0.004,0.0,5.31152,0.61008
B015,36,37.04973,7.06079,45.10916,224.99419,0.2,0.024,0.004,0.0,5.23618,0.79536
B015,40,36.98553,7.02057,48.16595,223.10765,0.2,0.024,0.004,0.0,4.75611,0.76382
B015,44,36.91986,7.03822,42.89924,232.11445,0.2,0.024,0.004,0.0,5.26617,0.83943
B015,48,37.14995,7.0889,44.35138,227.19206,0.2,0.024,0.004,0.04102,6.12334,0.80478
B015,52,36.87766,7.06786,43.4218,229.19165,0.2,0.024,0.004,0.04392,5.94666,1.04293
B015,56,37.04312,7.02704,43.2415,229.98282,0.2,0.024,0.004,0.04568,5.75537,1.01995
B015,60,37.13143,7.04332,46.91658,235.10805,0.2,0.024,0.004,0.04467,6.08641,1.11049
B015,64,36.98132,7.04412,45.04531,231.61952,0.2,0.024,0.004,0.04351,5.90543,1.12426
B015,68,37.00674,7.03655,44.05554,228.30365,0.2,0.024,0.004,0.04793,5.61985,1.23669
B015,72,37.02167,7.00724,44.11966,232.8145,0.2,0.024,0.004,0.04764,5.78535,1.30073
B015,76,36.9326,7.03306,44.04251,232.34062,0.2,0.024,0.004,0.04437,6.25988,1.2093
B015,80,37.03345,7.08473,44.19453,234.93855,0.2,0.024,0.004,0.04408,5.64485,1.4431
B015,84,36.93139,7.04047,42.85044,230.86756,0.2,0.024,0.004,0.04492,5.48148,1.57327
B015,88,37.12437,7.04742,44.56016,232.70651,0.2,0.024,0.004,0.04803,5.46311,1.69866
B015,92,37.00241,7.05351,44.38935,233.27469,0.2,0.024,0.004,0.04754,5.90355,1.69301
B015,96,37.09064,7.10545,43.71175,237.91543,0.2,0.024,0.004,0.04858,5.71497,1.61098
B015,100,37.0685,7.05022,45.26358,233.63002,0.2,0.024,0.004,0.04629,5.71065,1.71324
B015,104,37.11391,7.07735,45.40781,233.99317,0.2,0.024,0.004,0.04499,5.42148,1.84154
B015,108,37.11286,7.03505,44.0537,240.63485,0.2,0.024,0.004,0.04852,5.64282,1.99833
B015,112,36.92628,7.04352,44.75497,238.54527,0.2,0.024,0.004,0.04537,5.13759,2.04068
B015,116,37.06258,7.05031,48.66966,245.24473,0.2,0.024,0.004,0.04659,5.30209,1.99744
B015,120,36.94062,7.03065,48.60474,242.29763,0.2,0.024,0.004,0.04281,5.18196,2.07009
B015,124,36.91529,7.04491,43.20805,239.53652,0.2,0.024,0.004,0.04442,5.37122,2.02289
B015,128,37.07662,7.0722,43.44544,239.9146,0.2,0.024,0.004,0.04717,5.20063,1.9644
B015,132,36.95665,7.02999,43.19901,239.35458,0.2,0.024,0.004,0.04327,4.88514,2.38123
B015,136,36.99964,7.05,46.79699,241.05196,0.2,0.024,0.004,0.04584,5.02551,2.72742
B015,140,37.08879,7.06772,44.3225,241.81582,0.2,0.024,0.004,0.03901,4.49362,2.70961
B015,144,35.38778,7.02939,45.40745,239.91304,0.2,0.024,0.004,0.04199,4.40389,2.41417
B015,148,35.51045,7.07739,48.39484,244.48993,0.2,0.024,0.004,0.04216,4.92753,2.57922
B015,152,35.38364,7.05182,44.98221,244.08964,0.2,0.024,0.004,0.04534,4.74211,2.40694
B015,156,35.41398,7.04587,46.20062,243.21238,0.2,0.024,0.004,0.03885,4.55214,2.43821
B015,160,35.74239,6.9998,45.88472,244.91066,0.2,0.024,0.004,0.04183,4.7753,2.4563
B015,164,35.43089,7.04066,44.00003,245.82337,0.2,0.024,0.004,0.04188,4.83041,2.5686
B015,168,35.45863,7.05929,46.80057,242.31777,0.2,0.024,0.004,0.03758,4.51963,2.56079
B015,172,35.47514,7.09363,43.55551,250.42745,0.2,0.024,0.004,0.03751,4.72082,2.59156
B015,176,35.52453,7.0642,47.2778,237.15158,0.2,0.024,0.004,0.03776,4.42259,2.61114
B015,180,35.69368,7.07816,44.00133,247.54919,0.2,0.024,0.004,0.03373,4.23766,2.45357
B015,184,35.52747,7.01977,44.18745,250.86008,0.2,0.024,0.004,0.03499,4.20997,2.45333
B015,188,35.53723,7.04683,43.14957,250.44073,0.2,0.024,0.004,0.03765,3.95389,2.26578
B015,192,35.4661,7.08052,43.42876,245.11061,0.2,0.024,0.004,0.03534,4.2517,2.1774
B015,196,35.59768,7.02781,44.2745,248.02826,0.2,0.024,0.004,0.03319,3.53755,2.09484
B015,200,35.46716,7.07413,40.86671,248.88057,0.2,0.024,0.004,0.03294,3.81796,2.28357
B015,204,35.4948,7.06833,44.60334,245.87909,0.2,0.024,0.004,0.0331,3.88351,2.09174
B015,208,35.45685,7.05687,44.13644,251.8911,0.2,0.024,0.004,0.03271,3.67965,1.83082
B015,212,35.51786,7.04178,46.34302,255.27398,0.2,0.024,0.004,0.02931,3.60732,1.96802
B015,216,35.64715,7.02534,45.71907,256.93745,0.2,0.024,0.004,0.03276,4.05807,1.7439
B015,220,35.54685,7.09438,43.79702,255.46581,0.2,0.024,0.004,0.03162,3.84916,2.00984
B015,224,35.54985,7.0658,44.22046,253.23647,0.2,0.024,0.004,0.02966,3.43007,1.65735
B015,228,35.56295,7.05852,44.60115,257.98262,0.2,0.024,0.004,0.02597,3.32877,1.72486
B015,232,35.57041,7.03968,47.52613,254.70396,0.2,0.024,0.004,0.025,3.11117,1.69072
B015,236,35.43329,7.05095,43.60208,252.8273,0.2,0.024,0.004,0.02581,3.4401,1.36369
B015,240,35.4455,7.05412,43.77641,256.77123,0.2,0.024,0.004,0.02604,3.22604,1.40746
B015,244,35.42803,7.06,43.08141,257.90171,0.2,0.024,0.004,0.02188,2.76501,1.38709
B015,248,35.47541,7.06836,42.48053,255.02974,0.2,0.024,0.004,0.02595,3.19078,1.25956
B015,252,35.50426,7.03044,45.52191,258.97684,0.2,0.024,0.004,0.02712,3.23292,1.2171
B015,256,35.43212,7.01334,45.34494,257.67216,0.2,0.024,0.004,0.02533,3.2345,0.94561
B015,260,35.53741,7.05211,47.1807,256.71373,0.2,0.024,0.004,0.0225,2.92929,1.1066
B015,264,35.36738,7.00632,46.7704,254.99028,0.2,0.024,0.004,0.02199,2.81472,0.92043
B015,268,35.38971,7.04191,49.0751,259.35219,0.2,0.024,0.004,0.02396,3.24053,0.96318
B015,272,35.67058,7.03727,44.87442,262.02439,0.2,0.024,0.004,0.02289,2.80932,0.97798
B015,276,35.47058,7.06229,44.5571,260.92935,0.2,0.024,0.004,0.02396,2.91657,0.89805
B015,280,35.53435,7.09956,42.78962,267.08732,0.2,0.024,0.004,0.02422,2.64828,0.81368
B015,284,35.45753,7.00139,46.18418,260.32717,0.2,0.024,0.004,0.02519,2.84584,0.80668
B015,288,35.3897,7.10685,45.20151,263.50929,0.2,0.024,0.004,0.02078,2.30153,0.77366
B015,292,35.45933,7.04417,46.10715,264.99079,0.2,0.024,0.004,0.02359,2.50247,0.83544
B015,296,35.37167,7.0587,43.06349,264.79452,0.2,0.024,0.004,0.02256,2.29463,0.62016
B015,300,35.40375,7.01463,45.59773,263.72305,0.2,0.024,0.004,0.0233,2.3735,0.61535
B015,304,35.6769,7.07492,45.34884,268.39652,0.2,0.024,0.004,0.02547,2.71394,0.68192
B015,308,35.48973,7.05104,45.23636,275.79683,0.2,0.024,0.004,0.02599,2.34363,0.48839
B015,312,35.42679,7.04846,43.83845,270.29565,0.2,0.024,0.004,0.0272,2.56517,0.36673
B015,316,35.50448,7.00157,47.02185,266.47701,0.2,0.024,0.004,0.02565,2.6223,0.56823
B015,320,35.58736,7.05184,48.48552,266.2987,0.2,0.024,0.004,0.02502,2.28054,0.46857
B015,324,35.52615,7.07115,43.11242,271.06166,0.2,0.024,0.004,0.02522,2.4214,0.33459
B015,328,35.38134,7.04409,46.22475,266.95476,0.2,0.024,0.004,0.02279,2.22923,0.52754
B015,332,35.50431,7.07935,40.10765,271.69046,0.2,0.024,0.004,0.0295,2.27449,0.62878
B015,336,35.6137,7.07832,46.13664,269.75236,0.2,0.024,0.004,0.02678,2.27258,0.25247
B016,0,36.9523,7.05264,45.64612,224.86229,0.5,0.06,0.01,0.0,5.38928,0.59919
B016,4,36.93354,7.07732,44.04776,218.61193,0.5,0.06,0.01,0.0,5.54672,0.59382
B016,8,37.04517,7.05739,47.2663,220.09889,0.5,0.06,0.01,0.0,5.21003,0.43987
B016,12,36.99315,7.03922,45.98614,217.42706,0.5,0.06,0.01,0.0,5.37345,0.30781
B016,16,37.18607,7.05167,43.48322,222.61359,0.5,0.06,0.01,0.0,5.04224,0.5018
B016,20,37.03992,7.05203,48.20089,221.37812,0.5,0.06,0.01,0.0,5.2179,0.84504
B016,24,36.94779,7.04771,45.16556,229.33805,0.5,0.06,0.01,0.0,5.00553,0.52066
B016,28,36.94895,7.01702,43.14002,221.24207,0.5,0.06,0.01,0.0,5.14996,0.56067
B016,32,37.00284,7.08108,43.58857,217.09591,0.5,0.06,0.01,0.0,5.02581,0.57134
B016,36,36.97476,7.07666,47.52923,225.12913,0.5,0.06,0.01,0.0,4.85373,0.87539
B016,40,36.89126,7.0239,48.10247,230.53966,0.5,0.06,0.01,0.0,4.9014,0.74268
B016,44,36.95244,7.04248,46.71612,225.88755,0.5,0.06,0.01,0.0,4.80385,0.74268
B016,48,36.95262,7.04437,47.24282,226.9553,0.5,0.06,0.01,0.0447,5.80488,1.0372
B016,52,37.13731,7.02109,47.06825,228.54661,0.5,0.06,0.01,0.04701,6.24602,0.99078
B016,56,37.12562,7.00333,45.94676,230.7772,0.5,0.06,0.01,0.04138,5.79779,0.86845
B016,60,37.01152,7.03324,45.55937,230.05102,0.5,0.06,0.01,0.0489,5.60613,0.89328
B016,64,36.85429,7.04109,45.91777,230.47636,0.5,0.06,0.01,0.04236,5.67886,1.24415
B016,68,36.8765,7.01397,46.25123,225.32419,0.5,0.06,0.01,0.04347,5.93548,1.17578
B016,72,37.01543,7.05442,43.73928,227.45776,0.5,0.06,0.01,0.04494,5.62253,1.05981
B016,76,37.07189,7.07907,46.24433,231.13229,0.5,0.06,0.01,0.04906,6.08421,1.1067
B016,80,37.03529,7.07105,47.47965,228.41068,0.5,0.06,0.01,0.04711,5.56366,1.26441
B016,84,36.98573,7.04683,44.64917,235.89188,0.5,0.06,0.01,0.04634,5.74106,1.32955
B016,88,37.07761,7.00399,44.46748,230.80812,0.5,0.06,0.01,0.04535,5.76434,1.31451
B016,92,36.95636,7.06789,45.81013,230.83394,0.5,0.06,0.01,0.04424,5.58303,1.51114
B016,96,36.94749,7.05366,43.89558,230.2028,0.5,0.06,0.01,0.04926,5.33209,1.61652
B016,100,36.98236,7.06061,42.76141,238.16536,0.5,0.06,0.01,0.04854,5.34391,1.75508
B016,104,36.95107,7.0984,46.95112,233.87435,0.5,0.06,0.01,0.04955,5.70128,2.09691
B016,108,36.93232,7.02938,44.23338,232.78747,0.5,0.06,0.01,0.04748,5.24617,1.94357
B016,112,37.04233,6.97813,45.03136,236.39467,0.5,0.06,0.01,0.04119,5.36148,2.03524
B016,116,37.00438,7.02366,43.96279,241.22392,0.5,0.06,0.01,0.04373,5.12382,2.1934
B016,120,37.10657,7.06215,47.17048,233.0613,0.5,0.06,0.01,0.04684,5.25649,2.17718
B016,124,36.86189,7.05067,46.4504,242.98793,0.5,0.06,0.01,0.04482,4.88288,2.32273
B016,128,37.0412,7.01961,44.59074,236.60441,0.5,0.06,0.01,0.04403,4.95534,2.37241
B016,132,36.95317,7.01451,42.99417,234.69056,0.5,0.06,0.01,0.0425,4.82083,2.41175
B016,136,36.97488,7.04113,44.41022,238.9518,0.5,0.06,0.01,0.04611,5.06124,2.78096
B016,140,36.89399,7.01885,45.96926,243.33011,0.5,0.06,0.01,0.04459,4.95151,2.60333
B016,144,35.60214,7.06302,45.32068,241.51792,0.5,0.06,0.01,0.04411,4.95798,2.40175
B016,148,35.44779,7.03971,45.18547,241.31069,0.5,0.06,0.01,0.04123,4.66648,2.60566
B016,152,35.51985,7.03432,45.35989,242.82801,0.5,0.06,0.01,0.04221,4.5638,2.48768
B016,156,35.51683,7.03104,46.28995,238.82552,0.5,0.06,0.01,0.03851,4.62365,2.64921
B016,160,35.55322,7.05658,44.92884,244.01025,0.5,0.06,0.01,0.04023,4.40036,2.43498
B016,164,35.70422,7.05107,45.76502,243.4371,0.5,0.06,0.01,0.03471,4.59382,2.46273
B016,168,35.52588,7.05505,43.32224,253.68766,0.5,0.06,0.01,0.03588,4.36048,2.62395
B016,172,35.40727,7.0545,49.34155,247.08136,0.5,0.06,0.01,0.03761,4.31762,2.68095
B016,176,35.46212,7.0482,44.51744,245.83199,0.5,0.06,0.01,0.04223,4.52697,2.59187
B016,180,35.38609,7.02417,45.34611,251.02938,0.5,0.06,0.01,0.03309,4.15355,2.59649
B016,184,35.47778,7.03174,45.96299,243.95473,0.5,0.06,0.01,0.03341,3.82883,2.49385
B016,188,35.60022,7.04013,44.30166,246.68759,0.5,0.06,0.01,0.03553,3.94126,2.41774
B016,192,35.52677,7.10163,45.0133,251.32425,0.5,0.06,0.01,0.03784,4.33235,2.2783
B016,196,35.47368,7.01628,44.99265,249.07278,0.5,0.06,0.01,0.03391,4.01078,2.37228
B016,200,35.3712,7.03953,43.44614,250.57651,0.5,0.06,0.01,0.03412,3.65025,2.32865
B016,204,35.39085,7.05246,45.7456,249.74248,0.5,0.06,0.01,0.03126,3.89684,2.12472
B016,208,35.5125,7.04242,42.19632,254.42211,0.5,0.06,0.01,0.03015,3.65699,2.04132
B016,212,35.43443,7.07685,47.9796,256.15476,0.5,0.06,0.01,0.03058,3.56316,2.16656
B016,216,35.57575,7.04229,46.34805,251.11177,0.5,0.06,0.01,0.02837,3.41125,1.89131
B016,220,35.59595,7.04414,46.08651,250.96143,0.5,0.06,0.01,0.03043,3.80082,1.81968
B016,224,35.42795,7.07037,42.04771,254.30088,0.5,0.06,0.01,0.02509,3.08555,1.78492
B016,228,35.44512,7.09527,43.6527,254.22565,0.5,0.06,0.01,0.02944,3.34919,1.63134
B016,232,35.57888,7.08519,47.36189,255.15169,0.5,0.06,0.01,0.02712,3.41563,1.4616
B016,236,35.50968,7.04658,52.05711,256.01544,0.5,0.06,0.01,0.02603,3.6029,1.52364
B016,240,35.36455,7.04876,47.03098,257.17551,0.5,0.06,0.01,0.02263,3.2855,1.39368
B016,244,35.58259,7.05117,46.7628,255.72211,0.5,0.06,0.01,0.02346,3.00613,1.54174
B016,248,35.51977,7.05367,45.89246,256.26655,0.5,0.06,0.01,0.02735,3.48312,1.34031
B016,252,35.53694,7.02882,43.55925,256.67053,0.5,0.06,0.01,0.02412,2.83518,1.10231
B016,256,35.6318,7.07341,46.6918,264.45209,0.5,0.06,0.01,0.02473,3.09399,1.19265
B016,260,35.56992,7.05517,43.12795,263.62389,0.5,0.06,0.01,0.02209,3.02012,1.07706
B016,264,35.37686,7.04888,42.94201,255.33587,0.5,0.06,0.01,0.02352,2.76147,1.1359
B016,268,35.59213,7.01822,42.835,266.66259,0.5,0.06,0.01,0.02062,2.92497,0.85831
B016,272,35.60248,7.05156,46.65873,264.05657,0.5,0.06,0.01,0.02339,2.72829,0.89022
B016,276,35.51809,7.00267,44.9024,258.87101,0.5,0.06,0.01,0.02382,2.90855,0.8059
B016,280,35.5058,7.03546,45.17146,268.31676,0.5,0.06,0.01,0.02365,2.40022,0.77885
B016,284,35.47184,7.03592,44.97381,261.23513,0.5,0.06,0.01,0.0212,2.68218,0.6234
B016,288,35.58858,7.05717,43.08628,266.72106,0.5,0.06,0.01,0.02236,2.52887,0.76016
B016,292,35.58829,7.097,43.85976,261.38792,0.5,0.06,0.01,0.02422,2.80837,0.70614
B016,296,35.58717,7.0643,43.94528,264.70495,0.5,0.06,0.01,0.02287,2.5118,0.77848
B016,300,35.6861,7.08621,42.61104,265.95649,0.5,0.06,0.01,0.02292,2.69782,0.59447
B016,304,35.49225,7.06613,44.14284,267.32414,0.5,0.06,0.01,0.02755,2.63217,0.52065
B016,308,35.47303,7.07813,43.16178,260.81418,0.5,0.06,0.01,0.02215,2.33469,0.64195
B016,312,35.48076,7.09643,45.98205,266.03112,0.5,0.06,0.01,0.02656,2.56177,0.43165
B016,316,35.51949,7.0317,46.12365,267.69099,0.5,0.06,0.01,0.02249,2.41311,0.63924
B016,320,35.46711,7.03007,42.80081,267.74341,0.5,0.06,0.01,0.02655,2.40868,0.62323
B016,324,35.43727,7.06672,44.49573,268.63245,0.5,0.06,0.01,0.02714,1.87796,0.63037
B016,328,35.50465,7.04991,48.1553,266.49925,0.5,0.06,0.01,0.02523,2.01799,0.51267
B016,332,35.52142,7.05551,43.3327,270.58436,0.5,0.06,0.01,0.02439,2.37481,0.39867
B016,336,35.4867,7.04378,45.72528,277.66314,0.5,0.06,0.01,0.02348,1.82903,0.46114
B017,0,36.93987,7.0559,44.00029,220.47372,0.2,0.024,0.004,0.0,5.28636,0.54395
B017,4,36.98554,6.98928,43.4309,226.55409,0.2,0.024,0.004,0.0,5.45379,0.41007
B017,8,36.92535,7.06616,47.23361,218.26913,0.2,0.024,0.004,0.0,5.65271,0.62352
B017,12,36.90935,7.05375,48.15557,223.70663,0.2,0.024,0.004,0.0,5.72995,0.81622
B017,16,36.99669,7.0641,44.62392,219.71132,0.2,0.024,0.004,0.0,5.53842,0.54396
B017,20,36.97098,7.01783,45.57031,220.62547,0.2,0.024,0.004,0.0,5.04813,0.66173
B017,24,37.02367,7.04211,45.09689,231.65313,0.2,0.024,0.004,0.0,5.29319,0.57243
B017,28,37.0587,7.02271,47.94186,226.23806,0.2,0.024,0.004,0.0,5.07703,0.66622
B017,32,36.96271,7.06862,41.40764,228.44,0.2,0.024,0.004,0.0,5.1671,0.51018
B017,36,37.00169,7.01487,45.64111,227.72428,0.2,0.024,0.004,0.0,4.929,0.72956
B017,40,37.0237,7.02678,43.76389,225.46859,0.2,0.024,0.004,0.0,4.71157,0.77706
B017,44,36.92361,7.06336,40.99486,226.16339,0.2,0.024,0.004,0.0,4.90999,1.03367
B017,48,37.06736,7.03427,44.3871,225.67559,0.2,0.024,0.004,0.04496,6.17804,0.65218
B017,52,36.90383,7.02679,48.14168,227.12796,0.2,0.024,0.004,0.03998,5.92731,0.88754
B017,56,37.07452,7.07267,43.88472,224.6229,0.2,0.024,0.004,0.04782,6.09608,1.13334
B017,60,36.91432,7.07369,46.3443,228.79151,0.2,0.024,0.004,0.04469,5.93619,1.0111
B017,64,37.17067,7.06805,47.03774,227.58227,0.2,0.024,0.004,0.048,6.00479,1.08461
B017,68,37.03962,7.07122,44.97842,230.98041,0.2,0.024,0.004,0.0418,5.82438,1.07378
B017,72,36.95284,7.04421,45.20477,231.2834,0.2,0.024,0.004,0.0467,5.754,1.13379
B017,76,37.07193,7.04489,42.08229,231.57228,0.2,0.024,0.004,0.04532,5.73598,1.10157
B017,80,37.08724,7.0338,43.78252,233.74098,0.2,0.024,0.004,0.04781,6.04897,1.32283
B017,84,36.99524,7.05419,46.54191,230.71622,0.2,0.024,0.004,0.04746,5.70405,1.35956
B017,88,36.9611,7.0368,45.10315,228.78847,0.2,0.024,0.004,0.04767,5.64334,1.57421
B017,92,36.97863,7.03917,45.62448,234.238,0.2,0.024,0.004,0.04487,5.53636,1.54856
B017,96,37.13723,7.065,45.22637,235.98496,0.2,0.024,0.004,0.04688,5.4808,1.66926
B017,100,36.98235,7.07961,48.72641,236.62595,0.2,0.024,0.004,0.04658,5.38625,1.75633
B017,104,36.98551,7.05996,44.26812,237.751,0.2,0.024,0.004,0.04783,5.48537,1.88798
B017,108,36.87222,7.09486,47.7292,241.01255,0.2,0.024,0.004,0.04866,5.32959,1.91217
B017,112,36.911,7.03236,45.22696,239.1812,0.2,0.024,0.004,0.04678,5.2993,1.92794
B017,116,36.97823,7.00405,47.88014,237.05252,0.2,0.024,0.004,0.04367,5.0574,2.14258
B017,120,36.98071,7.06787,42.91754,238.76681,0.2,0.024,0.004,0.04613,5.23261,2.33376
B017,124,37.13709,7.0307,45.31391,238.87892,0.2,0.024,0.004,0.05078,5.38658,2.29013
B017,128,37.0862,7.04316,44.33073,240.48616,0.2,0.024,0.004,0.04844,5.13693,2.26556
B017,132,36.95606,7.00576,45.2371,240.3437,0.2,0.024,0.004,0.03875,4.52332,2.38226
B017,136,37.04025,7.02752,47.07804,240.30341,0.2,0.024,0.004,0.04434,5.08268,2.20291
B017,140,37.03303,7.01244,45.64398,243.59609,0.2,0.024,0.004,0.04554,4.98016,2.47727
B017,144,35.49813,7.03914,47.07465,232.76834,0.2,0.024,0.004,0.04274,4.66174,2.48351
B017,148,35.47308,7.04014,43.86062,240.51176,0.2,0.024,0.004,0.04158,4.90264,2.44922
B017,152,35.44104,7.05225,43.60118,240.75362,0.2,0.024,0.004,0.04132,4.45737,2.49243
B017,156,35.54238,7.08099,45.02738,249.49109,0.2,0.024,0.004,0.04229,4.87343,2.54643
B017,160,35.56565,7.06692,44.93429,247.36779,0.2,0.024,0.004,0.03819,4.52443,2.71909
B017,164,35.46981,7.00945,44.68404,244.914,0.2,0.024,0.004,0.04214,4.17714,2.72671
B017,168,35.53412,7.0652,43.37033,243.22133,0.2,0.024,0.004,0.03891,4.4888,2.47131
B017,172,35.40439,7.05279,47.03771,244.91322,0.2,0.024,0.004,0.03639,4.27258,2.49907
B017,176,35.38469,7.04755,44.38318,246.62561,0.2,0.024,0.004,0.03973,4.28101,2.47245
B017,180,35.52043,7.04943,47.42433,246.18787,0.2,0.024,0.004,0.0336,4.04729,2.59114
B017,184,35.51934,7.05511,45.02166,248.8507,0.2,0.024,0.004,0.03479,4.1388,2.46645
B017,188,35.52055,7.0327,46.10233,244.59541,0.2,0.024,0.004,0.03396,4.00556,2.40818
B017,192,35.47974,7.04544,45.94811,250.02953,0.2,0.024,0.004,0.03859,3.82648,2.40309
B017,196,35.48427,7.0796,43.59873,252.84522,0.2,0.024,0.004,0.03213,4.1803,2.20315
B017,200,35.59617,7.0324,45.62424,254.14115,0.2,0.024,0.004,0.0284,3.7661,2.36933
B017,204,35.53667,7.02425,48.27817,257.68041,0.2,0.024,0.004,0.03077,3.6895,2.13208
B017,208,35.45078,7.04846,45.42774,257.57223,0.2,0.024,0.004,0.03208,3.60285,1.95264
B017,212,35.56146,7.02174,46.53217,255.82116,0.2,0.024,0.004,0.03199,3.8944,1.94803
B017,216,35.4744,7.00693,46.17856,254.93342,0.2,0.024,0.004,0.03424,3.53035,2.04159
B017,220,35.48573,7.04139,45.52198,250.55198,0.2,0.024,0.004,0.0318,3.67908,1.75958
B017,224,35.48258,7.08622,45.31701,262.37093,0.2,0.024,0.004,0.02868,3.424,1.84076
B017,228,35.63742,7.04903,45.93044,249.88166,0.2,0.024,0.004,0.02587,3.3163,1.56804
B017,232,35.54446,7.05446,46.29758,257.19679,0.2,0.024,0.004,0.03029,3.2746,1.46816
B017,236,35.47297,6.99675,42.70132,255.93492,0.2,0.024,0.004,0.02572,3.19944,1.55744
B017,240,35.52208,7.06095,45.42041,251.96017,0.2,0.024,0.004,0.0246,3.23664,1.29346
B017,244,35.43645,7.05233,44.68707,256.33066,0.2,0.024,0.004,0.02458,3.2289,1.41937
B017,248,35.57089,7.03338,44.3344,256.97054,0.2,0.024,0.004,0.02245,2.94388,1.28789
B017,252,35.62982,7.0545,47.20314,255.71254,0.2,0.024,0.004,0.02361,3.04991,1.06894
B017,256,35.51545,7.05425,43.75365,257.33711,0.2,0.024,0.004,0.02371,3.18058,1.09659
B017,260,35.54704,7.02351,42.62889,256.65524,0.2,0.024,0.004,0.02531,2.71356,0.97426
B017,264,35.65419,7.0583,46.35272,254.52816,0.2,0.024,0.004,0.0228,2.90099,1.02065
B017,268,35.56861,7.07993,42.58533,258.00992,0.2,0.024,0.004,0.02083,2.6335,1.14778
B017,272,35.54801,7.0443,41.7225,266.40242,0.2,0.024,0.004,0.01998,2.54612,0.8231
B017,276,35.42902,7.02831,46.54406,267.75529,0.2,0.024,0.004,0.02349,2.82235,0.88184
B017,280,35.53086,7.04556,45.26983,260.70032,0.2,0.024,0.004,0.02316,2.6208,0.77476
B017,284,35.42854,7.07137,45.80362,261.93014,0.2,0.024,0.004,0.02189,2.42033,0.73251
B017,288,35.34358,7.01934,44.24787,261.95427,0.2,0.024,0.004,0.02211,2.83515,0.67123
B017,292,35.44914,7.06446,42.64651,262.824,0.2,0.024,0.004,0.02392,2.7596,0.55309
B017,296,35.52841,7.03305,42.98416,264.61966,0.2,0.024,0.004,0.02607,2.252,0.66447
B017,300,35.44392,7.05605,44.53728,265.37696,0.2,0.024,0.004,0.02193,2.18292,0.56103
B017,304,35.49595,7.03589,42.83692,262.18161,0.2,0.024,0.004,0.02392,2.5569,0.46149
B017,308,35.47692,7.03582,45.52199,267.93801,0.2,0.024,0.004,0.02596,2.40183,0.66893
B017,312,35.54577,7.08808,44.21382,266.11011,0.2,0.024,0.004,0.02285,2.59726,0.53884
B017,316,35.61981,7.01477,45.31456,267.88975,0.2,0.024,0.004,0.02477,2.43807,0.48167
B017,320,35.47797,7.06213,45.26375,272.63241,0.2,0.024,0.004,0.02516,2.34301,0.6541
B017,324,35.47704,7.09328,45.65756,275.3042,0.2,0.024,0.004,0.0231,2.00567,0.25917
B017,328,35.4591,7.06714,45.84912,266.16481,0.2,0.024,0.004,0.02659,2.31725,0.62021
B017,332,35.48669,7.01672,44.41537,269.05275,0.2,0.024,0.004,0.02688,1.95848,0.35142
B017,336,35.43538,7.01796,45.31275,278.20592,0.2,0.024,0.004,0.02853,2.41632,0.47342
B018,0,36.99928,7.02726,43.70093,219.85596,0.5,0.06,0.01,0.0,5.52213,0.56431
B018,4,37.04701,7.00455,48.88956,217.71616,0.5,0.06,0.01,0.0,5.54337,0.61407
B018,8,36.87612,7.06718,44.81389,218.4728,0.5,0.06,0.01,0.0,5.47665,0.34053
B018,12,36.96921,7.02827,43.0088,220.7635,0.5,0.06,0.01,0.0,5.57933,0.55418
B018,16,36.98969,7.07167,43.32662,225.49782,0.5,0.06,0.01,0.0,5.43785,0.53786
B018,20,37.09994,7.08494,46.95089,229.01639,0.5,0.06,0.01,0.0,5.18027,0.58521
B018,24,36.87001,7.0114,44.30444,221.03235,0.5,0.06,0.01,0.0,5.09657,0.59883
B018,28,37.12634,7.06385,42.6816,227.32815,0.5,0.06,0.01,0.0,5.15504,0.57673
B018,32,37.08488,7.08232,46.45131,223.56439,0.5,0.06,0.01,0.0,4.97918,0.32892
B018,36,36.9922,7.07548,44.29352,224.48424,0.5,0.06,0.01,0.0,4.87861,0.86904
B018,40,36.87953,6.99759,46.11081,230.41531,0.5,0.06,0.01,0.0,4.63695,0.81143
B018,44,37.05963,7.02866,46.59046,225.56492,0.5,0.06,0.01,0.0,4.69313,0.63967
B018,48,37.10437,7.018,45.46659,225.3089,0.5,0.06,0.01,0.04583,6.42723,0.92436
B018,52,37.01649,7.06309,49.07304,228.9564,0.5,0.06,0.01,0.04594,5.90624,0.86756
B018,56,37.06787,7.06033,42.06794,230.14255,0.5,0.06,0.01,0.04479,6.29045,0.92849
B018,60,37.04399,6.98255,43.60948,226.62774,0.5,0.06,0.01,0.05006,6.10418,0.9479
B018,64,37.02354,7.04248,44.56488,225.08335,0.5,0.06,0.01,0.04478,5.84247,1.1696
B018,68,37.12497,7.07002,48.84399,225.99231,0.5,0.06,0.01,0.04266,5.48028,1.07779
B018,72,36.97228,7.0537,48.0566,226.84338,0.5,0.06,0.01,0.04336,5.72072,1.11408
B018,76,37.01815,7.05366,47.19077,230.01127,0.5,0.06,0.01,0.0494,6.16353,1.45648
B018,80,36.98931,7.04088,43.64999,235.6591,0.5,0.06,0.01,0.04651,5.98312,1.37687
B018,84,37.07271,7.02353,43.84822,229.18369,0.5,0.06,0.01,0.04714,5.71995,1.46059
B018,88,36.94555,7.04957,43.59145,234.62437,0.5,0.06,0.01,0.04585,5.38349,1.64314
B018,92,37.02827,7.0513,43.66817,230.64886,0.5,0.06,0.01,0.04609,5.37586,1.56297
B018,96,37.05993,7.06538,47.5376,231.72738,0.5,0.06,0.01,0.04542,5.33005,1.67063
B018,100,36.95628,7.06741,44.5856,235.47963,0.5,0.06,0.01,0.04789,,1.84728
B018,104,36.98368,7.05215,44.81045,232.16353,0.5,0.06,0.01,0.04665,5.71189,1.7088
B018,108,36.88846,7.07737,46.31646,237.84707,0.5,0.06,0.01,0.04756,5.42817,2.00212
B018,112,37.0229,7.04063,42.172,237.11661,0.5,0.06,0.01,0.04716,5.28038,1.96467
B018,116,37.02166,7.0139,45.0895,235.54324,0.5,0.06,0.01,0.04537,5.52097,2.23495
B018,120,37.01472,7.06193,43.13532,245.61552,0.5,0.06,0.01,0.04299,4.95871,2.27126
B018,124,37.0855,7.05316,44.49949,240.95982,0.5,0.06,0.01,0.04246,5.0829,2.32446
B018,128,36.95649,7.06242,44.00308,234.90488,0.5,0.06,0.01,0.0512,5.32744,2.1459
B018,132,36.90758,7.01839,43.91543,241.13319,0.5,0.06,0.01,0.04766,4.95215,2.38463
B018,136,36.99285,7.09477,45.38349,242.47478,0.5,0.06,0.01,0.04689,4.92579,2.30772
B018,140,37.00692,7.06776,45.37606,243.90028,0.5,0.06,0.01,0.04233,4.74972,2.48957
B018,144,35.52957,7.0428,44.6263,244.08639,0.5,0.06,0.01,0.04312,5.10513,2.25372
B018,148,35.65044,7.02661,45.63016,241.70729,0.5,0.06,0.01,0.04087,5.09027,2.37633
B018,152,35.45107,7.07693,43.52336,236.93509,0.5,0.06,0.01,0.03923,4.67749,2.72537
B018,156,35.56909,7.02246,46.1587,241.74943,0.5,0.06,0.01,0.04001,4.57993,2.63994
B018,160,35.73667,7.10653,44.64946,241.78179,0.5,0.06,0.01,0.04314,4.55052,2.55754
B018,164,35.66842,7.03467,44.17777,246.8451,0.5,0.06,0.01,0.04145,4.56846,2.48661
B018,168,35.41774,7.09301,43.64891,245.89643,0.5,0.06,0.01,0.03708,4.31195,2.45258
B018,172,35.54771,7.04539,44.58962,245.75058,0.5,0.06,0.01,0.03763,4.35924,2.58525
B018,176,35.406,7.08952,48.18009,246.16964,0.5,0.06,0.01,0.03898,4.43687,2.49032
B018,180,35.51409,7.03163,44.89237,241.37185,0.5,0.06,0.01,0.03555,4.15583,2.67959
B018,184,35.51354,7.05047,43.05451,247.3096,0.5,0.06,0.01,0.03606,4.15931,2.42682
B018,188,35.39627,7.07012,46.56199,247.20098,0.5,0.06,0.01,0.0359,4.10819,2.40409
B018,192,35.47505,7.06655,44.19772,254.59028,0.5,0.06,0.01,0.03508,4.01587,2.17212
B018,196,35.55379,7.07752,45.48239,247.42544,0.5,0.06,0.01,0.03401,3.91882,2.23143
B018,200,35.47315,7.03781,43.97038,246.84109,0.5,0.06,0.01,0.03141,4.02234,2.2269
B018,204,35.50582,7.05212,47.17731,253.79554,0.5,0.06,0.01,0.03083,3.50406,2.08756
B018,208,35.57462,7.08121,43.99571,255.95857,0.5,0.06,0.01,0.0289,4.00987,1.99708
B018,212,35.63824,7.03237,47.37636,245.66238,0.5,0.06,0.01,0.0273,3.66279,2.01482
B018,216,35.40451,7.06431,43.21626,246.97543,0.5,0.06,0.01,0.02946,3.75431,2.07554
B018,220,35.53061,7.04452,44.50206,248.54404,0.5,0.06,0.01,0.03062,3.75594,1.82799
B018,224,35.39929,7.05515,47.37999,253.60389,0.5,0.06,0.01,0.02555,3.32319,1.86411
B018,228,35.5959,7.05211,45.2859,254.12381,0.5,0.06,0.01,0.0282,3.30451,1.71767
B018,232,35.43667,7.03029,48.86149,248.35537,0.5,0.06,0.01,0.02861,3.24547,1.69017
B018,236,35.57621,7.04348,44.54246,253.19221,0.5,0.06,0.01,0.02279,3.19322,1.40512
B018,240,35.40821,7.05362,45.43697,250.85402,0.5,0.06,0.01,0.02538,3.38029,1.3735
B018,244,35.51486,7.04743,48.23875,255.86066,0.5,0.06,0.01,0.02871,3.18463,1.29634
B018,248,35.67776,7.08932,42.42633,252.08667,0.5,0.06,0.01,0.02606,3.28493,1.31125
B018,252,35.51292,7.07525,42.21582,258.32201,0.5,0.06,0.01,0.0208,2.56978,1.26886
B018,256,35.41756,7.05725,43.64764,258.68576,0.5,0.06,0.01,0.02549,2.99583,1.12017
B018,260,35.56157,7.03092,46.38273,259.28947,0.5,0.06,0.01,0.02236,3.14899,1.14532
B018,264,35.61076,7.0294,42.26325,253.06694,0.5,0.06,0.01,0.02496,2.92531,0.91117
B018,268,35.59866,7.09935,46.01498,254.45033,0.5,0.06,0.01,0.02198,2.68426,1.02749
B018,272,35.56365,7.02475,45.8954,263.99311,0.5,0.06,0.01,0.02309,2.69491,0.98948
B018,276,35.4473,7.05285,48.42446,269.28771,0.5,0.06,0.01,0.022,2.19297,0.89909
B018,280,35.51571,7.05902,46.77732,255.42169,0.5,0.06,0.01,0.02302,2.53335,0.78793
B018,284,35.5305,7.04222,45.61889,260.44042,0.5,0.06,0.01,0.02187,2.82901,0.81522
B018,288,35.5932,7.02494,47.31053,264.84383,0.5,0.06,0.01,0.0226,2.50411,0.58377
B018,292,35.48784,7.03038,45.91614,265.35075,0.5,0.06,0.01,0.02079,2.43216,0.67978
B018,296,35.47086,7.03634,44.21788,263.3968,0.5,0.06,0.01,0.02427,2.1351,0.66031
B018,300,35.50294,7.03226,43.05417,261.8026,0.5,0.06,0.01,0.02384,2.20254,0.43613
B018,304,35.32138,7.08319,44.03208,266.3174,0.5,0.06,0.01,0.02051,2.57901,0.62702
B018,308,35.34089,7.04977,44.93187,263.22088,0.5,0.06,0.01,0.02603,2.56595,0.39737
B018,312,35.35827,7.0369,45.29753,261.85467,0.5,0.06,0.01,0.02405,2.12361,0.47561
B018,316,35.44753,7.05267,41.37017,268.52937,0.5,0.06,0.01,0.02512,2.2225,0.51382
B018,320,35.49583,7.0667,44.62675,270.46802,0.5,0.06,0.01,0.02677,2.32398,0.4056
B018,324,35.57721,7.04138,45.04859,267.84334,0.5,0.06,0.01,0.02638,2.05628,0.4894
B018,328,35.35182,7.07255,45.93081,266.93007,0.5,0.06,0.01,0.02859,1.91788,0.47546
B018,332,35.49218,7.01822,47.76556,267.47054,0.5,0.06,0.01,0.02624,2.14322,0.35862
B018,336,35.41563,7.07928,45.31561,270.60926,0.5,0.06,0.01,0.02949,2.30841,0.5162
B019,0,37.1161,7.04314,46.73687,219.6232,0.2,0.024,0.004,0.0,5.72229,0.54833
B019,4,36.89606,7.05994,44.80829,220.2757,0.2,0.024,0.004,0.0,5.75146,0.48755
B019,8,36.97333,7.05255,46.68353,216.89299,0.2,0.024,0.004,0.0,5.26679,0.53141
B019,12,37.01195,7.06244,45.29589,221.51314,0.2,0.024,0.004,0.0,5.55414,0.57711
B019,16,37.09458,7.01665,48.25878,228.43894,0.2,0.024,0.004,0.0,5.40694,0.71392
B019,20,37.03652,7.06536,46.86614,220.91011,0.2,0.024,0.004,0.0,5.43542,0.71301
B019,24,37.05174,7.07567,43.93646,223.62791,0.2,0.024,0.004,0.0,5.19546,0.53428
B019,28,37.06433,7.05802,48.96221,225.73308,0.2,0.024,0.004,0.0,5.13033,0.64895
B019,32,37.14605,7.06503,41.42653,226.82301,0.2,0.024,0.004,0.0,5.28443,0.63723
B019,36,37.03394,7.04725,46.0835,224.48131,0.2,0.024,0.004,0.0,5.23984,0.5278
B019,40,36.917,7.07228,43.81638,224.29032,0.2,0.024,0.004,0.0,5.30183,0.7587
B019,44,36.94401,7.05163,48.19971,218.91728,0.2,0.024,0.004,0.0,5.00774,1.03916
B019,48,36.91931,7.0213,45.42977,232.00663,0.2,0.024,0.004,0.03888,5.87672,0.66213
B019,52,37.02257,7.07051,43.65055,231.63248,0.2,0.024,0.004,0.04399,5.53288,0.91835
B019,56,36.99031,7.00915,44.54696,223.08403,0.2,0.024,0.004,0.04806,5.73945,0.97203
B019,60,36.96688,7.05707,43.78632,232.83779,0.2,0.024,0.004,0.04617,5.86322,1.07464
B019,64,37.02069,7.04039,44.48018,225.34507,0.2,0.024,0.004,0.04448,5.64572,0.98964
B019,68,37.18941,7.0388,44.4413,226.43857,0.2,0.024,0.004,0.04653,5.99374,1.00276
B019,72,36.98057,7.0543,43.72304,227.68784,0.2,0.024,0.004,0.04813,5.60336,1.08027
B019,76,36.96911,7.03227,45.45911,228.36957,0.2,0.024,0.004,0.04628,5.65472,1.48038
B019,80,37.03829,7.06281,45.66508,233.52389,0.2,0.024,0.004,0.05192,5.75474,1.28041
B019,84,37.01923,7.05142,43.30628,233.42722,0.2,0.024,0.004,0.04579,5.85362,1.41834
B019,88,36.99099,7.03457,42.18094,233.49445,0.2,0.024,0.004,0.04894,5.55802,1.8126
B019,92,36.98547,7.08345,45.52863,237.01073,0.2,0.024,0.004,0.04852,5.69032,1.55497
B019,96,37.17828,7.05512,45.90426,234.93896,0.2,0.024,0.004,0.0456,5.52311,1.7679
B019,100,37.03529,7.06577,46.24137,233.73859,0.2,0.024,0.004,0.0461,5.61499,1.93825
B019,104,37.07217,7.08541,45.937,235.65697,0.2,0.024,0.004,0.04888,5.62699,2.01565
B019,108,36.9224,7.085,47.67362,237.25481,0.2,0.024,0.004,0.04698,5.37237,1.8158
B019,112,37.01896,7.06449,46.69502,239.68125,0.2,0.024,0.004,0.04715,5.02954,1.96975
B019,116,37.06652,7.04243,49.55571,237.07232,0.2,0.024,0.004,0.04295,5.13999,2.16858
B019,120,36.96223,7.01426,50.2711,238.00523,0.2,0.024,0.004,0.04722,5.237,2.43714
B019,124,37.07975,7.05517,42.01123,236.57709,0.2,0.024,0.004,0.04613,5.21671,2.18334
B019,128,37.19835,7.07736,41.26486,241.48921,0.2,0.024,0.004,0.04502,4.95682,2.27951
B019,132,36.9098,7.05886,44.98743,240.35569,0.2,0.024,0.004,0.04542,5.25696,2.44739
B019,136,37.06181,6.96389,45.8572,239.35189,0.2,0.024,0.004,0.04339,4.95524,2.52335
B019,140,36.88039,7.07175,44.871,237.88281,0.2,0.024,0.004,0.04249,4.71664,2.57563
B019,144,35.54337,7.07329,46.19609,236.33615,0.2,0.024,0.004,0.04262,4.75506,2.42999
B019,148,35.46042,7.04247,44.54059,237.78756,0.2,0.024,0.004,0.04157,5.11038,2.49739
B019,152,35.53876,7.07471,43.82028,240.38037,0.2,0.024,0.004,0.04622,4.95105,2.60855
B019,156,35.45714,7.0657,44.07709,244.44036,0.2,0.024,0.004,0.04301,4.89197,2.74714
B019,160,35.47947,7.03286,44.65971,241.88604,0.2,0.024,0.004,0.03855,4.35627,2.57138
B019,164,35.34084,7.08178,46.43397,245.70228,0.2,0.024,0.004,0.04384,4.50393,2.59298
B019,168,35.50632,7.01831,44.17254,243.64784,0.2,0.024,0.004,0.03815,4.3152,2.45957
B019,172,35.63105,7.04857,44.50875,247.91432,0.2,0.024,0.004,0.03832,4.42711,2.78482
B019,176,35.49142,7.04607,45.96937,248.61484,0.2,0.024,0.004,0.03928,4.33858,2.55007
B019,180,35.50389,7.02936,44.66205,247.13558,0.2,0.024,0.004,0.03275,4.07073,2.62333
B019,184,35.60371,7.05759,46.89841,244.90583,0.2,0.024,0.004,0.03542,4.11207,2.45258
B019,188,35.50186,7.08276,43.43684,251.76913,0.2,0.024,0.004,0.03395,3.94988,2.40727
B019,192,35.52472,7.08119,43.06818,247.69284,0.2,0.024,0.004,0.03471,4.03137,2.1587
B019,196,35.45327,7.06809,45.51787,250.44837,0.2,0.024,0.004,0.03424,4.20446,2.01662
B019,200,35.42419,7.0076,45.68729,249.0064,0.2,0.024,0.004,0.03256,3.6416,2.35589
B019,204,35.42472,7.0166,43.52957,246.36018,0.2,0.024,0.004,0.03169,3.90652,2.14166
B019,208,35.3316,7.05415,47.28411,246.40703,0.2,0.024,0.004,0.0333,4.08486,2.08012
B019,212,35.5817,7.04914,48.27239,248.83935,0.2,0.024,0.004,0.03102,3.69856,1.8257
B019,216,35.54279,7.03755,43.93265,255.26994,0.2,0.024,0.004,0.02977,3.55712,1.78539
B019,220,35.59631,7.09763,47.52841,258.6296,0.2,0.024,0.004,0.02928,3.75837,1.93807
B019,224,35.61598,7.05265,40.95038,247.14531,0.2,0.024,0.004,0.03198,3.43429,1.93563
B019,228,35.46504,7.06356,46.82939,254.21248,0.2,0.024,0.004,0.028,3.45999,1.56853
B019,232,35.53704,7.0747,43.5418,249.61806,0.2,0.024,0.004,0.02601,3.17915,1.64062
B019,236,35.36052,7.05137,46.65932,259.32037,0.2,0.024,0.004,0.02264,2.89746,1.50109
B019,240,35.45527,7.11478,43.36583,251.53778,0.2,0.024,0.004,0.02305,3.16891,1.38387
B019,244,35.4217,7.02649,44.88357,251.3674,0.2,0.024,0.004,0.02448,2.95664,1.5429
B019,248,35.61395,7.03485,43.6228,258.39457,0.2,0.024,0.004,0.02474,3.14039,1.19131
B019,252,35.4733,7.02643,44.6364,256.23591,0.2,0.024,0.004,0.02343,3.26245,1.32266
B019,256,35.61719,7.08907,48.11087,260.17459,0.2,0.024,0.004,0.02487,3.38363,1.15094
B019,260,35.59175,7.07005,44.81651,257.24892,0.2,0.024,0.004,0.02271,2.96471,1.03809
B019,264,35.50405,7.0364,48.58751,260.8066,0.2,0.024,0.004,0.02175,3.05925,1.14341
B019,268,35.39429,7.0284,44.34412,261.91591,0.2,0.024,0.004,0.02459,2.97046,0.95606
B019,272,35.52486,7.08462,47.536,260.19007,0.2,0.024,0.004,0.02593,2.81531,0.85601
B019,276,35.53596,7.05904,42.23632,260.30518,0.2,0.024,0.004,0.02086,2.36307,0.98332
B019,280,35.44639,7.08526,44.51293,263.63118,0.2,0.024,0.004,0.0235,3.02027,0.92174
B019,284,35.54696,7.0485,44.08861,261.07819,0.2,0.024,0.004,0.01919,2.38298,0.87386
B019,288,35.45256,7.06279,47.6141,262.65108,0.2,0.024,0.004,0.0201,2.79532,0.22451
B019,292,35.42538,7.05751,45.31492,266.01697,0.2,0.024,0.004,0.02196,2.64175,0.7088
B019,296,35.45107,7.0344,41.45026,262.44176,0.2,0.024,0.004,0.02556,2.41136,0.6497
B019,300,35.56181,7.0464,42.77278,266.16197,0.2,0.024,0.004,0.02194,2.50455,0.59149
B019,304,35.29972,7.02039,43.27847,265.12669,0.2,0.024,0.004,0.02211,2.78875,0.64324
B019,308,35.51004,7.06235,46.58789,265.18121,0.2,0.024,0.004,0.02412,2.68341,0.5785
B019,312,35.51283,7.06903,46.36851,261.37094,0.2,0.024,0.004,0.02447,2.27553,0.6083
B019,316,35.43252,7.07475,44.48932,261.63172,0.2,0.024,0.004,0.02323,2.1605,0.47689
B019,320,35.48059,7.06666,44.06753,273.8737,0.2,0.024,0.004,0.02921,2.40835,0.67307
B019,324,35.48263,7.04679,46.21786,268.27749,0.2,0.024,0.004,0.0252,2.21211,0.57297
B019,328,35.56714,7.0888,43.07981,269.26392,0.2,0.024,0.004,0.02648,2.442,0.53258
B019,332,35.4828,7.07231,45.77804,272.57994,0.2,0.024,0.004,0.02602,2.29958,0.51629
B019,336,35.53775,7.08471,45.63328,271.26588,0.2,0.024,0.004,0.0283,1.87102,0.58691
B020,0,37.01958,7.02814,43.76604,220.98307,0.5,0.06,0.01,0.0,5.41925,0.52801
B020,4,36.90223,7.04976,46.77465,219.97522,0.5,0.06,0.01,0.0,5.72763,0.60643
B020,8,37.06714,7.06665,46.3092,226.84624,0.5,0.06,0.01,0.0,5.20443,0.51155
B020,12,37.14256,7.07555,43.41498,219.41273,0.5,0.06,0.01,0.0,5.4129,0.7163
B020,16,37.102,7.04848,42.96953,222.57591,0.5,0.06,0.01,0.0,5.44038,0.47612
B020,20,37.08355,7.06903,44.73263,225.36484,0.5,0.06,0.01,0.0,5.20358,0.57941
B020,24,36.89888,7.03344,48.66399,225.24992,0.5,0.06,0.01,0.0,5.11502,0.61813
B020,28,37.05469,7.05614,43.2529,224.82625,0.5,0.06,0.01,0.0,5.15031,0.78704
B020,32,36.92623,7.07506,44.72592,223.82248,0.5,0.06,0.01,0.0,5.26216,0.70376
B020,36,37.01236,7.0583,45.15082,223.72409,0.5,0.06,0.01,0.0,4.97803,0.74565
B020,40,37.00021,7.03677,44.81531,220.7502,0.5,0.06,0.01,0.0,4.82759,0.57325
B020,44,37.10795,7.04302,44.22104,226.64773,0.5,0.06,0.01,0.0,5.17911,0.7098
B020,48,36.91205,7.07539,46.96364,219.82087,0.5,0.06,0.01,0.04306,6.07238,0.99909
B020,52,37.06887,7.0227,45.77258,228.38331,0.5,0.06,0.01,0.04128,6.08953,0.6722
B020,56,36.97966,7.02639,46.43787,227.14858,0.5,0.06,0.01,0.03994,5.96312,1.13993
B020,60,37.03368,7.06504,46.00195,233.19109,0.5,0.06,0.01,0.05083,6.44322,1.10007
B020,64,36.99177,7.03902,46.51971,234.02943,0.5,0.06,0.01,0.04656,6.09672,1.01546
B020,68,37.02985,7.01367,47.69349,231.34207,0.5,0.06,0.01,0.04614,5.70725,1.07392
B020,72,37.19241,7.08377,47.26277,235.75803,0.5,0.06,0.01,0.04674,5.88919,1.47321
B020,76,36.9818,7.02251,48.95217,224.92225,0.5,0.06,0.01,0.04359,5.57732,1.49004
B020,80,37.0261,7.04501,47.06948,228.74994,0.5,0.06,0.01,0.04507,5.5851,1.384
B020,84,37.03266,7.03451,43.86194,229.1153,0.5,0.06,0.01,0.05031,5.49555,1.49444
B020,88,37.14382,7.04256,46.44043,234.85472,0.5,0.06,0.01,0.04825,5.59879,1.4825
B020,92,37.18239,7.02788,46.20774,230.73093,0.5,0.06,0.01,0.04546,5.63072,1.65926
B020,96,37.12393,7.06786,48.2645,228.99186,0.5,0.06,0.01,0.04454,5.44965,1.64594
B020,100,36.92682,7.05277,43.35583,231.22094,0.5,0.06,0.01,0.04591,5.24995,1.80117
B020,104,36.96461,7.07459,45.94852,235.94809,0.5,0.06,0.01,0.04621,5.13313,2.111
B020,108,37.0931,7.03477,43.84218,237.08605,0.5,0.06,0.01,0.05078,5.85374,1.96412
B020,112,37.09332,7.10333,45.87133,232.36547,0.5,0.06,0.01,0.0461,5.36708,1.92959
B020,116,36.96536,7.00238,44.63493,239.53301,0.5,0.06,0.01,0.04384,5.05569,1.96833
B020,120,37.02746,7.01037,45.8151,235.41647,0.5,0.06,0.01,0.04579,5.28798,2.22091
B020,124,37.00049,7.09383,42.60243,237.03126,0.5,0.06,0.01,0.04608,5.55814,2.18341
B020,128,36.95545,7.06185,46.34849,235.99061,0.5,0.06,0.01,0.04259,5.14043,2.36833
B020,132,36.96834,7.05853,45.3503,243.10003,0.5,0.06,0.01,0.04551,4.55198,2.2027
B020,136,37.01956,7.06078,45.25873,243.27578,0.5,0.06,0.01,0.04663,5.51111,2.53182
B020,140,37.04129,7.06428,48.31539,239.16326,0.5,0.06,0.01,0.04395,4.58599,2.36678
B020,144,35.36807,7.05749,44.34978,238.81944,0.5,0.06,0.01,0.04151,4.7727,2.53711
B020,148,35.67695,7.02585,45.58185,239.90884,0.5,0.06,0.01,0.04144,4.556,2.52064
B020,152,35.6278,7.07045,45.17046,247.5738,0.5,0.06,0.01,0.03854,4.50629,2.78889
B020,156,35.48142,7.06652,45.33667,244.82067,0.5,0.06,0.01,0.04092,4.70215,2.61624
B020,172,35.56449,7.01931,48.18053,247.2508,0.5,0.06,0.01,0.03984,4.28027,2.53618
B020,176,35.46798,7.09431,44.47693,246.21007,0.5,0.06,0.01,0.0339,3.98514,2.57302
B020,180,35.40478,7.02455,42.2712,249.25102,0.5,0.06,0.01,0.03315,4.14365,2.64023
B020,184,35.51499,7.05845,43.74057,248.38555,0.5,0.06,0.01,0.03393,4.07935,2.55758
B020,188,35.54015,7.04358,42.8808,246.27275,0.5,0.06,0.01,0.03825,4.093,2.46076
B020,192,35.37848,7.03923,41.94006,251.67196,0.5,0.06,0.01,0.03608,3.88413,2.29939
B020,196,35.5911,7.06911,44.38287,247.70632,0.5,0.06,0.01,0.03675,4.16021,2.25566
B020,200,35.3809,7.05611,44.88063,246.04835,0.5,0.06,0.01,0.03273,4.02549,2.34218
B020,204,35.47506,7.06283,47.0069,254.98695,0.5,0.06,0.01,0.03151,3.64805,2.2938
B020,208,35.44172,7.02961,46.06998,249.41102,0.5,0.06,0.01,0.02867,3.55391,1.98421
B020,212,35.45065,7.04565,45.99252,250.20481,0.5,0.06,0.01,0.03112,3.75851,1.88634
B020,216,35.4991,7.03076,43.48154,248.55985,0.5,0.06,0.01,0.0293,3.46674,1.78526
B020,220,35.62719,7.04502,46.50439,257.17404,0.5,0.06,0.01,0.02852,3.60504,1.91016
B020,224,35.46707,7.04703,47.3651,252.41482,0.5,0.06,0.01,0.03154,3.86481,1.61527
B020,228,35.4263,7.09611,45.67077,251.47054,0.5,0.06,0.01,0.02741,3.43836,1.74119
B020,232,35.49995,7.04352,45.71828,254.86209,0.5,0.06,0.01,0.0297,3.24014,1.62553
B020,236,35.37181,6.99686,42.85002,262.28052,0.5,0.06,0.01,0.02328,3.3207,1.41287
B020,240,35.47924,7.08488,46.79254,256.19684,0.5,0.06,0.01,0.03129,3.37039,1.586
B020,244,35.49883,7.06123,48.02741,259.0146,0.5,0.06,0.01,0.02467,3.16171,1.1452
B020,248,35.51818,7.04672,45.54902,259.31285,0.5,0.06,0.01,0.02637,3.26882,1.44484
B020,252,35.49922,7.03907,43.98959,258.49376,0.5,0.06,0.01,0.02627,3.25723,1.21204
B020,256,35.4807,7.02633,44.72461,261.40934,0.5,0.06,0.01,0.02318,3.01383,0.85635
B020,260,35.52581,7.09845,44.28528,258.52578,0.5,0.06,0.01,0.02549,3.00632,1.23114
B020,264,35.48497,7.0513,44.38724,259.27228,0.5,0.06,0.01,0.02532,3.33651,1.09543
B020,268,35.56625,7.00656,46.10157,265.55157,0.5,0.06,0.01,0.02193,3.04845,0.86986
B020,272,35.45171,7.05819,45.47509,262.79932,0.5,0.06,0.01,0.02179,2.93077,0.75181
B020,276,35.34727,7.08015,46.70669,263.88713,0.5,0.06,0.01,0.02317,2.79078,0.6295
B020,280,35.38347,7.05391,45.63053,259.04701,0.5,0.06,0.01,0.02278,2.52851,1.06168
B020,284,35.52658,7.02746,43.53105,260.7355,0.5,0.06,0.01,0.02579,2.93965,0.61881
B020,288,35.43933,7.02522,44.14882,261.74555,0.5,0.06,0.01,0.02445,2.68126,0.53942
B020,292,35.56559,7.02707,44.04317,266.34377,0.5,0.06,0.01,0.023,2.46715,0.68813
B020,296,35.35318,7.08804,44.683,267.53533,0.5,0.06,0.01,0.0245,2.51683,0.4277
B020,300,35.45114,7.04821,48.05101,265.70888,0.5,0.06,0.01,0.0194,2.21108,0.47789
B020,304,35.42489,7.00803,48.32333,266.7134,0.5,0.06,0.01,0.02251,2.60518,0.68947
B020,308,35.70411,7.0596,46.42222,266.5815,0.5,0.06,0.01,0.02462,2.54253,0.60294
B020,312,35.46321,7.05353,45.2019,266.10352,0.5,0.06,0.01,0.02663,2.45443,0.48059
B020,316,35.41869,7.03878,42.68519,267.44585,0.5,0.06,0.01,0.0252,2.3302,0.51124
B020,320,35.57456,7.02449,45.37401,264.54703,0.5,0.06,0.01,0.02816,2.24139,0.44019
B020,324,35.58907,7.0234,43.65699,268.3251,0.5,0.06,0.01,0.02746,1.91515,0.47206
B020,328,35.42558,7.07717,47.77189,267.79693,0.5,0.06,0.01,0.02528,1.94163,0.37606
B020,332,35.63988,7.05619,42.26962,265.63536,0.5,0.06,0.01,0.02654,2.04586,0.38742
B020,336,35.44145,7.06197,45.65362,273.25775,0.5,0.06,0.01,0.02824,2.01331,0.37476
B021,0,36.95402,7.07161,44.28157,221.03738,0.2,0.024,0.004,0.0,5.66545,0.48108
B021,4,36.98615,7.02776,44.03836,222.16405,0.2,0.024,0.004,0.0,5.44293,0.43937
B021,8,36.98363,7.05677,42.25275,223.78346,0.2,0.024,0.004,0.0,5.27765,0.49986
B021,12,36.88846,7.02132,45.04118,218.75944,0.2,0.024,0.004,0.0,5.14018,0.26138
B021,16,36.88729,7.11498,45.81484,222.23071,0.2,0.024,0.004,0.0,5.34475,0.43285
B021,20,36.87764,7.06259,44.73633,220.92451,0.2,0.024,0.004,0.0,5.16027,0.70947
B021,24,36.9114,7.04636,44.98477,228.03903,0.2,0.024,0.004,0.0,5.19909,0.76728
B021,28,36.99071,7.04268,45.71134,224.08384,0.2,0.024,0.004,0.0,5.12102,0.82472
B021,32,37.10326,7.03616,47.3989,227.43469,0.2,0.024,0.004,0.0,5.036,0.74395
B021,36,37.03403,7.03098,44.2864,223.65298,0.2,0.024,0.004,0.0,5.12088,0.45889
B021,40,37.03648,7.03029,43.00826,221.91765,0.2,0.024,0.004,0.0,5.11981,0.69563
B021,44,36.95011,7.09196,44.84625,230.89439,0.2,0.024,0.004,0.0,5.32575,0.97675
B021,48,37.10416,7.03618,48.20205,228.51245,0.2,0.024,0.004,0.04462,6.17596,1.06235
B021,52,36.89997,6.99676,43.02647,227.06106,0.2,0.024,0.004,0.04703,6.33854,1.08476
B021,56,37.14138,7.02085,46.10523,229.60251,0.2,0.024,0.004,0.04506,5.80722,0.95042
B021,60,37.01751,7.07319,46.96845,225.94733,0.2,0.024,0.004,0.04237,5.5511,0.88332
B021,64,36.86888,7.04369,40.97859,225.91541,0.2,0.024,0.004,0.0453,5.8618,1.10029
B021,68,36.86565,7.04665,45.69738,230.42511,0.2,0.024,0.004,0.0469,6.01098,1.17555
B021,72,37.03071,7.07925,46.0258,227.90413,0.2,0.024,0.004,0.04575,5.90602,1.43357
B021,76,36.98601,7.03057,44.54553,233.61431,0.2,0.024,0.004,0.04776,6.00017,1.348
B021,80,37.10814,7.06581,43.90105,225.97832,0.2,0.024,0.004,0.04653,5.24672,1.40034
B021,84,37.11857,7.0333,43.99587,230.96624,0.2,0.024,0.004,0.04563,5.8584,1.4871
B021,88,36.9572,7.0644,44.44143,232.13522,0.2,0.024,0.004,0.04476,5.62346,1.60803
B021,92,37.02561,7.04022,44.48644,230.46624,0.2,0.024,0.004,0.04621,5.27328,1.71825
B021,96,36.97721,7.04396,44.16568,235.97583,0.2,0.024,0.004,0.0474,5.66334,1.63987
B021,100,37.08451,7.0705,44.41439,237.98932,0.2,0.024,0.004,0.04303,5.40616,1.68368
B021,104,37.03421,7.0687,47.02435,238.41668,0.2,0.024,0.004,0.04528,5.45266,2.05823
B021,108,37.06968,7.04586,42.93547,244.22952,0.2,0.024,0.004,0.04269,5.45116,1.77867
B021,112,37.09745,7.03821,42.0266,236.53377,0.2,0.024,0.004,0.04524,5.36456,2.25188
B021,116,36.92707,7.08998,47.05153,236.61658,0.2,0.024,0.004,0.04861,5.05826,1.90301
B021,120,36.97346,7.06473,44.67357,239.53427,0.2,0.024,0.004,0.04354,5.12274,2.13552
B021,124,36.98919,7.04022,44.34001,236.07232,0.2,0.024,0.004,0.04696,4.89485,2.39134
B021,128,36.89934,7.03367,44.81093,237.28879,0.2,0.024,0.004,0.05085,5.35204,2.33878
B021,132,36.93908,7.07562,45.35577,239.8304,0.2,0.024,0.004,0.04761,5.35786,2.23907
B021,136,36.95036,7.05289,44.10911,238.7826,0.2,0.024,0.004,0.04448,4.75646,2.50016
B021,140,36.99961,7.04591,45.86008,244.04272,0.2,0.024,0.004,0.04539,4.83398,2.50204
B021,144,35.61766,7.05287,43.36415,242.0433,0.2,0.024,0.004,0.04037,4.62233,2.50563
B021,148,35.60607,7.05844,44.4869,236.53389,0.2,0.024,0.004,0.03935,4.62608,2.48636
B021,152,35.48124,7.04858,41.23502,243.81757,0.2,0.024,0.004,0.04191,4.7981,2.57853
B021,156,35.4979,7.08009,46.9928,240.58248,0.2,0.024,0.004,0.04198,4.59783,2.52583
B021,160,35.39605,7.08148,44.70065,246.41897,0.2,0.024,0.004,0.04268,4.76436,2.89214
B021,164,35.43945,7.0633,46.13918,239.3353,0.2,0.024,0.004,0.03863,4.68943,2.56686
B021,168,35.56853,7.08437,45.81018,246.57695,0.2,0.024,0.004,0.03941,4.66748,2.53783
B021,172,35.37082,7.05021,45.93468,241.10807,0.2,0.024,0.004,0.03858,4.19913,2.49624
B021,176,35.44978,7.06726,44.98678,246.32007,0.2,0.024,0.004,0.03722,4.56792,2.74479
B021,180,35.4603,7.07511,45.65999,248.92845,0.2,0.024,0.004,0.03655,4.51761,2.29731
B021,184,35.58711,7.07548,43.36582,248.43631,0.2,0.024,0.004,0.03419,4.4262,2.49212
B021,188,35.54483,7.0729,43.009,249.0163,0.2,0.024,0.004,0.03566,4.10706,2.36833
B021,192,35.50076,7.06578,44.82812,244.91932,0.2,0.024,0.004,0.03469,3.92791,2.16793
B021,196,35.38406,7.09893,43.84438,249.61779,0.2,0.024,0.004,0.03262,3.78641,2.17643
B021,200,35.42998,7.03651,47.42329,246.7924,0.2,0.024,0.004,0.03404,3.7528,2.2437
B021,204,35.44997,7.04612,45.63775,247.23857,0.2,0.024,0.004,0.03399,3.90383,2.02856
B021,208,35.54853,7.04464,43.78198,250.69599,0.2,0.024,0.004,0.03252,3.96967,2.0865
B021,212,35.56522,7.0408,44.53838,250.46951,0.2,0.024,0.004,0.02833,3.89952,2.18309
B021,216,35.46755,7.00028,45.22611,258.02015,0.2,0.024,0.004,0.02989,3.56783,1.91423
B021,220,35.47356,7.08437,44.88439,257.28071,0.2,0.024,0.004,0.02716,3.53208,1.63618
B021,224,35.47426,7.02435,45.46197,251.48264,0.2,0.024,0.004,0.0285,3.50573,1.6252
B021,228,35.46894,7.05425,45.11671,252.48942,0.2,0.024,0.004,0.02584,3.29572,1.60883
B021,232,35.42427,7.01445,42.63588,258.13002,0.2,0.024,0.004,0.0296,3.58834,1.51778
B021,236,35.43812,7.06552,41.34346,255.31106,0.2,0.024,0.004,0.02803,3.43401,1.49653
B021,240,35.3845,7.03037,44.36486,256.09243,0.2,0.024,0.004,0.02822,3.35114,1.43583
B021,244,35.53523,7.0216,45.95284,258.12736,0.2,0.024,0.004,0.02752,3.32448,1.52833
B021,248,35.48961,7.05486,44.38397,256.19308,0.2,0.024,0.004,0.02442,3.24516,1.24525
B021,252,35.56329,7.03248,47.10216,256.11047,0.2,0.024,0.004,0.02369,3.17723,1.03551
B021,256,35.56675,7.03565,44.92029,262.10784,0.2,0.024,0.004,0.02766,2.96847,1.24362
B021,260,35.43269,7.05429,47.30723,256.91666,0.2,0.024,0.004,0.02352,3.12938,1.19168
B021,264,35.45634,7.07,46.95824,255.19911,0.2,0.024,0.004,0.02087,2.89976,1.00666
B021,268,35.46532,7.02954,46.78719,266.54211,0.2,0.024,0.004,0.02538,2.84015,0.89167
B021,272,35.44545,7.02522,42.95403,260.36805,0.2,0.024,0.004,0.02348,2.86515,0.94229
B021,276,35.42719,7.05059,45.02914,259.3369,0.2,0.024,0.004,0.02609,2.9022,0.79246
B021,280,35.60705,7.06348,47.07871,263.42361,0.2,0.024,0.004,0.0235,2.92218,0.52514
B021,284,35.58231,7.08657,45.46299,258.65323,0.2,0.024,0.004,0.02296,2.47776,0.79724
B021,288,35.55239,7.02322,45.94241,260.28567,0.2,0.024,0.004,0.0261,2.93495,0.79812
B021,292,35.5574,7.04205,42.64059,266.4207,0.2,0.024,0.004,0.02007,2.50181,0.82891
B021,296,35.61758,7.07939,48.26194,260.82897,0.2,0.024,0.004,0.02212,2.40992,0.53656
B021,300,35.62016,7.09933,43.65466,270.64693,0.2,0.024,0.004,0.02172,2.34634,0.62282
B021,304,35.4707,7.02517,41.60948,260.59452,0.2,0.024,0.004,0.01936,2.15563,0.59981
B021,308,35.38932,7.03153,44.40309,264.81445,0.2,0.024,0.004,0.02579,2.13548,0.55748
B021,312,35.66113,7.05953,40.83928,266.85124,0.2,0.024,0.004,0.02328,2.46002,0.54074
B021,316,35.49263,7.03556,43.15529,273.69949,0.2,0.024,0.004,0.02661,2.72974,0.5135
B021,320,35.55026,7.03102,49.34947,270.48981,0.2,0.024,0.004,0.02602,2.01928,0.5187
B021,324,35.48063,7.05611,44.35393,265.32691,0.2,0.024,0.004,0.02694,2.11445,0.56838
B021,328,35.43011,7.08874,42.57276,265.09226,0.2,0.024,0.004,0.02534,2.33289,0.61391
B021,332,35.57283,7.01726,45.04301,268.64525,0.2,0.024,0.004,0.02529,2.14011,0.36629
B021,336,35.5762,7.08746,43.47373,270.80774,0.2,0.024,0.004,0.0276,2.3083,0.42736
B022,0,37.04091,7.00318,45.69239,223.10762,0.5,0.06,0.01,0.0,5.51685,0.32799
B022,4,36.97803,7.08241,44.28665,224.94354,0.5,0.06,0.01,0.0,5.71821,0.36873
B022,8,36.98749,7.04937,45.49929,223.02397,0.5,0.06,0.01,0.0,5.49544,0.22981
B022,12,36.85906,7.04991,44.01731,220.74473,0.5,0.06,0.01,0.0,5.31404,0.53111
B022,16,36.93229,6.99906,42.3257,229.82653,0.5,0.06,0.01,0.0,5.08844,0.47737
B022,20,36.94666,7.04028,44.27347,223.21984,0.5,0.06,0.01,0.0,5.51897,0.48727
B022,24,37.01013,7.08389,46.08932,218.83157,0.5,0.06,0.01,0.0,5.35066,0.66441
B022,28,36.95464,7.03933,45.6699,227.26246,0.5,0.06,0.01,0.0,5.4877,0.60492
B022,32,37.04706,7.06784,45.05258,228.4541,0.5,0.06,0.01,0.0,5.50603,0.51908
B022,36,36.92115,7.05086,46.52682,229.24279,0.5,0.06,0.01,0.0,4.83635,1.03499
B022,40,36.99645,7.07657,44.65389,230.77667,0.5,0.06,0.01,0.0,4.78882,0.76739
B022,44,37.00026,7.05479,45.09567,220.45757,0.5,0.06,0.01,0.0,4.45662,0.68781
B022,48,37.06794,7.0267,44.1844,225.86946,0.5,0.06,0.01,0.0451,6.21682,0.7872
B022,52,37.126,7.05141,46.62625,226.50627,0.5,0.06,0.01,0.04235,6.05279,0.90046
B022,56,36.92578,7.09003,45.4956,232.35859,0.5,0.06,0.01,0.04478,5.96516,0.95774
B022,60,36.99413,7.06244,44.05317,228.80928,0.5,0.06,0.01,0.04479,5.67911,1.19637
B022,64,36.89747,7.04709,42.46865,228.22713,0.5,0.06,0.01,0.04501,5.84113,1.09564
B022,68,37.0343,7.10639,46.87843,226.30246,0.5,0.06,0.01,0.04256,5.78114,1.39639
B022,72,36.95687,7.07898,43.73509,229.53866,0.5,0.06,0.01,0.04696,5.95085,1.19381
B022,76,37.21971,7.07042,45.12251,230.10044,0.5,0.06,0.01,0.04368,5.72908,1.37184
B022,80,36.98475,7.05793,48.99942,230.92646,0.5,0.06,0.01,0.04161,5.6998,1.52097
B022,84,36.97786,7.06826,46.36257,232.83326,0.5,0.06,0.01,0.04614,5.62309,1.6217
B022,88,37.07366,7.06907,47.73895,234.41196,0.5,0.06,0.01,0.04542,5.79225,1.71747
B022,92,37.08617,6.99543,44.08519,236.93209,0.5,0.06,0.01,0.04527,5.64142,1.61044
B022,96,37.01668,7.05987,46.82066,235.52894,0.5,0.06,0.01,0.04079,5.15407,1.72615
B022,100,36.97192,7.04598,45.04534,231.3643,0.5,0.06,0.01,0.04524,5.68114,1.51307
B022,104,36.90543,7.03751,45.62223,238.5221,0.5,0.06,0.01,0.04649,5.63497,1.87024
B022,108,37.18162,7.04511,48.43543,234.49828,0.5,0.06,0.01,0.04542,5.42323,2.10654
B022,112,37.02779,7.0111,44.5263,237.4605,0.5,0.06,0.01,0.04725,5.38786,2.16297
B022,116,37.08002,7.00488,45.03273,244.05614,0.5,0.06,0.01,0.04901,5.63168,2.12191
B022,120,37.12168,7.08116,43.46454,237.28402,0.5,0.06,0.01,0.04694,4.93961,2.40956
B022,124,36.9361,7.06155,46.5104,242.04446,0.5,0.06,0.01,0.04761,5.42561,2.22864
B022,128,37.1001,6.98967,44.04693,238.5773,0.5,0.06,0.01,0.04737,5.06251,2.2528
B022,132,37.02088,7.03559,46.73861,243.39179,0.5,0.06,0.01,0.04266,5.17974,2.34086
B022,136,36.86366,7.07201,42.19515,239.06094,0.5,0.06,0.01,0.04509,5.01687,2.31429
B022,140,37.16143,7.043,45.93268,241.89792,0.5,0.06,0.01,0.04567,4.73796,2.56868
B022,144,35.40966,7.08113,43.90572,241.95185,0.5,0.06,0.01,0.04223,4.73847,2.56617
B022,148,35.36864,7.07624,46.24188,242.44578,0.5,0.06,0.01,0.04092,4.93083,2.63443
B022,152,35.48908,7.01608,44.97695,242.72773,0.5,0.06,0.01,0.04292,4.71111,2.53296
B022,156,35.47214,7.04642,44.08992,240.33599,0.5,0.06,0.01,0.03822,4.4717,2.58869
B022,160,35.38362,7.0388,44.34285,241.92793,0.5,0.06,0.01,0.03831,4.42471,2.33859
B022,164,35.56874,7.01527,43.55434,245.29921,0.5,0.06,0.01,0.03843,4.60837,2.64081
B022,168,35.49447,7.01364,46.42424,242.0807,0.5,0.06,0.01,0.03992,4.79714,2.59455
B022,172,35.29109,7.02985,43.21732,243.77546,0.5,0.06,0.01,0.0387,4.01803,2.42917
B022,176,35.46138,7.03398,44.54597,243.67868,0.5,0.06,0.01,0.03955,4.88077,2.519
B022,180,35.46695,7.05708,45.58691,249.44965,0.5,0.06,0.01,0.03485,4.24792,2.46306
B022,184,35.49702,7.07611,47.74294,250.56909,0.5,0.06,0.01,0.03395,4.24512,2.66071
B022,188,35.37933,7.06284,44.98419,247.28481,0.5,0.06,0.01,0.03615,4.06915,2.26971
B022,192,35.34488,7.06876,44.58773,247.52027,0.5,0.06,0.01,0.0327,4.01292,2.37851
B022,196,35.46565,7.04333,45.46518,246.34085,0.5,0.06,0.01,0.0323,3.99005,2.14382
B022,200,35.41587,7.06508,41.47511,250.79632,0.5,0.06,0.01,0.029,3.63615,2.13872
B022,204,35.64481,7.04629,42.9623,251.83715,0.5,0.06,0.01,0.03252,3.71986,2.16551
B022,208,35.47002,7.03896,44.36188,250.63369,0.5,0.06,0.01,0.03425,4.07347,2.02999
B022,212,35.4975,7.09743,43.78795,257.87993,0.5,0.06,0.01,0.02836,3.38557,1.97487
B022,216,35.59869,6.99174,42.27858,253.17988,0.5,0.06,0.01,0.03173,3.78072,1.93369
B022,220,35.43247,7.00317,46.45822,256.09666,0.5,0.06,0.01,0.02887,3.51495,1.75135
B022,224,35.50176,7.05957,45.44159,256.44618,0.5,0.06,0.01,0.02478,3.25846,1.83291
B022,228,35.63169,7.04338,45.23845,255.76184,0.5,0.06,0.01,0.02587,3.76565,1.60642
B022,232,35.52868,7.01408,43.82022,264.40073,0.5,0.06,0.01,0.02513,3.17241,1.54834
B022,236,35.51656,7.02363,45.13497,252.12836,0.5,0.06,0.01,0.02583,3.11028,1.52164
B022,240,35.4775,7.02689,45.87456,260.65505,0.5,0.06,0.01,0.02676,3.25528,1.42558
B022,244,35.49118,7.07231,44.54968,259.82012,0.5,0.06,0.01,0.02911,3.16151,1.39798
B022,248,35.44265,7.08031,45.75577,252.79419,0.5,0.06,0.01,0.02209,3.0775,1.28373
B022,252,35.38889,7.09099,43.6467,259.54534,0.5,0.06,0.01,0.02357,3.09326,1.23005
B022,256,35.52073,7.01027,45.16573,256.3223,0.5,0.06,0.01,0.02238,3.02975,1.06612
B022,260,35.4073,7.01582,46.94225,258.18828,0.5,0.06,0.01,0.02132,2.8906,0.91186
B022,264,35.58932,7.01411,47.09443,257.09255,0.5,0.06,0.01,0.02377,2.7999,0.80745
B022,268,35.66921,7.08222,47.2569,260.85334,0.5,0.06,0.01,0.02336,2.9839,0.72076
B022,272,35.49571,7.06043,45.48547,263.38881,0.5,0.06,0.01,0.01956,2.705,1.07911
B022,276,35.5557,7.052,45.05374,259.66702,0.5,0.06,0.01,0.02311,2.67659,0.55226
B022,280,35.68416,7.05574,44.23706,261.92685,0.5,0.06,0.01,0.0206,2.92144,0.91508
B022,284,35.51891,7.04858,41.92728,264.25405,0.5,0.06,0.01,0.02303,2.64582,0.63112
B022,288,35.52767,7.02197,42.71367,267.77619,0.5,0.06,0.01,0.02559,2.88018,0.83342
B022,292,35.4828,7.06283,44.71431,262.74875,0.5,0.06,0.01,0.02407,2.81855,0.39168
B022,296,35.55857,7.04535,44.81591,265.47398,0.5,0.06,0.01,0.02365,2.77095,0.59604
B022,300,35.43438,7.01999,47.40078,269.03684,0.5,0.06,0.01,0.02244,2.58529,0.77016
B022,304,35.5586,7.06436,47.23516,265.37739,0.5,0.06,0.01,0.02388,2.44886,0.65566
B022,308,35.46254,7.03936,43.83297,267.29239,0.5,0.06,0.01,0.02517,2.42182,0.50676
B022,312,35.55284,7.05569,46.39115,262.01777,0.5,0.06,0.01,0.02533,2.34523,0.2938
B022,316,35.55557,7.04688,44.18898,269.14263,0.5,0.06,0.01,0.0246,1.93291,0.35035
B022,320,35.5642,7.07228,46.16045,267.0173,0.5,0.06,0.01,0.02567,2.43126,0.65999
B022,324,35.41681,7.0555,46.37023,263.20077,0.5,0.06,0.01,0.02309,2.23335,0.43771
B022,328,35.58738,7.02791,47.11156,271.3092,0.5,0.06,0.01,0.02479,2.33225,0.45886
B022,332,35.59348,7.05805,44.16251,267.62458,0.5,0.06,0.01,0.02824,2.20086,0.49107
B022,336,35.56431,7.05887,46.72432,265.89196,0.5,0.06,0.01,0.02911,2.31539,0.2917
B023,0,36.97867,7.05208,44.8327,224.17977,0.2,0.024,0.004,0.0,5.32996,0.52543
B023,4,36.98837,7.09754,45.78643,222.29274,0.2,0.024,0.004,0.0,5.63351,0.39061
B023,8,36.95293,7.01251,46.82244,221.63723,0.2,0.024,0.004,0.0,5.28045,0.57342
B023,12,37.00065,7.00983,43.13996,222.77574,0.2,0.024,0.004,0.0,5.18263,0.40625
B023,16,37.028,7.0747,46.12195,223.60598,0.2,0.024,0.004,0.0,5.17978,0.52696
B023,20,37.00759,7.02953,47.08533,227.70683,0.2,0.024,0.004,0.0,5.16032,0.51853
B023,24,37.03381,7.10108,48.98805,231.41796,0.2,0.024,0.004,0.0,5.28484,0.23336
B023,28,36.94366,7.08343,46.20127,225.56763,0.2,0.024,0.004,0.0,5.17649,0.61437
B023,32,36.97885,7.08969,44.21884,226.15602,0.2,0.024,0.004,0.0,4.91887,0.58319
B023,36,36.98122,7.07211,42.838,223.03224,0.2,0.024,0.004,0.0,5.06297,0.70437
B023,40,36.97827,7.02696,48.10964,230.62474,0.2,0.024,0.004,0.0,4.81417,0.77204
B023,44,37.03738,7.00852,46.25348,222.73345,0.2,0.024,0.004,0.0,5.08784,1.02994
B023,48,37.08763,7.08738,44.96264,224.52546,0.2,0.024,0.004,0.04303,6.1486,0.90415
B023,52,36.93371,7.01251,42.24631,229.63238,0.2,0.024,0.004,0.04404,5.97258,0.96133
B023,56,37.10077,7.08962,43.41699,226.46997,0.2,0.024,0.004,0.04303,5.95265,1.03824
B023,60,36.94034,7.06674,46.07324,228.13844,0.2,0.024,0.004,0.04565,6.23665,1.14473
B023,64,37.02598,7.04809,45.60152,225.36857,0.2,0.024,0.004,0.0459,5.85118,1.15968
B023,68,37.04411,7.06105,41.69124,225.97484,0.2,0.024,0.004,0.04591,5.66178,1.20758
B023,72,37.10347,7.06163,46.07544,232.3413,0.2,0.024,0.004,0.04386,5.83688,1.33105
B023,76,37.01911,7.04494,42.33366,231.30925,0.2,0.024,0.004,0.04698,5.55859,1.02947
B023,80,37.09489,7.08564,47.30182,229.21414,0.2,0.024,0.004,0.0456,5.6422,1.64902
B023,84,37.16167,7.08479,45.35455,236.42433,0.2,0.024,0.004,0.04485,5.50552,1.66905
B023,88,36.98372,7.05389,44.21218,238.59346,0.2,0.024,0.004,0.04947,5.55438,1.5861
B023,92,36.93735,7.035,46.68326,234.41677,0.2,0.024,0.004,0.05133,5.63426,1.47352
B023,96,36.89788,7.08265,45.60095,239.93971,0.2,0.024,0.004,0.05088,5.78198,1.87205
B023,100,37.07639,6.99944,47.25238,235.36615,0.2,0.024,0.004,0.04825,5.70515,1.72733
B023,104,37.08151,7.0611,45.13681,235.25376,0.2,0.024,0.004,0.04631,5.57648,1.95782
B023,108,37.03379,7.06849,45.23599,241.15518,0.2,0.024,0.004,0.04655,5.42818,1.82164
B023,112,36.98027,7.02929,44.51507,234.50088,0.2,0.024,0.004,0.04729,5.29186,2.32252
B023,116,37.03763,7.07434,45.44704,239.62082,0.2,0.024,0.004,0.04538,4.81808,1.95923
B023,120,37.00884,7.04934,47.88652,241.01014,0.2,0.024,0.004,0.04855,5.33991,2.21394
B023,124,37.12906,7.03636,44.1453,239.70867,0.2,0.024,0.004,0.04148,4.6388,2.02005
B023,128,36.97569,7.07408,46.10152,240.78395,0.2,0.024,0.004,0.04456,4.73178,2.33379
B023,132,37.08071,7.02286,43.50325,242.12271,0.2,0.024,0.004,0.0463,5.0445,2.34601
B023,136,37.0575,7.07173,41.48656,235.90585,0.2,0.024,0.004,0.04252,4.97861,2.58545
B023,140,36.8006,7.00044,45.35268,244.82579,0.2,0.024,0.004,0.0432,4.81872,2.44295
B023,144,35.53511,7.05714,45.62969,241.53527,0.2,0.024,0.004,0.04429,5.15572,2.66819
B023,148,35.42906,7.0511,44.81291,239.92963,0.2,0.024,0.004,0.04553,4.94554,2.43834
B023,152,35.30909,7.03651,42.45683,244.70054,0.2,0.024,0.004,0.03927,4.61284,2.54885
B023,156,35.58869,7.05974,45.51731,246.97053,0.2,0.024,0.004,0.03845,4.83878,2.56423
B023,160,35.55403,7.04801,45.45273,243.5378,0.2,0.024,0.004,0.0386,4.8266,2.65947
B023,164,35.45486,7.07637,43.48907,242.12391,0.2,0.024,0.004,0.03669,4.54149,2.63986
B023,168,35.48693,7.064,42.69906,242.26652,0.2,0.024,0.004,0.03609,4.24663,2.66935
B023,172,35.52372,7.06132,44.57094,245.79285,0.2,0.024,0.004,0.03631,4.24476,2.59325
B023,176,35.47146,7.0573,46.10998,243.60165,0.2,0.024,0.004,0.03995,4.12629,2.61091
B023,180,35.5002,7.0382,45.70831,245.36662,0.2,0.024,0.004,0.03607,4.2341,2.38625
B023,184,35.48905,7.04245,43.50258,253.47229,0.2,0.024,0.004,0.03596,4.00202,2.49564
B023,188,35.51377,7.05621,45.23277,249.7986,0.2,0.024,0.004,0.03319,4.01447,2.59003
B023,192,35.46284,7.04567,46.50811,246.44669,0.2,0.024,0.004,0.03557,4.13207,2.13714
B023,196,35.43373,7.07779,43.00647,241.13418,0.2,0.024,0.004,0.03725,3.7223,2.3334
B023,200,35.43681,7.05234,45.10736,257.14213,0.2,0.024,0.004,0.03094,3.64597,2.28687
B023,204,35.54763,7.0594,47.27739,255.52277,0.2,0.024,0.004,0.03538,3.84534,2.30763
B023,208,35.47218,7.01493,42.83262,244.12951,0.2,0.024,0.004,0.0319,3.79195,2.14248
B023,212,35.4113,7.07358,46.96439,252.99107,0.2,0.024,0.004,0.03045,3.6284,1.98763
B023,216,35.51901,7.03547,47.75262,252.36873,0.2,0.024,0.004,0.03049,3.62156,1.94537
B023,220,35.51563,7.02393,44.62225,251.89449,0.2,0.024,0.004,0.02977,3.47703,1.72239
B023,224,35.4295,7.09115,44.41689,252.31801,0.2,0.024,0.004,0.03202,3.35162,1.68025
B023,228,35.64989,7.06744,46.75626,257.53734,0.2,0.024,0.004,0.0287,3.3852,1.4828
B023,232,35.58163,7.07443,44.68358,252.44061,0.2,0.024,0.004,0.02812,3.38073,1.73849
B023,236,35.38498,7.06136,40.99968,258.68948,0.2,0.024,0.004,0.02562,3.25258,1.5323
B023,240,35.57238,7.04767,44.83205,256.41175,0.2,0.024,0.004,0.0276,3.33004,1.2884
B023,244,35.44567,7.04301,45.79969,254.3122,0.2,0.024,0.004,0.0235,3.23496,1.35323
B023,248,35.59928,7.06948,46.25814,255.27441,0.2,0.024,0.004,0.02517,3.27607,1.38482
B023,252,35.64232,7.07831,43.50293,257.47284,0.2,0.024,0.004,0.03031,3.11965,1.2929
B023,256,35.46908,7.0483,44.54134,258.53532,0.2,0.024,0.004,0.01916,2.62346,0.99385
B023,260,35.46907,7.10181,46.66074,262.37864,0.2,0.024,0.004,0.02432,3.21684,0.66405
B023,264,35.57086,7.04507,44.898,262.86432,0.2,0.024,0.004,0.02412,3.00448,1.02622
B023,268,35.61733,7.01515,42.40115,263.20682,0.2,0.024,0.004,0.0229,2.68477,0.81482
B023,272,35.49268,7.00696,47.10398,258.02058,0.2,0.024,0.004,0.02278,2.85556,0.94226
B023,276,35.62327,7.00781,44.63601,261.81005,0.2,0.024,0.004,0.02326,2.9617,0.93182
B023,280,35.48959,7.03965,46.85507,266.64896,0.2,0.024,0.004,0.02251,3.01397,0.90547
B023,284,35.4592,7.0442,42.62772,261.64322,0.2,0.024,0.004,0.02345,2.72327,0.93899
B023,288,35.48154,7.06706,44.79432,259.25029,0.2,0.024,0.004,0.02207,2.78651,0.83941
B023,292,35.45303,7.04928,45.86655,261.28326,0.2,0.024,0.004,0.02719,2.45795,0.86593
B023,296,35.51978,7.07108,44.85185,263.93322,0.2,0.024,0.004,0.02279,2.51123,0.78974
B023,300,35.50384,7.05112,42.98889,272.06136,0.2,0.024,0.004,0.02463,2.4555,0.77162
B023,304,35.48756,7.05034,40.94243,267.41484,0.2,0.024,0.004,0.02241,2.47384,0.56517
B023,308,35.5575,7.03556,47.58955,266.01143,0.2,0.024,0.004,0.02591,2.74186,0.39251
B023,312,35.5219,7.08556,45.42166,266.86209,0.2,0.024,0.004,0.02587,2.44762,0.82483
B023,316,35.34225,7.01171,46.98356,271.88822,0.2,0.024,0.004,0.02564,2.18009,0.5166
B023,320,35.67287,7.05753,46.57874,268.51105,0.2,0.024,0.004,0.02319,2.01222,0.64074
B023,324,35.55324,7.04546,46.01464,271.84317,0.2,0.024,0.004,0.02422,2.51379,0.41346
B023,328,35.39403,7.06954,44.45373,271.98483,0.2,0.024,0.004,0.02963,2.39716,0.58315
B023,332,35.46588,7.04948,45.8326,276.67217,0.2,0.024,0.004,0.02529,2.22902,0.16365
B023,336,35.48494,7.05022,47.43531,273.12455,0.2,0.024,0.004,0.02871,2.12379,0.39879
B024,0,36.93834,7.08288,44.80513,221.97214,0.5,0.06,0.01,0.0,5.28525,0.30138
B024,4,36.85515,7.06426,49.10223,221.03385,0.5,0.06,0.01,0.0,5.37259,0.53554
B024,8,37.18111,7.05588,44.10715,221.06698,0.5,0.06,0.01,0.0,5.2919,0.69345
B024,12,37.00808,7.07733,47.78791,223.45072,0.5,0.06,0.01,0.0,5.30468,0.58628
B024,16,36.9907,7.11215,47.45967,223.49808,0.5,0.06,0.01,0.0,5.43241,0.34152
B024,20,37.03138,7.04326,45.85696,220.46333,0.5,0.06,0.01,0.0,5.33274,0.3937
B024,24,36.99248,7.06987,41.72558,225.8258,0.5,0.06,0.01,0.0,5.36032,0.63598
B024,28,37.06001,7.04987,45.0528,222.41569,0.5,0.06,0.01,0.0,5.09487,0.51447
B024,32,36.94914,7.06265,44.12502,224.42561,0.5,0.06,0.01,0.0,5.3875,0.70745
B024,36,36.898,7.05105,45.03415,226.6207,0.5,0.06,0.01,0.0,5.18911,0.75314
B024,40,37.08393,6.99606,43.19296,223.86987,0.5,0.06,0.01,0.0,5.0402,0.71306
B024,44,37.03481,7.045,46.28564,224.71261,0.5,0.06,0.01,0.0,5.0806,1.03556
B024,48,36.91867,7.07499,46.67447,233.36668,0.5,0.06,0.01,0.04448,5.91433,0.93844
B024,52,37.05338,7.03087,46.98904,233.80368,0.5,0.06,0.01,0.04401,5.5966,1.06663
B024,56,36.93783,7.07302,44.3503,226.66469,0.5,0.06,0.01,0.04426,5.82523,1.08924
B024,60,37.1287,7.05459,43.19898,231.81737,0.5,0.06,0.01,0.04745,6.10076,1.0221
B024,64,37.06401,7.04521,45.59786,227.83039,0.5,0.06,0.01,0.04755,5.93521,1.08183
B024,68,37.09007,7.07265,47.98533,232.60955,0.5,0.06,0.01,0.0487,5.87686,1.13806
B024,72,37.01516,7.06703,45.11796,229.04522,0.5,0.06,0.01,0.04693,5.65663,1.32743
B024,76,36.94978,7.06051,45.76891,230.16754,0.5,0.06,0.01,0.04915,5.46482,1.24263
B024,80,36.99874,7.0754,44.60063,234.87571,0.5,0.06,0.01,0.04583,5.94225,1.60534
B024,84,37.03691,7.05508,44.1441,232.78252,0.5,0.06,0.01,0.04642,5.61517,1.38878
B024,88,37.02216,7.00888,46.11907,235.07197,0.5,0.06,0.01,0.04933,5.59981,1.58578
B024,92,36.86546,7.04055,44.81969,237.01475,0.5,0.06,0.01,0.04868,5.49206,1.61559
B024,96,36.93389,7.00489,45.68599,233.06947,0.5,0.06,0.01,0.04641,5.73416,1.67272
B024,100,36.97685,7.06643,45.86276,239.58627,0.5,0.06,0.01,0.04485,5.57995,2.07128
B024,104,37.05665,7.0724,45.59078,236.50635,0.5,0.06,0.01,0.04643,5.23874,1.84107
B024,108,37.0554,7.07354,45.94835,234.08401,0.5,0.06,0.01,0.04532,5.54653,1.93902
B024,112,37.17398,7.06223,43.54989,233.53709,0.5,0.06,0.01,0.04993,5.37808,1.97565
B024,116,37.00905,7.0742,43.44615,236.54072,0.5,0.06,0.01,0.04774,5.1916,2.13722
B024,120,36.97405,7.01058,44.92754,236.63723,0.5,0.06,0.01,0.04438,5.11664,2.1935
B024,124,37.05188,7.04731,44.96845,237.45733,0.5,0.06,0.01,0.04346,4.95762,2.14041
B024,128,37.04261,7.01463,44.11205,238.7263,0.5,0.06,0.01,0.04359,4.8161,2.28781
B024,132,36.91192,7.04104,45.4097,236.5287,0.5,0.06,0.01,0.04358,5.14531,2.4702
B024,136,37.05244,7.09041,46.54397,242.21071,0.5,0.06,0.01,0.04388,4.92519,2.57223
B024,140,37.01936,7.07733,47.01877,239.82545,0.5,0.06,0.01,0.04591,5.07875,2.49688
B024,144,35.48477,7.06656,47.40085,240.62334,0.5,0.06,0.01,0.04117,4.85301,2.53864
B024,148,35.64153,7.04546,42.76484,239.18631,0.5,0.06,0.01,0.04708,4.99967,2.51792
B024,152,35.44711,7.02516,43.0229,243.19906,0.5,0.06,0.01,0.03997,4.30699,2.52239
B024,156,35.5195,7.05468,44.5076,237.69637,0.5,0.06,0.01,0.03837,4.43118,2.48531
B024,160,35.54822,7.07777,45.13649,244.74495,0.5,0.06,0.01,0.04386,4.77908,2.4132
B024,164,35.33045,7.06025,44.59469,244.24987,0.5,0.06,0.01,0.04241,4.3627,2.51137
B024,168,35.43532,7.01036,44.06051,243.84003,0.5,0.06,0.01,0.03866,4.51753,2.69117
B024,172,35.32725,7.05262,44.48249,246.65679,0.5,0.06,0.01,0.03902,4.16118,2.5103
B024,176,35.48443,7.00217,45.82163,243.09696,0.5,0.06,0.01,0.03829,4.34832,2.49003
B024,180,35.52829,7.0701,42.73964,249.63929,0.5,0.06,0.01,0.03697,4.55397,2.45014
B024,184,35.44652,7.03267,48.98371,242.6688,0.5,0.06,0.01,0.03331,4.26406,2.59835
B024,188,35.33907,7.01942,45.03569,246.20294,0.5,0.06,0.01,0.03014,3.66425,2.28564
B024,192,35.48756,7.07045,46.78644,247.25198,0.5,0.06,0.01,0.03261,4.16396,2.37199
B024,196,35.56532,7.06398,44.01399,247.43108,0.5,0.06,0.01,0.03714,4.40439,2.2665
B024,200,35.41244,7.05581,45.97639,248.433,0.5,0.06,0.01,0.03642,4.51406,2.21381
B024,204,35.4527,7.10479,45.17015,244.44613,0.5,0.06,0.01,0.03141,3.92276,2.16161
B024,208,35.45635,7.06587,46.45657,254.51455,0.5,0.06,0.01,0.02925,3.48969,2.06221
B024,212,35.56407,7.03388,44.6623,253.37555,0.5,0.06,0.01,0.03097,3.80861,2.07075
B024,216,35.51053,7.06298,47.63766,256.7467,0.5,0.06,0.01,0.03057,3.95948,1.89025
B024,220,35.44631,7.04285,42.46351,254.65577,0.5,0.06,0.01,0.03019,3.58098,2.01992
B024,224,35.46492,7.08167,46.61394,251.08742,0.5,0.06,0.01,0.02325,3.58107,1.73215
B024,228,35.43077,7.05702,45.20182,255.16465,0.5,0.06,0.01,0.03397,3.4622,1.43867
B024,232,35.51647,7.0595,43.26884,259.35024,0.5,0.06,0.01,0.02931,3.51569,1.63664
B024,236,35.47679,7.01394,48.31851,254.47855,0.5,0.06,0.01,0.02607,2.87151,1.52534
B024,240,35.61517,7.05153,48.14279,258.95694,0.5,0.06,0.01,0.02448,3.06098,1.40224
B024,244,35.50292,7.04859,41.47442,255.07498,0.5,0.06,0.01,0.02739,3.25566,1.28952
B024,248,35.62823,7.02439,45.30053,252.48569,0.5,0.06,0.01,0.02595,3.10727,0.99194
B024,252,35.40709,7.04446,46.19963,258.53389,0.5,0.06,0.01,0.02473,2.86002,0.94015
B024,256,35.54171,7.06089,45.7509,250.63859,0.5,0.06,0.01,0.02509,2.96529,1.30287
B024,260,35.36117,7.04989,47.5764,258.20919,0.5,0.06,0.01,0.02363,3.03,0.96985
B024,264,35.60848,7.0147,47.22298,265.26328,0.5,0.06,0.01,0.02438,2.92609,1.09464
B024,268,35.62228,7.04317,45.45082,263.96806,0.5,0.06,0.01,0.02481,2.9153,0.72888
B024,272,35.49768,7.0383,48.87108,258.2844,0.5,0.06,0.01,0.02388,2.96472,0.74196
B024,276,35.50066,7.05484,46.59264,265.54236,0.5,0.06,0.01,0.02366,2.71767,0.89923
B024,280,35.46796,7.05214,44.4026,256.55371,0.5,0.06,0.01,0.0258,3.02961,0.75953
B024,284,35.4712,7.03971,44.06101,261.76292,0.5,0.06,0.01,0.01981,2.40914,0.79414
B024,288,35.3543,7.03873,47.11368,263.89611,0.5,0.06,0.01,0.02145,2.9273,0.68941
B024,292,35.57735,7.05168,43.65198,265.35886,0.5,0.06,0.01,0.0232,2.77624,0.63106
B024,296,35.41946,7.07407,44.30344,261.20522,0.5,0.06,0.01,0.02183,2.42972,0.54264
B024,300,35.50778,7.05697,44.59273,265.27053,0.5,0.06,0.01,0.0227,2.41544,0.4524
B024,304,35.45525,7.08558,45.60461,269.47491,0.5,0.06,0.01,0.02632,2.54723,0.73839
B024,308,35.46794,7.07833,44.67112,260.5189,0.5,0.06,0.01,0.02375,2.5055,0.73531
B024,312,35.48208,7.08742,42.76115,268.24082,0.5,0.06,0.01,0.02074,2.47152,0.40231
B024,316,35.4661,7.08422,46.97554,272.03516,0.5,0.06,0.01,0.02395,2.06544,0.37656
B024,320,35.34261,7.08907,44.31252,267.83892,0.5,0.06,0.01,0.02536,2.37265,0.45156
B024,324,35.59831,7.02117,48.43389,272.24205,0.5,0.06,0.01,0.02581,1.87618,0.52035
B024,328,35.55281,7.06619,45.51678,271.25632,0.5,0.06,0.01,0.02737,2.21626,0.44566
B024,332,35.41672,7.08046,47.15425,273.91953,0.5,0.06,0.01,0.02777,2.47196,0.51699
B024,336,35.404,7.08498,46.07246,266.97876,0.5,0.06,0.01,0.02715,1.89151,0.44213
B025,0,36.9959,7.08317,44.22105,215.22114,0.2,0.024,0.004,0.0,5.56516,0.60258
B025,4,36.90877,7.04877,43.70552,218.7766,0.2,0.024,0.004,0.0,5.62504,0.41228
B025,8,37.16972,7.0248,45.42037,220.96155,0.2,0.024,0.004,0.0,5.53219,0.51631
B025,12,36.90238,7.07187,46.0535,224.20264,0.2,0.024,0.004,0.0,5.57802,0.36557
B025,16,36.93819,7.09308,45.55188,216.63843,0.2,0.024,0.004,0.0,5.72712,0.60856
B025,20,37.04158,7.02785,47.14717,220.25015,0.2,0.024,0.004,0.0,5.38653,0.62322
B025,24,37.0257,7.05098,44.03387,221.16193,0.2,0.024,0.004,0.0,5.12897,0.71971
B025,28,36.97682,7.07725,43.96338,228.45015,0.2,0.024,0.004,0.0,5.25613,0.51855
B025,32,37.03162,7.05288,46.76439,227.06847,0.2,0.024,0.004,0.0,5.20039,0.66802
B025,36,36.94316,7.00632,45.28257,223.0298,0.2,0.024,0.004,0.0,5.17843,0.5762
B025,40,36.99795,7.06109,44.5801,224.91815,0.2,0.024,0.004,0.0,5.2891,0.7423
B025,44,37.10704,7.02553,48.13909,226.14004,0.2,0.024,0.004,0.0,4.66886,0.9956
B025,48,36.90201,7.01823,45.98214,224.71726,0.2,0.024,0.004,0.04677,6.36568,0.82909
B025,52,36.92682,7.00681,44.67607,221.09447,0.2,0.024,0.004,0.04281,6.27929,0.75733
B025,56,36.93177,7.07976,43.83389,229.12627,0.2,0.024,0.004,0.04355,6.01906,0.89718
B025,60,36.98004,7.02913,47.25507,224.31871,0.2,0.024,0.004,0.04468,6.00358,0.8468
B025,64,37.08128,7.05833,45.35189,230.09049,0.2,0.024,0.004,0.04609,5.84074,0.94967
B025,68,37.03112,7.06447,45.04168,231.45883,0.2,0.024,0.004,0.04606,5.83674,1.25429
B025,72,36.89612,7.05405,46.14967,231.70864,0.2,0.024,0.004,0.04739,5.94646,1.07214
B025,76,36.86101,7.05741,46.49615,231.3552,0.2,0.024,0.004,0.0442,5.80701,1.35815
B025,80,36.92347,7.05953,45.93478,235.8465,0.2,0.024,0.004,0.04746,5.85615,1.40142
B025,84,37.09043,7.05345,46.50276,229.74841,0.2,0.024,0.004,0.04534,5.73832,1.4145
B025,88,36.99632,7.031,45.76734,233.94553,0.2,0.024,0.004,0.04665,5.77192,1.58733
B025,92,37.07206,7.02877,45.94331,228.77315,0.2,0.024,0.004,0.05041,5.79779,1.53056
B025,96,36.82323,7.04738,43.75622,234.51445,0.2,0.024,0.004,0.0442,5.26858,1.82771
B025,100,36.95019,7.04685,48.0776,235.48354,0.2,0.024,0.004,0.04639,5.60946,1.7268
B025,104,37.05212,7.06073,42.90275,232.07284,0.2,0.024,0.004,0.04429,5.69386,1.8474
B025,108,37.07323,7.07754,45.52594,237.02303,0.2,0.024,0.004,0.04699,5.37401,1.91495
B025,112,36.95156,7.0586,42.7275,237.22414,0.2,0.024,0.004,0.04858,5.64028,2.13809
B025,116,36.98885,7.02973,44.83318,239.74022,0.2,0.024,0.004,0.04656,5.10687,2.19762
B025,120,36.97116,6.99547,44.0288,238.68127,0.2,0.024,0.004,0.04568,5.1966,1.89106
B025,124,37.06405,7.03078,45.23078,240.3767,0.2,0.024,0.004,0.04821,5.10188,2.30523
B025,128,36.93879,7.01639,45.58099,239.84134,0.2,0.024,0.004,0.04581,5.35756,2.12939
B025,132,36.93842,7.03174,43.37423,234.98706,0.2,0.024,0.004,0.04634,5.36981,2.35608
B025,136,36.95222,7.05606,44.95,240.24905,0.2,0.024,0.004,0.04564,4.99116,2.43601
B025,140,37.04171,7.05211,47.36925,241.44844,0.2,0.024,0.004,0.03792,4.9789,2.45175
B025,144,35.57261,7.09645,42.76915,238.6565,0.2,0.024,0.004,0.04295,5.14292,2.59165
B025,148,35.41428,7.06208,43.54811,241.6138,0.2,0.024,0.004,0.04034,4.72662,2.64764
B025,152,35.46524,7.09773,46.46328,244.60647,0.2,0.024,0.004,0.0402,4.70432,2.48987
B025,156,35.52044,7.06788,45.13184,239.48315,0.2,0.024,0.004,0.04414,4.86343,2.49848
B025,160,35.45295,7.07714,45.25696,243.99965,0.2,0.024,0.004,0.03974,4.42178,2.59568
B025,164,35.55915,7.04103,46.73791,251.89887,0.2,0.024,0.004,0.04355,4.64055,2.41041
B025,168,35.55622,7.02314,43.65008,242.1625,0.2,0.024,0.004,0.0362,4.77481,2.52545
B025,172,35.31829,7.03878,44.11713,247.45945,0.2,0.024,0.004,0.03609,4.24826,2.723
B025,176,35.46189,7.0497,43.90751,246.07088,0.2,0.024,0.004,0.03901,4.51683,2.3508
B025,180,35.61726,7.0343,44.40805,243.21545,0.2,0.024,0.004,0.03601,4.33455,2.45318
B025,184,35.52182,7.02497,47.27719,249.98176,0.2,0.024,0.004,0.03651,4.17535,2.37791
B025,188,35.51363,7.06042,42.10816,243.35742,0.2,0.024,0.004,0.03487,4.15576,2.63767
B025,192,35.60803,7.02487,42.96983,248.16594,0.2,0.024,0.004,0.03401,4.36183,2.2742
B025,196,35.5132,7.01166,42.67834,247.6083,0.2,0.024,0.004,0.03289,4.07001,2.21714
B025,200,35.55367,7.02195,47.38288,251.55279,0.2,0.024,0.004,0.03307,4.05457,2.08197
B025,204,35.63005,7.04414,43.95552,249.9651,0.2,0.024,0.004,0.03322,4.17057,2.13341
B025,208,35.43574,7.02523,44.44465,246.79077,0.2,0.024,0.004,0.0344,3.81181,2.08777
B025,212,35.67547,7.0443,42.25512,253.78632,0.2,0.024,0.004,0.03001,3.51789,1.86929
B025,216,35.44461,7.06501,44.55394,257.47947,0.2,0.024,0.004,0.0289,3.94886,2.01241
B025,220,35.41439,7.06436,46.47309,252.71026,0.2,0.024,0.004,0.02794,3.58307,1.84312
B025,224,35.55696,7.03348,45.43003,249.48022,0.2,0.024,0.004,0.03125,3.754,1.82904
B025,228,35.52344,7.0174,44.81663,257.70549,0.2,0.024,0.004,0.02904,3.35274,1.6037
B025,232,35.53202,7.03561,42.33969,254.57315,0.2,0.024,0.004,0.02324,3.36703,1.58923
B025,236,35.44655,7.06639,44.44248,257.89253,0.2,0.024,0.004,0.02257,3.03492,1.45271
B025,240,35.40585,7.07223,45.24976,256.72838,0.2,0.024,0.004,0.02426,3.23793,1.57326
B025,244,35.40065,7.05882,43.3139,257.91185,0.2,0.024,0.004,0.02588,3.10228,1.33462
B025,248,35.46609,7.08004,46.11331,254.61378,0.2,0.024,0.004,0.02489,2.98825,1.24675
B025,252,35.43865,7.09323,46.50462,259.41132,0.2,0.024,0.004,0.02557,3.0607,1.11878
B025,256,35.41176,7.03792,44.1013,255.3575,0.2,0.024,0.004,0.02382,2.61073,1.04325
B025,260,35.57171,7.08716,46.23391,258.50164,0.2,0.024,0.004,0.02665,2.83738,1.06864
B025,264,35.57644,7.04349,44.81344,258.52193,0.2,0.024,0.004,0.02512,3.10096,1.07712
B025,268,35.59226,7.0755,46.95013,258.31354,0.2,0.024,0.004,0.02352,2.93447,0.83909
B025,272,35.42105,7.06771,48.45806,263.08237,0.2,0.024,0.004,0.02548,2.67971,0.88277
B025,276,35.61014,7.00057,43.14077,264.88846,0.2,0.024,0.004,0.01978,2.78106,0.83989
B025,280,35.50104,7.02584,46.30812,264.18343,0.2,0.024,0.004,0.02284,2.55298,0.81483
B025,284,35.55963,7.01947,47.21844,263.04683,0.2,0.024,0.004,0.02328,2.80389,0.52472
B025,288,35.51539,7.00545,43.34984,263.49459,0.2,0.024,0.004,0.02425,2.62944,0.58008
B025,292,35.51143,7.07198,44.02229,263.67828,0.2,0.024,0.004,0.01971,2.43028,0.49208
B025,296,35.56096,7.10172,44.00316,268.18215,0.2,0.024,0.004,0.02277,2.50088,0.62819
B025,300,35.60594,7.04356,44.77427,269.2554,0.2,0.024,0.004,0.02429,2.96806,0.48756
B025,304,35.43943,7.07135,44.39418,261.30412,0.2,0.024,0.004,0.0247,2.3329,0.51052
B025,308,35.57446,7.08712,44.66292,270.3464,0.2,0.024,0.004,0.02642,2.50528,0.40392
B025,312,35.62448,7.05521,46.42458,268.25499,0.2,0.024,0.004,0.02592,2.54469,0.47857
B025,316,35.61437,7.04937,41.77712,270.1289,0.2,0.024,0.004,0.02467,2.15164,0.37415
B025,320,35.45302,7.04386,43.34438,264.91265,0.2,0.024,0.004,0.02659,2.03778,0.58424
B025,324,35.54272,7.06344,46.13888,266.22275,0.2,0.024,0.004,0.02532,2.1369,0.537
B025,328,35.61801,7.07187,45.93972,264.08632,0.2,0.024,0.004,0.02655,2.36441,0.4855
B025,332,35.54535,7.06155,43.20048,270.7586,0.2,0.024,0.004,0.02841,2.16472,0.42081
B025,336,35.48346,7.06069,45.95149,267.62465,0.2,0.024,0.004,0.02733,2.10976,0.20352
B026,0,36.97499,7.07954,44.64307,222.29764,0.5,0.06,0.01,0.0,5.8358,0.26124
B026,4,37.03846,7.03161,43.25144,224.90144,0.5,0.06,0.01,0.0,5.35265,0.41637
B026,8,37.09712,7.06151,46.31437,212.89035,0.5,0.06,0.01,0.0,5.77513,0.51354
B026,12,36.9315,7.04984,47.25457,221.58992,0.5,0.06,0.01,0.0,5.42779,0.46133
B026,16,36.91878,7.02479,41.75227,211.29973,0.5,0.06,0.01,0.0,5.33372,0.49985
B026,20,36.94195,7.04257,42.35898,222.98917,0.5,0.06,0.01,0.0,5.29057,0.90272
B026,24,36.95798,7.01839,46.70486,220.60917,0.5,0.06,0.01,0.0,5.61087,0.59405
B026,28,37.00462,7.07908,47.66865,221.58546,0.5,0.06,0.01,0.0,4.7694,0.68935
B026,32,36.91004,7.08881,41.3804,224.16109,0.5,0.06,0.01,0.0,5.15458,0.72015
B026,36,37.08907,7.03974,46.38624,222.92893,0.5,0.06,0.01,0.0,5.02026,0.80036
B026,40,37.04767,7.03377,47.7844,226.28367,0.5,0.06,0.01,0.0,4.98164,0.71456
B026,44,37.15946,7.07636,43.5339,227.77075,0.5,0.06,0.01,0.0,4.99888,0.96743
B026,48,36.94414,7.0804,47.68544,229.40911,0.5,0.06,0.01,0.04063,5.89184,0.92081
B026,52,37.00508,7.02214,44.69741,223.25035,0.5,0.06,0.01,0.04743,6.09573,0.76678
B026,56,37.02036,7.0463,45.53488,226.48902,0.5,0.06,0.01,0.0422,5.87879,0.96587
B026,60,36.87875,7.04853,43.7773,227.94365,0.5,0.06,0.01,0.04398,5.64303,1.01946
B026,64,37.10263,7.03073,46.70175,233.22418,0.5,0.06,0.01,0.04605,5.95191,1.07899
B026,68,37.07574,7.05965,46.41857,231.0077,0.5,0.06,0.01,0.0467,5.9805,1.23489
B026,72,37.04766,7.0325,47.93201,231.09593,0.5,0.06,0.01,0.04329,5.62077,1.32187
B026,76,37.08614,7.03649,47.44903,228.16037,0.5,0.06,0.01,0.04496,6.04813,1.38267
B026,80,37.00427,7.04747,44.98444,230.79218,0.5,0.06,0.01,0.0437,5.87295,1.43901
B026,84,36.98759,7.01277,50.28424,230.99187,0.5,0.06,0.01,0.04807,5.84563,1.48856
B026,88,37.11246,6.99859,47.29635,233.14328,0.5,0.06,0.01,0.0493,5.82627,1.3019
B026,92,37.01729,7.07296,45.91888,234.47277,0.5,0.06,0.01,0.04455,5.51512,1.73643
B026,96,36.91778,7.03149,43.30484,234.72566,0.5,0.06,0.01,0.04899,5.7781,1.78541
B026,100,37.00497,7.10337,42.39894,238.32756,0.5,0.06,0.01,0.04881,5.8029,1.69243
B026,104,37.02877,7.0993,42.54345,237.64089,0.5,0.06,0.01,0.04552,5.53554,1.92743
B026,108,36.89118,7.03734,43.41277,234.48404,0.5,0.06,0.01,0.04272,5.16937,2.05334
B026,112,36.82431,7.10848,47.34141,236.37254,0.5,0.06,0.01,0.04434,5.25726,2.1959
B026,116,36.82686,7.07344,45.82805,241.39799,0.5,0.06,0.01,0.04503,5.337,2.19353
B026,120,37.12439,7.03387,43.95727,238.42193,0.5,0.06,0.01,0.04899,5.43567,2.24425
B026,124,37.0948,6.98545,44.76902,237.1445,0.5,0.06,0.01,0.04532,5.13101,2.38833
B026,128,36.9303,7.0672,44.56183,238.98741,0.5,0.06,0.01,0.04314,4.9404,2.30195
B026,132,36.84586,7.05078,46.36009,246.59227,0.5,0.06,0.01,0.045,5.3261,2.44648
B026,136,37.01117,7.06078,43.50604,243.00032,0.5,0.06,0.01,0.04162,4.71546,2.37445
B026,140,36.96308,7.04428,45.59447,236.37074,0.5,0.06,0.01,0.04471,4.7682,2.62723
B026,144,35.61407,7.0214,45.51015,238.2277,0.5,0.06,0.01,0.04115,4.56187,2.33839
B026,148,35.48803,7.03932,43.55692,239.34985,0.5,0.06,0.01,0.04083,4.57499,2.65924
B026,152,35.56473,7.06767,47.69961,244.51464,0.5,0.06,0.01,0.04261,4.96573,2.58481
B026,156,35.49829,7.04114,44.49753,241.69495,0.5,0.06,0.01,0.04469,4.97571,2.71151
B026,160,35.66859,7.04099,43.31232,240.09381,0.5,0.06,0.01,0.04488,4.68874,2.50633
B026,164,35.37643,7.01202,46.4499,244.35398,0.5,0.06,0.01,0.03768,4.56345,2.60646
B026,168,35.47936,7.05228,45.09264,248.49275,0.5,0.06,0.01,0.03783,4.42778,2.58996
B026,172,35.66828,7.0222,45.69433,246.56009,0.5,0.06,0.01,0.03929,4.20366,2.6133
B026,176,35.44551,7.07296,42.98604,246.9955,0.5,0.06,0.01,0.03982,4.78273,2.40585
B026,180,35.29051,7.03165,46.38111,246.90206,0.5,0.06,0.01,0.03237,4.39659,2.57034
B026,184,35.58744,7.04261,48.69313,249.40655,0.5,0.06,0.01,0.03607,4.25762,2.22748
B026,188,35.52388,7.1041,42.85318,250.14772,0.5,0.06,0.01,0.03412,3.94306,2.3169
B026,192,35.58826,7.04234,45.60215,253.0757,0.5,0.06,0.01,0.03045,3.9168,2.15121
B026,196,35.54122,7.03899,43.66497,249.85798,0.5,0.06,0.01,0.03083,3.79408,2.3741
B026,200,35.44496,7.06464,49.57233,252.89546,0.5,0.06,0.01,0.03158,3.90701,2.25368
B026,204,35.47942,7.00537,47.10738,250.49673,0.5,0.06,0.01,0.03205,3.90906,2.18702
B026,208,35.49552,7.08127,45.47958,252.54956,0.5,0.06,0.01,0.03318,3.77219,2.23213
B026,212,35.40811,7.07485,42.91263,253.48766,0.5,0.06,0.01,0.03113,3.47238,1.93768
B026,216,35.44233,7.06311,43.3237,250.34259,0.5,0.06,0.01,0.03158,4.08139,1.96691
B026,220,35.36814,6.96557,46.26867,257.09343,0.5,0.06,0.01,0.02904,3.62871,1.81852
B026,224,35.52482,7.04351,42.68376,254.78238,0.5,0.06,0.01,0.0269,3.5666,1.71646
B026,228,35.58058,7.01818,42.73711,258.69766,0.5,0.06,0.01,0.02729,3.37022,1.79988
B026,232,35.51608,7.0781,45.01501,256.65186,0.5,0.06,0.01,0.02843,3.14566,1.80987
B026,236,35.52969,7.07631,45.22681,254.3714,0.5,0.06,0.01,0.02853,3.36616,1.42651
B026,240,35.37333,7.0597,45.64605,256.64477,0.5,0.06,0.01,0.02562,3.20239,1.49838
B026,244,35.47524,7.01992,44.25281,250.32392,0.5,0.06,0.01,0.02356,3.28866,1.35896
B026,248,35.58143,7.08736,46.56425,254.36386,0.5,0.06,0.01,0.02563,3.32778,1.28543
B026,252,35.64246,7.04344,43.53491,261.24332,0.5,0.06,0.01,0.0255,3.25113,1.20343
B026,256,35.48178,7.09513,46.0653,259.77808,0.5,0.06,0.01,0.02664,3.27184,1.0652
B026,260,35.69391,7.05663,45.36401,262.00002,0.5,0.06,0.01,0.02249,3.26702,0.60992
B026,264,35.51906,7.06267,46.0211,268.26746,0.5,0.06,0.01,0.02225,2.9583,1.16295
B026,268,35.47698,7.03849,47.0094,260.31522,0.5,0.06,0.01,0.02487,3.10368,0.83787
B026,272,35.52634,7.08517,44.22594,256.54069,0.5,0.06,0.01,0.02238,2.88432,0.83859
B026,276,35.55285,7.06521,43.87617,258.90884,0.5,0.06,0.01,0.02218,2.4004,0.79135
B026,280,35.5487,7.08607,42.12973,264.80478,0.5,0.06,0.01,0.02552,2.75021,0.67777
B026,284,35.46836,7.05444,41.5677,259.70854,0.5,0.06,0.01,0.02026,2.44233,0.75845
B026,288,35.62349,7.04882,44.70084,265.81874,0.5,0.06,0.01,0.02716,2.76462,0.68573
B026,292,35.41986,7.06488,44.81721,263.4766,0.5,0.06,0.01,0.02192,2.40155,0.57
B026,296,35.56174,7.08606,43.15366,268.56928,0.5,0.06,0.01,0.02503,2.68265,0.64216
B026,300,35.50188,7.07542,43.51913,268.63937,0.5,0.06,0.01,0.02328,2.65847,0.59171
B026,304,35.48286,7.05346,47.58987,263.25521,0.5,0.06,0.01,0.02429,2.67584,0.68141
B026,308,35.39549,7.00357,46.48893,264.68128,0.5,0.06,0.01,0.02352,2.68352,0.38639
B026,312,35.39851,7.07026,42.85527,272.82853,0.5,0.06,0.01,0.02611,2.10711,0.43031
B026,316,35.48903,7.01403,44.24801,273.39902,0.5,0.06,0.01,0.0241,2.09473,0.59608
B026,320,35.48848,7.05088,45.6902,275.34044,0.5,0.06,0.01,0.02409,2.78936,0.41652
B026,324,35.56285,7.04711,43.93503,272.51778,0.5,0.06,0.01,0.02935,2.52755,0.37109
B026,328,35.60679,7.01456,43.62522,269.20481,0.5,0.06,0.01,0.02631,2.26224,0.39664
B026,332,35.46094,7.05931,44.42498,269.45368,0.5,0.06,0.01,0.02547,2.15852,0.44493
B026,336,35.42105,7.10386,46.85412,270.20211,0.5,0.06,0.01,0.02444,2.06887,0.43638
B027,0,37.03416,7.06068,43.75043,220.95047,0.2,0.024,0.004,0.0,5.80789,0.65519
B027,4,37.14716,7.07809,45.60144,217.68872,0.2,0.024,0.004,0.0,5.72783,0.49599
B027,8,36.98538,7.04178,44.65546,215.47858,0.2,0.024,0.004,0.0,5.51122,0.30432
B027,12,37.0447,6.99635,44.73039,224.34452,0.2,0.024,0.004,0.0,5.0747,0.86389
B027,16,36.92035,7.0418,47.42974,226.70524,0.2,0.024,0.004,0.0,5.36314,0.58608
B027,20,36.94249,7.04449,44.85226,221.9726,0.2,0.024,0.004,0.0,5.32894,0.47607
B027,24,37.00957,6.99873,44.38891,228.38259,0.2,0.024,0.004,0.0,5.2164,0.76238
B027,28,37.04843,7.05107,44.53474,226.4845,0.2,0.024,0.004,0.0,5.06111,0.90125
B027,32,36.95562,7.02301,44.13409,229.86334,0.2,0.02401,0.004,0.0,5.0503,0.66819
B027,36,36.99111,7.06609,43.84609,224.66846,0.2,0.02401,0.004,0.0,4.95222,0.71982
B027,40,37.10781,7.04365,44.12945,224.1083,0.2,0.02402,0.004,0.0,4.81297,0.80346
B027,44,37.02562,7.09874,47.79651,224.4315,0.2,0.02402,0.004,0.0,5.21655,0.68889
B027,48,37.20154,7.04319,46.16542,234.12596,0.2,0.02403,0.004,0.04109,6.10826,0.791
B027,52,37.00957,7.06018,44.35095,227.6782,0.2,0.02404,0.004,0.04261,5.88723,1.14396
B027,56,36.87835,7.04387,46.58199,229.18907,0.2,0.02406,0.004,0.04179,5.93237,0.97531
B027,60,36.99662,7.00831,42.18189,229.9366,0.2,0.02409,0.004,0.04557,5.98421,0.95673
B027,64,36.9938,7.04336,47.17487,228.51898,0.2,0.02412,0.004,0.04567,6.28853,1.07432
B027,68,37.06999,7.06678,46.98035,231.7994,0.2,0.02416,0.004,0.04456,5.94569,1.33414
B027,72,37.11168,7.0623,48.50559,232.28419,0.2,0.02421,0.004,0.04783,5.9692,1.0509
B027,76,37.02195,7.03903,46.32763,237.95337,0.2,0.02428,0.004,0.04436,5.68704,1.40723
B027,80,36.93045,7.00881,45.22991,228.64706,0.2,0.02437,0.004,0.04528,5.57189,1.76714
B027,84,37.02927,7.05993,46.52966,233.6876,0.2,0.02448,0.004,0.04839,5.92204,1.81705
B027,88,37.02706,7.05257,43.08309,233.75748,0.2,0.02461,0.004,0.04879,5.74467,1.75069
B027,92,36.94975,7.06104,43.24553,229.34393,0.2,0.02477,0.004,0.0454,5.3353,1.95566
B027,96,37.02265,7.03053,43.53213,230.55222,0.2,0.02497,0.004,0.04746,5.55794,2.07772
B027,100,37.07834,6.99222,45.63942,239.29965,0.2,0.02521,0.004,0.04539,5.51308,2.03659
B027,104,37.05229,7.04408,41.47068,236.70056,0.2,0.02548,0.004,0.04645,4.94703,2.30107
B027,108,37.20046,7.02635,40.84177,232.23143,0.2,0.0258,0.004,0.04697,5.1042,2.55061
B027,112,36.96694,7.0566,42.36635,235.79446,0.2,0.02617,0.004,0.0476,5.28118,2.33738
B027,116,37.07148,7.01715,42.60511,234.46367,0.2,0.02658,0.004,0.04686,4.77806,2.71787
B027,120,37.06107,7.00932,39.54602,239.73895,0.2,0.02704,0.004,0.04646,4.72103,2.85743
B027,124,37.04241,7.01433,41.17496,236.39035,0.2,0.02755,0.004,0.0434,4.83548,2.99635
B027,128,36.92282,6.9819,41.59939,244.49449,0.2,0.02809,0.004,0.04593,4.95522,3.15862
B027,132,36.93503,6.97318,40.50427,241.72394,0.2,0.02867,0.004,0.0458,4.87777,3.35863
B027,136,37.04248,6.979,38.2185,243.92494,0.2,0.02927,0.004,0.04559,4.97615,3.54144
B027,140,36.86734,6.95039,36.59666,243.67362,0.2,0.02989,0.004,0.04224,4.53721,3.80671
B027,144,35.49536,6.95957,38.82912,239.80027,0.2,0.03052,0.004,0.04494,4.43742,3.8918
B027,148,35.40887,7.00582,35.04657,238.99437,0.2,0.03113,0.004,0.03986,4.05757,3.96555
B027,152,35.56024,6.97575,35.79496,238.96677,0.2,0.03172,0.004,0.041,4.16864,4.02527
B027,156,35.49055,6.95024,36.75643,251.44322,0.2,0.03227,0.004,0.04063,4.27526,4.1922
B027,160,35.53676,6.97489,34.15402,246.22675,0.2,0.03276,0.004,0.03796,4.13887,4.38362
B027,164,35.41512,6.90993,30.44099,240.9181,0.2,0.03319,0.004,0.03918,4.00789,4.34864
B027,168,35.56367,6.9883,29.54449,244.35294,0.2,0.03354,0.004,0.03946,3.99694,4.60321
B027,172,35.53113,6.91121,30.78712,243.41756,0.2,0.03379,0.004,0.03461,3.94346,4.57097
B027,176,35.59057,6.97078,32.28,248.02154,0.2,0.03395,0.004,0.03669,3.72201,4.65823
B027,180,35.4311,6.96999,31.75614,246.34815,0.2,0.034,0.004,0.0332,3.81603,4.41734
B027,184,35.61775,6.87686,34.82589,251.65513,0.2,0.03395,0.004,0.03998,3.5639,4.33871
B027,188,35.39485,6.9594,32.03268,247.10209,0.2,0.03379,0.004,0.03552,3.53147,4.4915
B027,192,35.65371,6.91895,31.09418,248.59847,0.2,0.03354,0.004,0.03455,3.40112,4.26136
B027,196,35.4821,6.91635,30.20936,253.31387,0.2,0.03319,0.004,0.03397,3.58855,4.08812
B027,200,35.58958,6.94922,34.74081,252.4593,0.2,0.03276,0.004,0.03392,3.23977,4.04178
B027,204,35.49687,6.91734,33.41705,254.28871,0.2,0.03227,0.004,0.03389,3.34536,3.8649
B027,208,35.49579,6.96223,31.63592,253.2339,0.2,0.03172,0.004,0.02804,2.90725,3.44804
B027,212,35.58096,6.93381,35.05822,257.19046,0.2,0.03113,0.004,0.03304,3.46126,3.56741
B027,216,35.50349,6.96973,34.18581,251.61217,0.2,0.03052,0.004,0.03218,3.54604,3.14757
B027,220,35.60552,7.00678,36.02709,248.37482,0.2,0.02989,0.004,0.02885,3.39168,3.19307
B027,224,35.37258,6.99111,37.62843,253.09511,0.2,0.02927,0.004,0.02807,3.34362,2.62137
B027,228,35.5082,6.98031,36.92468,251.02014,0.2,0.02867,0.004,0.02145,3.17126,2.61496
B027,232,35.51775,7.01036,38.44415,255.59941,0.2,0.02809,0.004,0.02455,3.21035,2.3559
B027,236,35.46157,6.96874,38.77025,261.50039,0.2,0.02755,0.004,0.0275,3.25329,1.95051
B027,240,35.53438,6.98948,39.52186,259.38547,0.2,0.02704,0.004,0.02832,3.26768,2.08571
B027,244,35.41921,7.00568,39.67167,257.03013,0.2,0.02658,0.004,0.02687,2.9709,1.60618
B027,248,35.40119,7.04148,41.14354,255.04413,0.2,0.02617,0.004,0.0248,2.97798,1.64438
B027,252,35.51545,7.03672,40.95629,256.32217,0.2,0.0258,0.004,0.02839,3.09035,1.66667
B027,256,35.39556,7.04412,43.92287,254.41625,0.2,0.02548,0.004,0.02618,2.93324,1.33789
B027,260,35.34912,7.03364,43.65368,260.42975,0.2,0.02521,0.004,0.02306,2.60234,1.17276
B027,264,35.54781,7.01768,45.67236,261.37766,0.2,0.02497,0.004,0.02794,2.7501,1.26891
B027,268,35.48745,7.07715,47.12513,258.25265,0.2,0.02477,0.004,0.02117,2.80822,1.04591
B027,272,35.51537,7.02463,45.29842,265.65174,0.2,0.02461,0.004,0.02025,2.86869,0.94083
B027,276,35.59103,7.0543,45.09902,260.63137,0.2,0.02448,0.004,0.02223,2.71701,1.06583
B027,280,35.54309,7.04243,45.74519,258.69571,0.2,0.02437,0.004,0.0215,3.15305,0.7051
B027,284,35.55841,7.06043,45.4012,260.10743,0.2,0.02428,0.004,0.02227,2.46646,0.73047
B027,288,35.55522,7.03211,44.78917,272.10722,0.2,0.02421,0.004,0.02464,2.72745,0.83733
B027,292,35.43636,7.07426,44.72873,270.89487,0.2,0.02416,0.004,0.02307,2.79579,0.53978
B027,296,35.53944,7.08294,43.09938,262.70154,0.2,0.02412,0.004,0.02328,2.71468,0.86069
B027,300,35.48372,7.07367,46.30628,266.29233,0.2,0.02409,0.004,0.02361,2.60304,0.58678
B027,304,35.4993,7.05313,44.85998,266.6377,0.2,0.02406,0.004,0.01912,2.51894,0.68742
B027,308,35.64189,7.03854,47.40197,262.81609,0.2,0.02404,0.004,0.02102,2.33673,0.66081
B027,312,35.55157,7.12014,46.51162,266.58131,0.2,0.02403,0.004,0.02363,2.64413,0.51499
B027,316,35.51796,7.02492,43.90493,266.98546,0.2,0.02402,0.004,0.02311,2.51541,0.45599
B027,320,35.39177,7.07183,47.09789,262.86834,0.2,0.02402,0.004,0.02478,2.12509,0.4912
B027,324,35.65445,7.05818,40.63198,269.98904,0.2,0.02401,0.004,0.02854,2.38263,0.56713
B027,328,35.50157,7.04834,48.27135,275.78573,0.2,0.02401,0.004,0.02611,1.9377,0.35054
B027,332,35.58176,7.05457,42.7179,275.10783,0.2,0.024,0.004,0.02418,2.39407,0.31362
B027,336,35.4056,7.0372,45.8372,266.74782,0.2,0.024,0.004,0.02584,2.15413,0.62678
B028,0,36.94546,7.01486,44.92903,220.46304,0.5,0.06,0.01,0.0,5.63285,0.49229
B028,4,37.05681,7.0083,47.34391,222.22501,0.5,0.06,0.01,0.0,5.27541,0.54505
B028,8,36.99806,7.03249,45.67271,220.0014,0.5,0.06,0.01,0.0,5.30515,0.51498
B028,12,36.91477,7.02289,47.90559,218.40522,0.5,0.06,0.01,0.0,5.24281,0.54266
B028,16,37.02777,7.05673,47.24608,222.23673,0.5,0.06,0.01,0.0,5.21791,0.75814
B028,20,36.96676,7.00503,45.03503,224.99443,0.5,0.06,0.01,0.0,5.19615,0.50486
B028,24,36.98396,7.03882,47.01239,220.86046,0.5,0.06,0.01,0.0,4.97557,0.72014
B028,28,36.99557,7.04567,47.58841,221.91757,0.5,0.06,0.01,0.0,5.03764,0.69395
B028,32,36.97653,7.04901,44.86369,220.08495,0.5,0.06,0.01,0.0,5.29959,0.58815
B028,36,37.00877,7.05997,44.63658,221.3058,0.5,0.06,0.01,0.0,5.06196,0.60043
B028,40,37.08579,7.04184,45.23877,225.72408,0.5,0.06,0.01,0.0,5.04256,0.56767
B028,44,36.95425,7.03331,40.89976,230.08168,0.5,0.06,0.01,0.0,4.5702,0.87606
B028,48,36.91745,7.08111,45.47673,224.95695,0.5,0.06,0.01,0.0439,6.19219,0.85999
B028,52,36.93474,7.042,46.22474,228.00944,0.5,0.06,0.01,0.04446,5.86406,0.82215
B028,56,36.95874,7.08548,45.24567,228.30605,0.5,0.06,0.01,0.04596,6.17926,0.75364
B028,60,36.99059,7.04187,45.58595,230.22266,0.5,0.06,0.01,0.04747,5.99441,1.09204
B028,64,36.92312,7.04959,44.92609,230.17798,0.5,0.06,0.01,0.0447,5.74831,1.08432
B028,68,36.91071,7.04653,41.60506,228.96443,0.5,0.06,0.01,0.04789,5.57934,1.08813
B028,72,36.86106,7.05578,47.82641,229.58636,0.5,0.06,0.01,0.04885,6.2486,1.13001
B028,76,36.9982,7.0395,44.37469,225.01267,0.5,0.06,0.01,0.05002,5.98301,1.29204
B028,80,36.84024,7.0524,43.94979,231.04397,0.5,0.06,0.01,0.04767,5.88703,1.45473
B028,84,37.02228,7.08827,47.30857,231.8954,0.5,0.06,0.01,0.04714,5.9979,1.43869
B028,88,36.93088,7.07622,46.66379,232.47906,0.5,0.06,0.01,0.04599,5.63398,1.41742
B028,92,36.97383,7.07639,45.46421,236.13701,0.5,0.06,0.01,0.04407,5.74127,1.63611
B028,96,37.05784,7.01645,46.30793,232.73976,0.5,0.06,0.01,0.04644,5.42283,1.85228
B028,100,36.99775,7.0205,43.03652,238.50623,0.5,0.06,0.01,0.04717,5.612,1.81543
B028,104,36.90719,7.05544,44.86248,233.68698,0.5,0.06,0.01,0.04662,5.30415,1.90197
B028,108,36.82913,7.06927,47.20113,236.65392,0.5,0.06,0.01,0.04788,5.31035,1.93651
B028,112,37.0518,7.03702,43.84886,229.13384,0.5,0.06,0.01,0.04357,5.26272,1.94859
B028,116,37.01506,7.03256,43.30283,239.21263,0.5,0.06,0.01,0.04586,5.02627,2.02154
B028,120,37.04378,7.08485,45.13363,234.41242,0.5,0.06,0.01,0.0499,5.36682,2.00624
B028,124,37.03048,7.06715,45.1735,241.92771,0.5,0.06,0.01,0.04755,5.14449,2.41646
B028,128,36.98368,7.07645,46.10087,240.05231,0.5,0.06,0.01,0.04638,4.76582,2.39423
B028,132,37.09998,7.03896,42.65714,239.40031,0.5,0.06,0.01,0.04548,4.9707,2.40694
B028,136,36.90997,7.037,40.66606,242.42813,0.5,0.06,0.01,0.04348,4.89287,2.48446
B028,140,37.11479,7.07372,46.56609,244.86635,0.5,0.06,0.01,0.04017,4.97773,2.53474
B028,144,35.5572,7.04343,43.15893,234.56753,0.5,0.06,0.01,0.04402,4.92383,2.44341
B028,148,35.41356,7.03473,43.96302,248.92661,0.5,0.06,0.01,0.0376,4.92458,2.5222
B028,152,35.46941,7.02717,41.2885,240.4993,0.5,0.06,0.01,0.04121,4.79977,2.52578
B028,156,35.56762,7.03722,46.73895,246.17291,0.5,0.06,0.01,0.04118,4.55775,2.89703
B028,160,35.552,7.07188,45.59557,241.69163,0.5,0.06,0.01,0.03959,4.55932,2.72242
B028,164,35.54016,7.01226,45.52733,241.49933,0.5,0.06,0.01,0.04411,4.57202,2.6158
B028,168,35.43622,7.06573,45.51587,244.91539,0.5,0.06,0.01,0.04267,4.63855,2.7466
B028,172,35.42958,7.03229,41.49772,248.91283,0.5,0.06,0.01,0.04032,4.45485,2.71
B028,176,35.44671,7.04474,43.32522,249.82603,0.5,0.06,0.01,0.03563,4.16562,2.36589
B028,180,35.58548,7.04634,44.23206,245.66218,0.5,0.06,0.01,0.04054,4.35495,2.46725
B028,184,35.50237,7.04448,43.72714,246.17887,0.5,0.06,0.01,0.03714,4.30342,2.44703
B028,188,35.54366,7.04282,44.53843,247.61659,0.5,0.06,0.01,0.03322,3.89322,2.47043
B028,192,35.4666,7.03889,45.41854,248.93854,0.5,0.06,0.01,0.03436,4.11219,2.31186
B028,196,35.57613,7.03571,46.71095,248.26811,0.5,0.06,0.01,0.03542,3.74934,2.26289
B028,200,35.46326,7.08299,42.48365,246.64804,0.5,0.06,0.01,0.03152,4.08689,2.1503
B028,204,35.46754,7.05063,44.98498,256.49768,0.5,0.06,0.01,0.03221,3.95226,2.25816
B028,208,35.52204,7.04685,46.20962,249.44339,0.5,0.06,0.01,0.0318,4.09228,1.88215
B028,212,35.41951,7.03388,43.42906,247.00441,0.5,0.06,0.01,0.02822,3.46043,1.92431
B028,216,35.43357,7.0398,44.67218,254.67758,0.5,0.06,0.01,0.02915,3.84076,1.67252
B028,220,35.4935,7.03397,45.79314,251.11839,0.5,0.06,0.01,0.02693,3.70178,1.68704
B028,224,35.47533,7.06913,45.01906,260.21765,0.5,0.06,0.01,0.03004,3.53029,1.76487
B028,228,35.59757,7.03116,46.14614,258.60588,0.5,0.06,0.01,0.02584,3.34224,1.68342
B028,232,35.35983,6.99384,45.16099,254.34669,0.5,0.06,0.01,0.02763,3.21131,1.52246
B028,236,35.44842,7.05146,44.46983,257.03152,0.5,0.06,0.01,0.02368,3.01777,1.61316
B028,240,35.58478,7.04302,43.00639,256.97928,0.5,0.06,0.01,0.02365,3.07607,1.56082
B028,244,35.51128,7.03536,45.42019,256.98937,0.5,0.06,0.01,0.02305,2.92227,1.31236
B028,248,35.50401,7.07279,45.16995,258.00729,0.5,0.06,0.01,0.02438,3.42066,1.27575
B028,252,35.55728,6.98166,43.31219,259.6905,0.5,0.06,0.01,0.0249,2.82818,1.11946
B028,256,35.50189,7.08941,45.98949,258.25285,0.5,0.06,0.01,0.0249,3.07735,1.18039
B028,260,35.49302,7.07637,47.15547,256.65901,0.5,0.06,0.01,0.02031,2.96611,0.89683
B028,264,35.43656,7.0343,43.87784,261.23187,0.5,0.06,0.01,0.02324,2.97744,1.19427
B028,268,35.55096,7.03873,43.76303,262.72879,0.5,0.06,0.01,0.02186,2.91063,1.05804
B028,272,35.46189,7.06261,43.70095,262.0267,0.5,0.06,0.01,0.02426,3.01286,0.72371
B028,276,35.55903,7.06328,42.14628,256.74602,0.5,0.06,0.01,0.02254,2.67124,0.72311
B028,280,35.63614,7.03415,48.40762,268.79786,0.5,0.06,0.01,0.02285,2.72703,0.82238
B028,284,35.57578,7.00958,44.23689,265.01764,0.5,0.06,0.01,0.02151,2.57698,0.68903
B028,288,35.5471,7.10284,43.54063,262.2297,0.5,0.06,0.01,0.0265,2.94084,0.7564
B028,292,35.46821,7.0739,43.08448,265.76876,0.5,0.06,0.01,0.02058,2.88836,0.61285
B028,296,35.43073,7.05392,44.34046,263.72375,0.5,0.06,0.01,0.02249,2.2954,0.80723
B028,300,35.49147,7.05439,43.81814,261.96439,0.5,0.06,0.01,0.02371,2.1271,0.59667
B028,304,35.30482,7.06553,47.44472,262.52046,0.5,0.06,0.01,0.02324,2.53551,0.86054
B028,308,35.52087,7.06853,42.87715,267.65843,0.5,0.06,0.01,0.02252,2.55966,0.61955
B028,312,35.53955,6.99784,42.38449,268.62872,0.5,0.06,0.01,0.02078,2.62764,0.36503
B028,316,35.57257,7.04123,45.93803,268.54412,0.5,0.06,0.01,0.02341,2.42616,0.75943
B028,320,35.60271,7.03863,44.81775,266.60339,0.5,0.06,0.01,0.02332,2.49427,0.62513
B028,324,35.5854,7.04596,44.62099,274.70403,0.5,0.06,0.01,0.02909,2.63794,0.52511
B028,328,35.5043,7.06927,45.95138,270.69792,0.5,0.06,0.01,0.03078,2.59726,0.54507
B028,332,35.42556,7.00525,45.23241,272.48217,0.5,0.06,0.01,0.02672,2.34261,0.31436
B028,336,35.59032,7.01627,44.92041,268.91664,0.5,0.06,0.01,0.02462,1.85258,0.23151
B029,0,36.86026,7.0396,44.23683,220.9877,0.2,0.024,0.004,0.0,5.57293,0.16915
B029,4,36.95004,7.04072,45.36185,218.22007,0.2,0.024,0.004,0.0,5.47002,0.66287
B029,8,37.03241,7.06971,46.09416,220.52256,0.2,0.024,0.004,0.0,5.37312,0.45298
B029,12,36.95272,7.05507,44.95593,219.21498,0.2,0.024,0.004,0.0,5.42054,0.32318
B029,16,36.9896,7.02197,45.41566,225.17345,0.2,0.024,0.004,0.0,5.50224,0.62263
B029,20,37.01653,7.07237,42.89451,222.28863,0.2,0.024,0.004,0.0,5.53643,0.64593
B029,24,37.02468,7.08143,43.44996,227.69316,0.2,0.024,0.004,0.0,5.21791,0.7164
B029,28,37.01473,7.07953,44.89653,222.73313,0.2,0.024,0.004,0.0,5.01715,0.78987
B029,32,36.87596,7.08857,45.86794,225.82851,0.2,0.024,0.004,0.0,5.39222,0.58077
B029,36,37.02773,7.10173,45.39322,224.53686,0.2,0.024,0.004,0.0,4.87403,0.62462
B029,40,37.08287,7.09325,43.557,223.83519,0.2,0.024,0.004,0.0,5.3423,0.73358
B029,44,36.85829,7.05852,44.59784,224.50865,0.2,0.024,0.004,0.0,5.21394,0.91639
B029,48,36.87672,7.04479,47.57013,228.21411,0.2,0.024,0.004,0.04594,6.34051,0.61526
B029,52,36.93535,7.00426,45.92524,229.40332,0.2,0.024,0.004,0.04454,6.11298,0.93663
B029,56,37.07839,7.05027,44.72369,222.36214,0.2,0.024,0.004,0.04416,5.5518,1.09062
B029,60,37.02253,7.06298,43.25608,222.40723,0.2,0.024,0.004,0.04588,5.73992,1.14702
B029,64,36.95612,7.05109,43.78727,232.88097,0.2,0.024,0.004,0.04423,5.89289,1.19019
B029,68,37.24078,7.00279,45.0112,229.48353,0.2,0.024,0.004,0.04551,5.70025,1.30133
B029,72,36.90023,7.04283,45.46911,229.25952,0.2,0.024,0.004,0.04323,5.66011,0.91604
B029,76,37.03165,7.06613,45.96146,230.89177,0.2,0.024,0.004,0.04297,5.77246,1.51429
B029,80,36.92947,7.02435,45.65958,229.98981,0.2,0.024,0.004,0.05133,5.7926,1.43798
B029,84,36.96689,7.05414,44.3706,229.60172,0.2,0.024,0.004,0.04695,5.44636,1.63844
B029,88,36.94343,7.06079,44.13112,235.13091,0.2,0.024,0.004,0.04734,5.78698,1.41909
B029,92,36.98157,7.07795,48.47988,228.53954,0.2,0.024,0.004,0.04693,5.66194,1.43262
B029,96,37.082,7.09282,44.05401,235.65016,0.2,0.024,0.004,0.04534,5.43666,1.94118
B029,100,36.97027,7.04055,42.8041,234.78168,0.2,0.024,0.004,0.04633,5.5863,1.69941
B029,104,36.98486,7.05459,42.21418,231.1596,0.2,0.024,0.004,0.04702,5.44471,1.85646
B029,108,37.11243,7.05538,44.39958,238.18699,0.2,0.024,0.004,0.04629,5.60097,2.03889
B029,112,36.94021,7.06623,46.59797,237.37559,0.2,0.024,0.004,0.04497,5.30757,2.1481
B029,116,37.07793,7.06344,44.02089,237.56722,0.2,0.024,0.004,0.04718,5.52578,2.2617
B029,120,37.12454,7.08563,47.51177,246.75355,0.2,0.024,0.004,0.04629,4.87995,2.23247
B029,124,37.09985,6.99172,44.98762,237.53952,0.2,0.024,0.004,0.04634,5.25317,2.1482
B029,128,37.07003,7.06045,46.88625,242.42936,0.2,0.024,0.004,0.04656,5.05641,2.42353
B029,132,36.91352,7.06219,43.71187,237.00756,0.2,0.024,0.004,0.04436,4.87039,2.48375
B029,136,37.13957,7.04412,43.73823,240.1898,0.2,0.024,0.004,0.04387,5.17333,2.23118
B029,140,36.94718,6.9934,45.15478,237.86448,0.2,0.024,0.004,0.04664,5.14608,2.66424
B029,144,35.48868,7.04848,45.82034,246.12368,0.2,0.024,0.004,0.04122,4.44127,2.23311
B029,148,35.52673,7.03224,44.69577,250.52836,0.2,0.024,0.004,0.03875,4.82156,2.68536
B029,152,35.48021,7.09195,45.49719,246.09409,0.2,0.024,0.004,0.04297,4.85716,2.50659
B029,156,35.46856,7.05938,46.00043,246.10855,0.2,0.024,0.004,0.03993,4.49603,2.68032
B029,160,35.48013,7.03011,42.58514,245.3841,0.2,0.024,0.004,0.03833,4.38796,2.66122
B029,164,35.69121,6.99868,44.42041,247.45556,0.2,0.024,0.004,0.04153,4.28406,2.5912
B029,168,35.53815,7.06477,44.11824,242.87589,0.2,0.024,0.004,0.03873,4.3915,2.63682
B029,172,35.48563,7.0674,44.20079,250.7906,0.2,0.024,0.004,0.03573,4.29732,2.55086
B029,176,35.62183,7.04461,45.69169,246.84894,0.2,0.024,0.004,0.04135,4.56523,2.61723
B029,180,35.54524,7.06509,44.14186,245.23463,0.2,0.024,0.004,0.03347,4.22529,2.75623
B029,184,35.47823,7.04129,41.59137,244.36598,0.2,0.024,0.004,0.03572,3.99434,2.28804
B029,188,35.46173,7.07668,44.59792,247.88683,0.2,0.024,0.004,0.03132,4.07001,2.01446
B029,192,35.36717,7.07482,43.19051,250.53044,0.2,0.024,0.004,0.03484,4.02129,2.28886
B029,196,35.38853,7.00903,45.84376,247.57114,0.2,0.024,0.004,0.03222,3.78525,2.21663
B029,200,35.61615,7.01512,46.36968,242.69658,0.2,0.024,0.004,0.03435,3.67268,2.16035
B029,204,35.43469,7.10078,41.30279,253.08871,0.2,0.024,0.004,0.0319,3.96193,2.02112
B029,208,35.44385,7.0733,43.68381,248.86471,0.2,0.024,0.004,0.03387,3.93107,2.16004
B029,212,35.66259,7.01844,45.60073,252.93516,0.2,0.024,0.004,0.02956,3.79519,1.80983
B029,216,35.57474,7.01074,42.60491,253.88401,0.2,0.024,0.004,0.02648,3.43893,1.94785
B029,220,35.49717,7.05519,46.33052,252.8704,0.2,0.024,0.004,0.02946,3.62729,1.88721
B029,224,35.46566,7.02144,46.78384,256.54318,0.2,0.024,0.004,0.0278,3.25946,1.76479
B029,228,35.52055,7.04208,44.72457,259.97642,0.2,0.024,0.004,0.02402,3.18689,1.70154
B029,232,35.58802,7.04882,43.68435,258.89411,0.2,0.024,0.004,0.02493,3.34535,1.67396
B029,236,35.40407,7.04774,41.07204,252.98174,0.2,0.024,0.004,0.02499,3.33989,1.48471
B029,240,35.4421,7.07816,46.38384,259.96936,0.2,0.024,0.004,0.02903,3.05254,1.35676
B029,244,35.48862,7.09587,48.40431,258.18966,0.2,0.024,0.004,0.02683,3.05241,1.37903
B029,248,35.40875,7.03803,48.05261,260.07778,0.2,0.024,0.004,0.02426,3.06475,1.31774
B029,252,35.35811,7.02173,44.66855,254.86299,0.2,0.024,0.004,0.02548,3.2856,1.28053
B029,256,35.44149,7.05972,43.14245,259.05661,0.2,0.024,0.004,0.02009,2.78398,0.89968
B029,260,35.43655,7.09079,46.42396,263.57199,0.2,0.024,0.004,0.02272,2.97335,1.01809
B029,264,35.54026,7.03992,44.78432,257.53119,0.2,0.024,0.004,0.02438,2.98574,0.85093
B029,268,35.30377,7.07126,45.81282,262.40445,0.2,0.024,0.004,0.02369,2.83134,0.98856
B029,272,35.44295,7.02907,45.51468,258.65618,0.2,0.024,0.004,0.02211,2.83707,0.95479
B029,276,35.65665,7.05053,45.15811,259.80636,0.2,0.024,0.004,0.023,2.52089,0.78486
B029,280,35.57647,7.02095,46.74847,262.83773,0.2,0.024,0.004,0.02369,2.61418,0.68432
B029,284,35.53064,7.05027,46.81164,261.84837,0.2,0.024,0.004,0.02298,2.92478,0.80126
B029,288,35.47578,7.04709,44.11143,267.78397,0.2,0.024,0.004,0.02477,2.93406,0.67506
B029,292,35.57852,7.0652,43.43071,267.33608,0.2,0.024,0.004,0.02378,2.74222,0.82716
B029,296,35.5444,7.09445,40.7515,259.54969,0.2,0.024,0.004,0.02431,2.75393,0.837
B029,300,35.5603,7.04028,44.41153,268.91073,0.2,0.024,0.004,0.02692,2.24434,0.71576
B029,304,35.51388,7.00001,43.14135,271.53941,0.2,0.024,0.004,0.0254,2.31624,0.59799
B029,308,35.39432,7.04495,45.71263,268.25442,0.2,0.024,0.004,0.02753,2.43624,0.7663
B029,312,35.41838,7.05748,44.42903,269.97563,0.2,0.024,0.004,0.02305,2.76718,0.55585
B029,316,35.46071,7.05505,44.61337,266.64947,0.2,0.024,0.004,0.02161,2.19194,0.45154
B029,320,35.45914,7.04606,46.38034,272.04133,0.2,0.024,0.004,0.02496,2.41807,0.41225
B029,324,35.60205,7.08719,45.67533,264.1103,0.2,0.024,0.004,0.02528,2.312,0.39508
B029,328,35.50307,7.05341,44.80163,269.38747,0.2,0.024,0.004,0.02917,2.35744,0.46671
B029,332,35.4375,7.04738,47.86692,271.11475,0.2,0.024,0.004,0.02456,2.1258,0.51262
B029,336,35.61687,7.03056,46.25485,273.07543,0.2,0.024,0.004,0.02727,1.93367,0.27822
B030,0,37.0858,7.0725,44.9418,218.21717,0.5,0.06,0.01,0.0,5.31475,0.45928
B030,4,37.20377,7.04306,45.81679,221.05553,0.5,0.06,0.01,0.0,5.28394,0.61616
B030,8,37.01928,7.04256,43.24703,221.13382,0.5,0.06,0.01,0.0,5.4374,0.43137
B030,12,36.90962,7.04577,41.6565,225.68522,0.5,0.06,0.01,0.0,5.51303,0.49927
B030,16,36.95421,7.06815,45.29116,225.15883,0.5,0.06,0.01,0.0,5.23551,0.53382
B030,20,37.09276,7.05414,45.89493,224.80996,0.5,0.06,0.01,0.0,5.5241,0.53107
B030,24,36.94464,7.03142,46.71267,222.57677,0.5,0.06,0.01,0.0,4.98184,0.39215
B030,28,36.95279,7.03232,44.39046,223.30676,0.5,0.06,0.01,0.0,4.90227,0.65302
B030,32,37.09723,7.04512,46.31866,224.6369,0.5,0.06,0.01,0.0,4.83893,0.67725
B030,36,37.14863,7.05756,45.82582,223.6878,0.5,0.06,0.01,0.0,4.77061,0.859
B030,40,37.01738,7.04911,47.24809,224.69979,0.5,0.06,0.01,0.0,5.08058,0.61752
B030,44,37.16596,7.04689,44.90584,227.13912,0.5,0.06,0.01,0.0,4.796,0.74106
B030,48,37.17025,7.05116,42.05917,225.93962,0.5,0.06,0.01,0.04617,5.82446,1.012
B030,52,37.02787,7.04909,44.88498,224.59264,0.5,0.06,0.01,0.04735,6.12801,0.95644
B030,56,37.02057,7.03049,45.15037,223.84483,0.5,0.06,0.01,0.0451,6.10371,1.04469
B030,60,36.99247,7.07768,45.88093,232.28684,0.5,0.06,0.01,0.04312,6.04705,1.09453
B030,64,37.0438,7.03794,42.39444,225.89815,0.5,0.06,0.01,0.04463,6.00533,1.16011
B030,68,36.84813,7.05323,44.46952,231.69083,0.5,0.06,0.01,0.04289,5.59092,1.3923
B030,72,37.1265,6.99849,46.47578,227.90816,0.5,0.06,0.01,0.04312,5.76381,1.25668
B030,76,37.0616,7.04462,44.82305,231.7887,0.5,0.06,0.01,0.04696,5.85143,1.19931
B030,80,37.11858,7.02251,44.48025,228.40563,0.5,0.06,0.01,0.04774,5.64805,1.47499
B030,84,37.00948,7.02552,48.24075,232.62028,0.5,0.06,0.01,0.05074,5.79021,1.4103
B030,88,36.98856,7.11055,43.18099,232.05218,0.5,0.06,0.01,0.04677,5.38793,1.54685
B030,92,36.97098,7.05624,47.09636,234.32394,0.5,0.06,0.01,0.04428,5.38993,1.6875
B030,96,37.02421,7.08065,46.73612,235.15772,0.5,0.06,0.01,0.04675,5.5837,1.62825
B030,100,36.92452,7.07138,44.61722,233.86157,0.5,0.06,0.01,0.04638,5.73086,1.74936
B030,104,36.95103,7.07458,44.94409,233.69946,0.5,0.06,0.01,0.04586,5.60574,1.95086
B030,108,36.88334,7.04502,44.93802,234.49142,0.5,0.06,0.01,0.04737,5.5073,1.90975
B030,112,37.05195,7.09016,45.30931,236.78821,0.5,0.06,0.01,0.04405,5.27159,2.17216
B030,116,37.04036,7.07117,43.98928,235.91175,0.5,0.06,0.01,0.04648,5.25649,2.01395
B030,120,37.07223,7.05103,44.27215,236.47491,0.5,0.06,0.01,0.04721,4.9798,2.08692
B030,124,37.09594,7.05658,44.39612,236.04792,0.5,0.06,0.01,0.04839,5.07146,2.50344
B030,128,37.05366,7.04658,44.45039,244.43433,0.5,0.06,0.01,0.04577,4.96378,2.15511
B030,132,37.00294,7.05131,44.47171,239.12055,0.5,0.06,0.01,0.04679,5.18916,2.39384
B030,136,36.99155,7.04891,41.1906,245.28489,0.5,0.06,0.01,0.04332,5.12114,2.67117
B030,140,37.03222,7.05954,45.166,247.43261,0.5,0.06,0.01,0.04307,5.02929,2.49057
B030,144,35.52234,7.0935,44.1033,239.63861,0.5,0.06,0.01,0.0458,5.12991,2.69317
B030,148,35.46378,7.01987,41.82642,242.91937,0.5,0.06,0.01,0.03975,4.73088,2.63953
B030,152,35.65535,7.07856,44.40491,242.96445,0.5,0.06,0.01,0.04105,4.52535,2.58182
B030,156,35.34619,7.04079,44.35237,240.65828,0.5,0.06,0.01,0.04344,4.70508,2.57998
B030,160,35.52098,7.08174,47.16792,244.27898,0.5,0.06,0.01,0.04007,4.45116,2.34568
B030,164,35.62996,7.04166,44.08331,247.48023,0.5,0.06,0.01,0.03919,4.63024,2.55737
B030,168,35.57441,7.06032,46.13524,244.5486,0.5,0.06,0.01,0.03849,4.38159,2.61055
B030,172,35.38416,7.04603,47.35078,247.57971,0.5,0.06,0.01,0.03849,4.38056,2.58903
B030,176,35.6118,7.00674,43.93228,245.18019,0.5,0.06,0.01,0.03965,4.50418,2.82746
B030,180,35.62502,7.09347,44.91925,242.03218,0.5,0.06,0.01,0.03854,4.17015,2.52771
B030,184,35.40426,7.02643,47.93878,247.15982,0.5,0.06,0.01,0.03592,4.36355,2.52461
B030,188,35.47034,7.0521,45.38926,246.1986,0.5,0.06,0.01,0.03728,3.93353,2.53684
B030,192,35.51069,7.02369,45.63537,247.21423,0.5,0.06,0.01,0.03498,4.12576,2.4036
B030,196,35.44836,7.01657,44.30767,245.78314,0.5,0.06,0.01,0.03522,4.01217,2.26439
B030,200,35.5611,7.04488,46.16799,255.12338,0.5,0.06,0.01,0.03066,4.01533,2.19592
B030,204,35.58517,7.03516,44.93261,251.59515,0.5,0.06,0.01,0.03541,3.68988,2.09021
B030,208,35.44868,7.02078,41.88543,250.33924,0.5,0.06,0.01,0.03161,3.51865,2.10866
B030,212,35.58456,7.04911,44.3961,244.95554,0.5,0.06,0.01,0.02492,3.71405,1.95515
B030,216,35.47094,7.01295,42.9886,254.60235,0.5,0.06,0.01,0.03301,3.66285,1.96875
B030,220,35.50696,7.05314,45.19081,251.14766,0.5,0.06,0.01,0.02899,3.56853,1.68951
B030,224,35.53329,7.04682,43.44137,255.60937,0.5,0.06,0.01,0.02752,3.38113,1.74443
B030,228,35.53192,6.98799,45.81282,254.41778,0.5,0.06,0.01,0.02645,3.58946,1.82933
B030,232,35.52311,7.03692,45.0761,251.2718,0.5,0.06,0.01,0.02792,3.46788,1.53309
B030,236,35.49754,7.06171,42.87838,253.01055,0.5,0.06,0.01,0.02468,3.32843,1.69944
B030,240,35.58252,7.02341,44.16269,258.04971,0.5,0.06,0.01,0.02476,3.02858,1.41798
B030,244,35.47171,7.06279,46.05496,251.79329,0.5,0.06,0.01,0.02431,3.27003,1.31389
B030,248,35.37811,7.06082,46.95159,259.06331,0.5,0.06,0.01,0.02437,2.9547,1.25969
B030,252,35.38839,7.02456,43.46588,254.57526,0.5,0.06,0.01,0.02351,2.94523,1.1364
B030,256,35.49186,7.04969,43.13435,257.16332,0.5,0.06,0.01,0.02588,2.82919,0.8675
B030,260,35.57085,7.07062,48.31667,259.18138,0.5,0.06,0.01,0.02439,2.96167,1.14573
B030,264,35.43612,7.02809,44.98339,262.5149,0.5,0.06,0.01,0.02437,3.13278,1.24189
B030,268,35.44068,7.04485,45.1555,265.80854,0.5,0.06,0.01,0.02458,2.93935,0.97889
B030,272,35.50994,7.07876,43.74304,260.14738,0.5,0.06,0.01,0.02301,2.73161,0.93254
B030,276,35.5068,7.02856,45.36587,264.02272,0.5,0.06,0.01,0.02104,2.73352,0.79588
B030,280,35.44387,7.06148,47.91566,260.40745,0.5,0.06,0.01,0.02662,2.82422,0.91076
B030,284,35.55253,7.02302,45.43242,258.05083,0.5,0.06,0.01,0.02486,2.72533,0.72491
B030,288,35.57926,7.04598,46.81044,258.38446,0.5,0.06,0.01,0.02627,2.73271,0.72312
B030,292,35.58356,7.06117,45.04927,267.25397,0.5,0.06,0.01,0.02521,2.43909,0.46815
B030,296,35.38408,6.98989,43.25613,261.24683,0.5,0.06,0.01,0.02237,2.52645,0.56073
B030,300,35.52719,7.03664,43.8385,267.14595,0.5,0.06,0.01,0.0188,2.05398,0.63976
B030,304,35.43604,7.06073,43.09974,263.86324,0.5,0.06,0.01,0.02129,2.48779,0.67894
B030,308,35.40949,7.05565,45.37024,271.17474,0.5,0.06,0.01,0.02532,2.23852,0.65943
B030,312,35.462,7.03694,47.08061,266.89388,0.5,0.06,0.01,0.0242,2.57284,0.33746
B030,316,35.3977,7.02239,45.27372,270.89716,0.5,0.06,0.01,0.02396,1.86678,0.33171
B030,320,35.36278,7.06571,44.47677,267.68633,0.5,0.06,0.01,0.02025,2.46762,0.56339
B030,324,35.63003,7.04194,43.65761,270.69177,0.5,0.06,0.01,0.0257,1.95945,0.38988
B030,328,35.5337,7.06363,45.60426,266.05475,0.5,0.06,0.01,0.02409,1.95029,0.57483
B030,332,35.44122,7.05951,42.89518,273.83319,0.5,0.06,0.01,0.02537,2.20415,0.26143
B030,336,35.53779,7.03881,43.07203,273.07075,0.5,0.06,0.01,0.02913,2.30749,0.43623
B031,0,36.90845,7.04258,47.10951,222.14145,0.2,0.024,0.004,0.0,5.41502,0.59212
B031,4,36.96431,7.08401,43.95207,221.79945,0.2,0.024,0.004,0.0,5.47318,0.65116
B031,8,37.04592,7.03926,45.16259,228.4051,0.2,0.024,0.004,0.0,5.47679,0.40072
B031,12,37.09205,7.04709,46.67117,216.89089,0.2,0.024,0.004,0.0,5.57273,0.48581
B031,16,36.97118,7.02517,47.17573,221.60008,0.2,0.024,0.004,0.0,5.35138,0.62425
B031,20,37.04601,7.05316,45.35455,220.19924,0.2,0.024,0.004,0.0,5.1746,0.59801
B031,24,36.9575,7.05008,45.6533,219.86676,0.2,0.024,0.004,0.0,5.03001,0.68021
B031,28,37.07856,7.0659,43.27112,225.61664,0.2,0.024,0.004,0.0,5.21701,0.62151
B031,32,36.88409,7.03409,46.7392,224.87792,0.2,0.024,0.004,0.0,5.09487,0.91464
B031,36,36.87478,7.03295,47.14799,229.42677,0.2,0.024,0.004,0.0,5.05282,0.64925
B031,40,37.12913,7.06156,41.8204,225.83279,0.2,0.024,0.004,0.0,5.06726,1.09482
B031,44,36.93179,7.08493,47.99701,224.60719,0.2,0.024,0.004,0.0,5.06549,0.96682
B031,48,36.9637,7.06573,43.80888,226.87952,0.2,0.024,0.004,0.04132,6.00552,0.96743
B031,52,36.90771,7.09619,46.01087,225.48983,0.2,0.024,0.004,0.04329,5.92747,0.79638
B031,56,37.00486,7.06388,45.13185,224.7967,0.2,0.024,0.004,0.04543,5.81954,1.08793
B031,60,37.02432,7.06298,44.89736,231.41537,0.2,0.024,0.004,0.04463,5.78548,1.11259
B031,64,37.04363,7.06698,44.64892,231.11557,0.2,0.024,0.004,0.04832,6.09273,0.85081
B031,68,36.8507,7.0872,43.31264,234.20007,0.2,0.024,0.004,0.04772,5.80075,1.00522
B031,72,36.87461,7.08094,45.89051,230.34175,0.2,0.024,0.004,0.04655,5.55754,1.28861
B031,76,37.02297,7.02288,44.51372,232.93254,0.2,0.024,0.004,0.04254,5.86024,1.30467
B031,80,36.91142,7.07001,42.77398,233.17778,0.2,0.024,0.004,0.04528,5.50234,1.33636
B031,84,36.87878,7.05663,43.24049,234.47317,0.2,0.024,0.004,0.04573,5.64158,1.60776
B031,88,36.92929,7.04515,42.80284,233.44154,0.2,0.024,0.004,0.04544,5.66845,1.45399
B031,92,36.99301,7.00568,44.1082,237.28197,0.2,0.024,0.004,0.04737,5.58091,1.58845
B031,96,37.01937,7.0115,45.82467,232.60269,0.2,0.024,0.004,0.04742,5.08738,1.64917
B031,100,36.93331,7.04089,43.7911,233.15053,0.2,0.024,0.004,0.0436,5.46021,1.87182
B031,104,37.0544,7.01339,46.65825,232.94259,0.2,0.024,0.004,0.04845,5.70204,1.68743
B031,108,37.00022,7.04141,44.79734,240.51286,0.2,0.024,0.004,0.04672,5.51354,1.91587
B031,112,37.01203,7.06786,44.50801,233.5626,0.2,0.024,0.004,0.04719,4.95353,1.84862
B031,116,37.17423,7.03548,45.0285,242.68734,0.2,0.024,0.004,0.04771,5.68365,2.09475
B031,120,37.04009,7.05209,47.37176,241.82727,0.2,0.024,0.004,0.04438,4.93079,2.29243
B031,124,37.20735,7.02325,42.66872,234.38039,0.2,0.024,0.004,0.04807,5.0197,2.36362
B031,128,37.0238,7.05747,47.81582,240.05763,0.2,0.024,0.004,0.04487,5.22642,2.25143
B031,132,37.04128,7.0627,46.63227,239.53095,0.2,0.024,0.004,0.04773,5.19069,2.46104
B031,136,36.99366,7.01443,44.96318,240.81524,0.2,0.024,0.004,0.04242,4.94301,2.42677
B031,140,37.03839,7.0312,47.01114,240.99455,0.2,0.024,0.004,0.04655,4.88134,2.65733
B031,144,35.49453,7.01832,44.4518,237.63667,0.2,0.024,0.004,0.0413,5.04399,2.51596
B031,148,35.41971,7.06273,45.48565,244.77996,0.2,0.024,0.004,0.0476,4.90681,2.20447
B031,152,35.48721,7.0541,44.0796,244.66319,0.2,0.024,0.004,0.03995,4.39299,2.69005
B031,156,35.39183,7.04876,46.64301,248.04056,0.2,0.024,0.004,0.0433,4.93229,2.54057
B031,160,35.57211,7.04679,43.79767,243.75681,0.2,0.024,0.004,0.03976,4.61353,2.5671
B031,164,35.53741,7.05807,44.91267,246.82301,0.2,0.024,0.004,0.04119,4.76256,2.63597
B031,168,35.39304,7.05857,46.15454,250.23348,0.2,0.024,0.004,0.03894,4.56053,2.41172
B031,172,35.51689,7.03761,46.78192,247.2478,0.2,0.024,0.004,0.03608,4.76837,2.57019
B031,176,35.50213,7.03411,43.60404,243.39177,0.2,0.024,0.004,0.03189,4.12939,2.5957
B031,180,35.54069,7.04853,46.28033,246.40739,0.2,0.024,0.004,0.04171,4.38561,2.53768
B031,184,35.49826,7.04526,43.33063,254.73101,0.2,0.024,0.004,0.03604,4.32268,2.37712
B031,188,35.56953,7.10152,41.34444,250.98029,0.2,0.024,0.004,0.02921,3.91962,2.51607
B031,192,35.71764,7.0404,43.72829,249.95372,0.2,0.024,0.004,0.0349,4.21309,2.21904
B031,196,35.56323,7.05724,46.41892,245.59924,0.2,0.024,0.004,0.03488,3.48952,2.19965
B031,200,35.57222,7.06165,44.97923,249.87092,0.2,0.024,0.004,0.03128,3.86897,2.18934
B031,204,35.51024,7.08501,44.0905,250.4729,0.2,0.024,0.004,0.03052,3.79638,2.16775
B031,208,35.61089,7.02972,45.09431,254.82833,0.2,0.024,0.004,0.03113,3.75714,2.01641
B031,212,35.49769,7.08349,45.03808,249.10299,0.2,0.024,0.004,0.03282,3.61874,2.12302
B031,216,35.57391,7.04632,46.05723,249.47628,0.2,0.024,0.004,0.02989,3.81834,1.92919
B031,220,35.53236,7.11253,42.26009,251.75298,0.2,0.024,0.004,0.03191,3.56698,1.81968
B031,224,35.55776,7.05907,44.826,256.88509,0.2,0.024,0.004,0.03057,3.61227,1.75803
B031,228,35.47897,7.01928,45.21127,251.11719,0.2,0.024,0.004,0.0272,3.43731,1.73103
B031,232,35.38344,7.04507,42.67887,257.57707,0.2,0.024,0.004,0.0239,3.40358,1.58894
B031,236,35.40907,7.08341,42.65556,256.51607,0.2,0.024,0.004,0.02601,3.57577,1.26114
B031,240,35.56219,7.05204,44.38,254.49609,0.2,0.024,0.004,0.02697,3.3294,1.52908
B031,244,35.48125,7.04851,45.01449,260.43374,0.2,0.024,0.004,0.02554,3.36185,1.33503
B031,248,35.62886,7.06797,45.02048,256.90365,0.2,0.024,0.004,0.02623,3.2057,1.32788
B031,252,35.44303,7.04138,44.05421,260.99234,0.2,0.024,0.004,0.02627,3.04162,1.12506
B031,256,35.36646,7.04473,43.98453,259.14283,0.2,0.024,0.004,0.02523,3.03337,0.88596
B031,260,35.49649,7.02638,44.3282,262.88148,0.2,0.024,0.004,0.0233,2.91149,0.76664
B031,264,35.6116,7.09322,45.50749,256.77241,0.2,0.024,0.004,0.02462,3.04978,0.86545
B031,268,35.47321,7.01943,47.11586,260.78178,0.2,0.024,0.004,0.02783,2.99898,0.98332
B031,272,35.57658,7.05424,41.22533,265.34549,0.2,0.024,0.004,0.02021,2.59833,1.02333
B031,276,35.52309,7.062,46.0591,261.7533,0.2,0.024,0.004,0.02405,2.7493,0.85403
B031,280,35.41142,7.04966,44.81104,266.7574,0.2,0.024,0.004,0.02668,2.53225,0.64556
B031,284,35.53966,7.01865,45.89373,263.00868,0.2,0.024,0.004,0.02065,2.57511,0.63553
B031,288,35.5068,7.02503,47.01542,264.28196,0.2,0.024,0.004,0.02505,2.67044,0.85434
B031,292,35.64034,7.06306,43.71629,266.97317,0.2,0.024,0.004,0.02541,2.95682,0.49869
B031,296,35.49519,7.0305,46.60532,259.39788,0.2,0.024,0.004,0.02034,2.69917,0.87646
B031,300,35.50684,6.9982,42.86813,269.67543,0.2,0.024,0.004,0.02492,2.33681,0.8208
B031,304,35.43798,7.05967,45.21692,265.84739,0.2,0.024,0.004,0.0232,2.46838,0.82624
B031,308,35.51322,7.02819,44.58772,269.02638,0.2,0.024,0.004,0.02393,2.44164,0.59292
B031,312,35.46898,7.06578,45.07868,264.19185,0.2,0.024,0.004,0.02375,2.30824,0.48598
B031,316,35.57416,7.04496,43.31864,273.05016,0.2,0.024,0.004,0.02742,2.36355,0.55181
B031,320,35.56992,7.04375,45.7427,270.04109,0.2,0.024,0.004,0.02502,2.22168,0.60232
B031,324,35.52956,7.05131,47.69669,268.04192,0.2,0.024,0.004,0.0248,2.56909,0.4014
B031,328,35.54097,7.02154,43.34784,267.5403,0.2,0.024,0.004,0.02536,2.12314,0.33533
B031,332,35.41446,7.02936,45.3224,268.80332,0.2,0.024,0.004,0.02614,2.23086,0.42297
B031,336,35.60332,7.0435,46.45498,266.70278,0.2,0.024,0.004,0.02527,1.64442,0.35536
B032,0,36.8071,7.02514,47.85865,220.24988,0.5,0.06,0.01,0.0,5.48448,0.56943
B032,4,37.02505,7.09345,46.04459,224.65715,0.5,0.06,0.01,0.0,5.51879,0.37588
B032,8,37.09202,7.06715,46.65731,222.026,0.5,0.06,0.01,0.0,5.64395,0.50124
B032,12,37.17163,7.05797,45.09235,219.91541,0.5,0.06,0.01,0.0,5.68762,0.68288
B032,16,36.90516,7.08626,46.24734,222.36749,0.5,0.06,0.01,0.0,5.14218,0.49252
B032,20,36.9701,7.06926,44.94193,215.60398,0.5,0.06,0.01,0.0,5.02314,0.69787
B032,24,36.94781,7.0488,44.96564,224.63076,0.5,0.06,0.01,0.0,5.27063,0.79023
B032,28,37.05721,7.02558,45.20352,222.2755,0.5,0.06,0.01,0.0,5.20764,0.80192
B032,32,37.06991,7.03767,44.32541,221.52807,0.5,0.06,0.01,0.0,4.89966,0.7127
B032,36,36.95973,7.08012,45.85744,230.49698,0.5,0.06,0.01,0.0,5.06501,0.87974
B032,40,36.91809,7.06705,45.85314,224.0237,0.5,0.06,0.01,0.0,5.12756,0.70916
B032,44,36.89975,7.04533,46.39216,224.1182,0.5,0.06,0.01,0.0,4.75057,1.1161
B032,48,37.01107,7.09416,46.08733,229.31963,0.5,0.06,0.01,0.04539,5.8797,0.89648
B032,52,36.87632,7.04607,48.40007,230.00968,0.5,0.06,0.01,0.04476,5.87903,1.05886
B032,56,37.06449,7.07469,46.78947,228.27866,0.5,0.06,0.01,0.0466,5.95478,0.93533
B032,60,37.03532,7.0555,44.64767,231.6287,0.5,0.06,0.01,0.04763,6.09556,1.10004
B032,64,37.0081,7.09832,45.77022,233.78083,0.5,0.06,0.01,0.04683,5.84404,1.17038
B032,68,36.9181,7.06883,47.40159,229.15399,0.5,0.06,0.01,0.04444,5.80504,1.06231
B032,72,36.96258,7.05115,43.38505,232.74171,0.5,0.06,0.01,0.0455,6.17772,1.13069
B032,76,36.99675,7.04553,48.42421,229.74904,0.5,0.06,0.01,0.05031,5.67367,1.29613
B032,80,37.05257,7.04962,43.68311,235.0917,0.5,0.06,0.01,0.04729,5.60475,1.53098
B032,84,36.94285,7.03187,46.53047,226.60721,0.5,0.06,0.01,0.04719,5.79374,1.25851
B032,88,36.8539,7.01583,45.01122,233.98415,0.5,0.06,0.01,0.04522,5.75222,1.5165
B032,92,37.12322,7.05772,44.91341,229.89748,0.5,0.06,0.01,0.04681,5.64088,1.80027
B032,96,36.97821,7.03666,42.78505,233.35465,0.5,0.06,0.01,0.04843,5.8843,1.57896
B032,100,37.06962,7.0366,46.54275,231.15904,0.5,0.06,0.01,0.04697,5.53151,1.96106
B032,104,37.05588,7.04778,42.80979,232.54118,0.5,0.06,0.01,0.0458,5.04138,1.75843
B032,108,36.98628,7.05131,42.54729,239.61921,0.5,0.06,0.01,0.04611,5.37424,1.86561
B032,112,37.00647,7.05018,46.9715,240.10749,0.5,0.06,0.01,0.04886,5.27478,2.03768
B032,116,37.10394,7.09346,48.04233,232.1292,0.5,0.06,0.01,0.04756,5.54598,2.35711
B032,120,36.82578,7.06656,43.86568,241.48628,0.5,0.06,0.01,0.04698,5.40812,2.12886
B032,124,37.06995,7.1027,46.70529,237.68745,0.5,0.06,0.01,0.04644,4.88677,2.06676
B032,128,37.07647,7.03903,46.35409,238.16058,0.5,0.06,0.01,0.04278,5.27668,2.17051
B032,132,37.01948,7.06959,44.84442,240.40007,0.5,0.06,0.01,0.04525,5.21625,2.50888
B032,136,36.93124,7.04041,47.27089,238.17104,0.5,0.06,0.01,0.04635,4.96825,2.28642
B032,140,37.17873,7.03597,44.72184,238.32434,0.5,0.06,0.01,0.04316,4.88476,2.63655
B032,144,35.5296,7.10364,45.87981,243.3394,0.5,0.06,0.01,0.04506,5.1491,2.53993
B032,148,35.54295,7.0308,42.86859,240.56588,0.5,0.06,0.01,0.04359,4.45884,2.55736
B032,152,35.63925,6.99421,42.94125,244.08738,0.5,0.06,0.01,0.04351,4.84399,2.61836
B032,156,35.44399,7.0323,46.98738,244.42687,0.5,0.06,0.01,0.04129,4.85701,2.49955
B032,160,35.42601,6.99979,45.93705,244.77334,0.5,0.06,0.01,0.04226,4.62054,2.61654
B032,164,35.48194,7.02622,44.75782,242.11939,0.5,0.06,0.01,0.03683,4.56949,2.45249
B032,168,35.43284,7.02853,48.24334,252.5048,0.5,0.06,0.01,0.03909,4.47972,2.74455
B032,172,35.44892,7.05088,48.22544,242.51615,0.5,0.06,0.01,0.03968,4.28697,2.43796
B032,176,35.49741,6.99876,45.74659,246.28009,0.5,0.06,0.01,0.03807,4.19422,2.58422
B032,180,35.46664,7.0799,42.52539,244.32612,0.5,0.06,0.01,0.03888,4.44026,2.36983
B032,184,35.46872,7.00311,44.81028,246.19109,0.5,0.06,0.01,0.03558,4.06717,2.385
B032,188,35.45133,7.04681,43.58461,249.0295,0.5,0.06,0.01,0.034,3.81968,2.35218
B032,192,35.6781,7.0419,45.15217,252.7953,0.5,0.06,0.01,0.03102,3.99357,2.6965
B032,196,35.57891,7.07063,43.40829,250.77311,0.5,0.06,0.01,0.03296,3.87957,2.27298
B032,200,35.47254,7.05879,42.96642,252.15849,0.5,0.06,0.01,0.03375,3.72783,2.10708
B032,204,35.53879,7.07967,41.15356,245.29544,0.5,0.06,0.01,0.03346,3.9013,2.07894
B032,208,35.49007,7.04096,45.28434,253.81721,0.5,0.06,0.01,0.02837,3.85134,1.87479
B032,212,35.52219,7.03838,41.0921,253.20841,0.5,0.06,0.01,0.03277,3.77885,1.95606
B032,216,35.43989,7.06032,44.45559,253.16863,0.5,0.06,0.01,0.02774,3.4096,2.11589
B032,220,35.52764,7.07573,46.18047,253.73364,0.5,0.06,0.01,0.02874,3.66528,1.85092
B032,224,35.66406,7.07063,43.77244,255.0214,0.5,0.06,0.01,0.02717,3.67755,1.83522
B032,228,35.59604,7.05805,43.15579,255.0188,0.5,0.06,0.01,0.02849,3.87465,1.53389
B032,232,35.47175,7.05582,44.88466,251.62259,0.5,0.06,0.01,0.02723,3.65628,1.53564
B032,236,35.51931,7.04909,43.59137,247.40953,0.5,0.06,0.01,0.02782,3.18246,1.50275
B032,240,35.5218,7.06025,45.31562,256.9462,0.5,0.06,0.01,0.02961,3.5146,1.3113
B032,244,35.47302,7.10087,43.24419,253.68372,0.5,0.06,0.01,0.02621,3.27347,1.36867
B032,248,35.54357,7.04394,44.82236,257.53227,0.5,0.06,0.01,0.0238,2.91169,1.31955
B032,252,35.47133,7.04089,44.41108,256.4079,0.5,0.06,0.01,0.02546,3.16366,1.23891
B032,256,35.49955,7.03897,44.98041,262.43745,0.5,0.06,0.01,0.02806,3.47493,1.08704
B032,260,35.53756,7.05973,47.77976,258.89678,0.5,0.06,0.01,0.02516,3.22437,1.17102
B032,264,35.56819,6.99696,45.33968,259.6826,0.5,0.06,0.01,0.02547,2.78638,0.94786
B032,268,35.40885,7.04662,45.85756,262.92054,0.5,0.06,0.01,0.02017,2.7908,0.87938
B032,272,35.62039,7.07202,43.93785,257.52436,0.5,0.06,0.01,0.02397,2.92364,1.04056
B032,276,35.51434,7.03684,45.37954,260.05339,0.5,0.06,0.01,0.02254,2.44011,0.68495
B032,280,35.57067,7.05467,44.53283,262.73994,0.5,0.06,0.01,0.02165,2.37613,0.56747
B032,284,35.7662,7.10273,45.05042,261.6957,0.5,0.06,0.01,0.02296,2.69378,0.62548
B032,288,35.62298,7.05829,46.10321,268.10389,0.5,0.06,0.01,0.02326,2.65576,0.73752
B032,292,35.59066,6.99402,44.1496,261.18209,0.5,0.06,0.01,0.02189,2.21236,0.81001
B032,296,35.48712,7.01475,44.32332,263.55344,0.5,0.06,0.01,0.02367,2.60955,0.54499
B032,300,35.3619,7.04372,44.1731,267.57674,0.5,0.06,0.01,0.02315,2.6743,0.81346
B032,304,35.58503,7.0299,44.14028,263.69734,0.5,0.06,0.01,0.02515,2.44146,0.57333
B032,308,35.58241,7.05258,45.2945,261.44903,0.5,0.06,0.01,0.0245,2.42733,0.53337
B032,312,35.50192,7.04264,44.38123,266.42122,0.5,0.06,0.01,0.02515,2.48761,0.42497
B032,316,35.4913,7.07915,47.54653,271.48966,0.5,0.06,0.01,0.02676,2.45591,0.74321
B032,320,35.4537,7.02272,49.55458,274.76602,0.5,0.06,0.01,0.02635,2.0184,0.47526
B032,324,35.44919,7.04481,44.0345,269.32018,0.5,0.06,0.01,0.02571,2.09194,0.31966
B032,328,35.5457,7.05543,45.4998,268.32473,0.5,0.06,0.01,0.02208,2.04477,0.7624
B032,332,35.61059,7.05853,46.76461,271.43564,0.5,0.06,0.01,0.02785,2.05728,0.50429
B032,336,35.48361,7.05367,44.54823,274.51379,0.5,0.06,0.01,0.0256,2.37208,0.5439
B033,0,37.03344,7.0379,45.99289,216.91773,0.2,0.024,0.004,0.0,5.43926,0.46509
B033,4,37.01128,7.09293,43.22765,221.79656,0.2,0.024,0.004,0.0,5.41536,0.52834
B033,8,36.89814,7.04323,47.47935,221.84453,0.2,0.024,0.004,0.0,5.38749,0.39016
B033,12,36.94267,7.07984,45.99411,222.17175,0.2,0.024,0.004,0.0,5.42901,0.58931
B033,16,37.05785,7.05657,40.34552,221.87122,0.2,0.024,0.004,0.0,5.38578,0.59479
B033,20,37.07307,7.09567,45.14509,225.37244,0.2,0.024,0.004,0.0,5.76606,0.927
B033,24,37.07263,7.02877,46.76925,224.80933,0.2,0.024,0.004,0.0,5.51469,0.63985
B033,28,36.9831,7.02873,45.6608,223.93833,0.2,0.024,0.004,0.0,4.84382,0.81777
B033,32,37.02862,7.07136,44.29902,222.37914,0.2,0.024,0.004,0.0,5.09024,0.51121
B033,36,37.1607,7.02174,44.89614,225.09263,0.2,0.024,0.004,0.0,4.99494,0.85203
B033,40,36.99938,7.05292,45.30314,223.98775,0.2,0.024,0.004,0.0,5.25042,0.79898
B033,44,36.91973,7.08871,46.3083,226.22109,0.2,0.024,0.004,0.0,4.91517,0.85016
B033,48,37.0022,7.00538,42.59434,226.93929,0.2,0.024,0.004,0.04145,6.04386,0.90161
B033,52,36.98631,7.06005,43.97147,229.41802,0.2,0.024,0.004,0.04563,5.59608,1.126
B033,56,36.89768,7.08029,47.78558,224.58657,0.2,0.024,0.004,0.04464,5.67157,1.00938
B033,60,37.00976,7.04935,45.05601,228.30515,0.2,0.024,0.004,0.04698,6.33121,0.94602
B033,64,36.93528,7.02682,47.59743,229.96556,0.2,0.024,0.004,0.04361,5.83131,1.03125
B033,68,37.01673,7.04343,50.07551,228.07031,0.2,0.024,0.004,0.0448,5.62426,1.27183
B033,72,36.9585,7.02904,44.16354,231.44985,0.2,0.024,0.004,0.0455,5.81733,1.29939
B033,76,36.96182,7.05173,42.96462,228.69079,0.2,0.024,0.004,0.04348,5.48557,1.13701
B033,80,36.91894,7.04308,44.5486,231.60473,0.2,0.024,0.004,0.04889,5.71115,1.46009
B033,84,37.16207,7.03717,46.86829,234.29736,0.2,0.024,0.004,0.04357,5.31989,1.3484
B033,88,36.89337,7.06165,47.10612,235.32165,0.2,0.024,0.004,0.04913,5.53027,1.61263
B033,92,36.93929,7.08948,48.86236,233.78543,0.2,0.024,0.004,0.04784,5.51707,1.54641
B033,96,36.95289,7.0582,44.93743,240.46826,0.2,0.024,0.004,0.0466,5.71465,1.69303
B033,100,37.02348,7.08359,45.8297,238.76366,0.2,0.024,0.004,0.04764,5.57441,1.74522
B033,104,37.05745,7.08947,43.78999,233.5194,0.2,0.024,0.004,0.04748,5.55387,2.07603
B033,108,37.2333,7.03533,40.73813,237.86628,0.2,0.024,0.004,0.04589,5.34649,2.02381
B033,112,36.95595,7.05687,44.93259,237.41662,0.2,0.024,0.004,0.04707,5.48098,2.20668
B033,116,37.05047,7.03938,43.03862,239.17838,0.2,0.024,0.004,0.04768,5.14283,2.47972
B033,120,37.03968,7.01295,46.09371,240.89945,0.2,0.024,0.004,0.04402,5.02867,2.21128
B033,124,37.06408,7.05889,41.80163,238.71609,0.2,0.024,0.004,0.04625,5.24154,2.45496
B033,128,37.00447,7.0237,43.74313,238.22871,0.2,0.024,0.004,0.0399,4.91121,2.2548
B033,132,36.98445,7.06211,45.45505,233.23965,0.2,0.024,0.004,0.04084,4.93458,2.54763
B033,136,37.12242,7.0111,45.63302,243.93236,0.2,0.024,0.004,0.04534,4.97193,2.35209
B033,140,36.86587,7.05427,44.91935,243.66996,0.2,0.024,0.004,0.04284,5.11666,2.49179
B033,144,35.49938,7.01073,48.17449,241.00286,0.2,0.024,0.004,0.0414,5.04197,2.59598
B033,148,35.50644,7.06685,47.66809,238.09753,0.2,0.024,0.004,0.04239,4.67109,2.64454
B033,152,35.53575,7.04017,43.83664,245.97944,0.2,0.024,0.004,0.04107,4.38586,2.42998
B033,156,35.53259,7.03776,47.736,242.71244,0.2,0.024,0.004,0.03921,4.48015,2.49162
B033,160,35.71512,7.07816,47.99574,241.22628,0.2,0.024,0.004,0.03721,4.34878,2.67337
B033,164,35.56188,7.04196,44.78937,245.32982,0.2,0.024,0.004,0.03583,4.57741,2.55153
B033,168,35.66099,7.05277,45.07719,246.36025,0.2,0.024,0.004,0.0405,4.66213,2.415
B033,172,35.47795,7.04503,44.91377,248.67215,0.2,0.024,0.004,0.03741,4.18572,2.55272
B033,176,35.51865,7.06268,43.9035,245.7798,0.2,0.024,0.004,0.03942,4.23769,2.51728
B033,180,35.60978,7.07607,44.07236,241.05271,0.2,0.024,0.004,0.03583,3.96948,2.51523
B033,184,35.39633,7.07089,47.24285,240.1102,0.2,0.024,0.004,0.03661,4.23139,2.5125
B033,188,35.59666,7.03833,45.74354,247.90982,0.2,0.024,0.004,0.03485,4.10712,2.45292
B033,192,35.5773,7.08023,44.05788,248.47223,0.2,0.024,0.004,0.03439,4.19775,2.24656
B033,196,35.52702,7.02709,43.42581,254.45421,0.2,0.024,0.004,0.03369,4.07971,2.22542
B033,200,35.37005,7.03144,43.71121,249.79485,0.2,0.024,0.004,0.03182,4.00538,2.317
B033,204,35.51584,7.0468,44.72145,250.74486,0.2,0.024,0.004,0.02947,3.5113,2.06711
B033,208,35.46817,7.07617,46.55239,249.59585,0.2,0.024,0.004,0.0327,3.70875,2.00794
B033,212,35.6224,7.02075,43.53786,251.58784,0.2,0.024,0.004,0.03361,3.96694,1.79508
B033,216,35.69504,7.07229,46.53289,253.98482,0.2,0.024,0.004,0.03301,3.63626,1.89032
B033,220,35.40658,7.04863,45.33483,247.59644,0.2,0.024,0.004,0.02788,3.26399,1.85203
B033,224,35.52888,7.03916,45.24283,256.10709,0.2,0.024,0.004,0.02684,3.62844,1.48975
B033,228,35.52287,7.07745,46.74385,256.21743,0.2,0.024,0.004,0.02655,3.32382,1.51465
B033,232,35.54203,7.02993,46.43371,250.3588,0.2,0.024,0.004,0.02669,3.57453,1.38944
B033,236,35.5225,7.10714,42.61232,259.35034,0.2,0.024,0.004,0.02636,3.32359,1.57289
B033,240,35.51374,7.04558,43.15718,252.07013,0.2,0.024,0.004,0.02392,3.16816,1.16885
B033,244,35.5289,7.05375,44.60982,253.80338,0.2,0.024,0.004,0.02246,3.37879,1.31123
B033,248,35.54062,7.08857,45.60515,258.96349,0.2,0.024,0.004,0.02506,2.91593,1.33184
B033,252,35.48135,7.0544,47.31978,259.6948,0.2,0.024,0.004,0.01748,3.17117,1.19631
B033,256,35.59119,7.07972,45.11061,257.90628,0.2,0.024,0.004,0.02397,2.91219,1.05237
B033,260,35.39303,7.00117,47.89628,263.27672,0.2,0.024,0.004,0.02196,2.95828,1.08169
B033,264,35.5663,7.03894,43.79865,261.29127,0.2,0.024,0.004,0.02514,2.99145,1.10321
B033,268,35.50756,7.05992,44.08612,257.00443,0.2,0.024,0.004,0.02546,2.84351,0.90833
B033,272,35.44244,7.07704,44.48034,257.57629,0.2,0.024,0.004,0.02533,2.73218,0.59891
B033,276,35.51047,7.06924,43.61071,260.37766,0.2,0.024,0.004,0.02238,2.681,0.95552
B033,280,35.52982,7.0669,46.97099,259.3243,0.2,0.024,0.004,0.02074,2.47594,0.81986
B033,284,35.4866,7.07653,40.29129,259.73939,0.2,0.024,0.004,0.02137,2.97949,0.72565
B033,288,35.51501,7.06188,44.14393,258.30303,0.2,0.024,0.004,0.02362,2.54793,0.45341
B033,292,35.55238,6.99642,46.95195,262.90377,0.2,0.024,0.004,0.01985,2.70088,0.62018
B033,296,35.51737,7.08606,44.46906,258.78978,0.2,0.024,0.004,0.02608,2.78486,0.51919
B033,300,35.40058,7.02906,46.82391,263.82954,0.2,0.024,0.004,0.02283,2.53612,0.44972
B033,304,35.61004,7.05784,48.73606,267.18181,0.2,0.024,0.004,0.02475,2.44622,0.5537
B033,308,35.51039,7.05453,45.13665,263.42708,0.2,0.024,0.004,0.02048,2.351,0.48292
B033,312,35.4115,7.05118,46.98719,267.62997,0.2,0.024,0.004,0.02255,2.42266,0.47055
B033,316,35.51435,7.02235,49.11253,262.32048,0.2,0.024,0.004,0.02099,2.25072,0.5978
B033,320,35.51688,7.00153,45.68355,272.40812,0.2,0.024,0.004,0.02728,2.06005,0.52396
B033,324,35.41668,7.02494,44.91829,271.12639,0.2,0.024,0.004,0.02541,1.91986,0.42004
B033,328,35.61528,7.07066,46.53419,267.13086,0.2,0.024,0.004,0.0274,2.52055,0.39279
B033,332,35.53736,7.01383,47.01317,274.5389,0.2,0.024,0.004,0.02695,1.71546,0.40246
B033,336,35.51844,7.02799,44.93401,272.76014,0.2,0.024,0.004,0.02836,2.21227,0.41835
B034,0,37.11375,7.03272,44.02915,219.25708,0.5,0.06,0.01,0.0,5.64589,0.4741
B034,4,36.84491,7.0105,44.18349,219.40958,0.5,0.06,0.01,0.0,5.30435,0.49864
B034,8,36.90292,7.04868,45.42747,221.65272,0.5,0.06,0.01,0.0,5.54196,0.61068
B034,12,36.90096,7.07012,44.72524,217.83958,0.5,0.06,0.01,0.0,5.37271,0.67126
B034,16,37.08988,7.00363,45.62953,221.90322,0.5,0.06,0.01,0.0,5.18025,0.48502
B034,20,36.99521,7.02684,45.76604,224.29506,0.5,0.06,0.01,0.0,5.29228,0.70902
B034,24,37.07767,7.02962,46.25885,222.34422,0.5,0.06,0.01,0.0,5.20186,0.56164
B034,28,36.97671,7.05891,41.7567,225.37269,0.5,0.06,0.01,0.0,5.41888,0.65796
B034,32,37.1465,7.05569,43.08372,225.02285,0.5,0.06,0.01,0.0,5.02332,0.77154
B034,36,36.97844,7.03062,45.94331,231.229,0.5,0.06,0.01,0.0,4.96691,0.83104
B034,40,37.10638,7.0545,45.3594,229.55448,0.5,0.06,0.01,0.0,4.89425,0.81003
B034,44,36.95995,7.02138,46.66079,224.80052,0.5,0.06,0.01,0.0,5.31343,0.68812
B034,48,36.85327,7.03934,42.37517,230.09475,0.5,0.06,0.01,0.04293,5.88157,0.64315
B034,52,36.98287,7.01838,44.19224,223.26109,0.5,0.06,0.01,0.04919,6.33916,0.89869
B034,56,37.03938,7.04624,44.49615,229.90531,0.5,0.06,0.01,0.04358,5.7318,1.09532
B034,60,36.99616,7.02999,45.28316,227.74529,0.5,0.06,0.01,0.04606,6.02279,1.09408
B034,64,37.21012,7.06726,45.06099,225.9899,0.5,0.06,0.01,0.04251,5.84189,1.13421
B034,68,36.94229,7.04935,45.79743,232.32477,0.5,0.06,0.01,0.04614,6.0594,1.17293
B034,72,36.91884,7.04433,44.80509,227.53538,0.5,0.06,0.01,0.04561,5.97216,1.28279
B034,76,36.94463,7.0942,47.33297,230.64199,0.5,0.06,0.01,0.0478,5.79776,1.20138
B034,80,36.99367,7.05958,47.87506,234.53865,0.5,0.06,0.01,0.04807,5.645,1.49196
B034,84,37.03407,7.0408,43.09958,229.81647,0.5,0.06,0.01,0.04966,6.02598,1.57984
B034,88,37.06316,7.03541,45.07669,228.16448,0.5,0.06,0.01,0.04961,5.5696,1.51741
B034,92,36.97437,7.02047,46.35659,230.37385,0.5,0.06,0.01,0.04686,5.15928,1.69552
B034,96,36.93143,7.04835,45.99506,240.17976,0.5,0.06,0.01,0.04511,5.14111,1.52083
B034,100,37.01244,7.05769,44.30667,239.28865,0.5,0.06,0.01,0.04529,5.14156,1.8322
B034,104,37.05237,7.00214,45.43327,234.19395,0.5,0.06,0.01,0.04745,5.54541,1.87779
B034,108,36.9893,7.0159,42.30812,237.79182,0.5,0.06,0.01,0.047,5.77765,2.1267
B034,112,37.0508,7.0371,44.96746,236.86226,0.5,0.06,0.01,0.04699,4.96367,2.03151
B034,116,37.02885,7.02255,42.51748,238.48475,0.5,0.06,0.01,0.04515,5.09588,2.23653
B034,120,36.99262,7.05108,45.86356,236.18429,0.5,0.06,0.01,0.04879,5.29568,2.15872
B034,124,36.96155,7.05455,43.10287,237.99661,0.5,0.06,0.01,0.04261,5.35542,2.00038
B034,128,37.09632,7.04694,45.27716,248.80698,0.5,0.06,0.01,0.04397,4.92142,2.31167
B034,132,36.80329,7.06375,45.54263,240.71322,0.5,0.06,0.01,0.04255,5.08604,2.42065
B034,136,37.00557,7.03538,45.12897,239.85853,0.5,0.06,0.01,0.04379,4.91778,2.46709
B034,140,37.04344,7.04885,43.92568,241.44937,0.5,0.06,0.01,0.04617,5.44354,2.51391
B034,144,35.47109,7.02492,44.64237,241.68773,0.5,0.06,0.01,0.04253,4.86127,2.47078
B034,148,35.72553,7.05712,47.00782,243.27854,0.5,0.06,0.01,0.0427,4.85555,2.52239
B034,152,35.561,7.0519,44.27817,241.27659,0.5,0.06,0.01,0.04319,4.77081,2.44752
B034,156,35.51517,7.02004,45.03643,243.94482,0.5,0.06,0.01,0.04052,4.56624,2.35607
B034,160,35.34704,7.04612,44.05346,241.85002,0.5,0.06,0.01,0.04125,4.78229,2.58722
B034,164,35.44119,7.04905,46.73473,242.79863,0.5,0.06,0.01,0.04027,4.33002,2.50623
B034,168,35.41441,7.05703,45.13231,245.33157,0.5,0.06,0.01,0.03676,4.0426,2.71227
B034,172,35.46984,7.05795,43.70124,241.55318,0.5,0.06,0.01,0.03733,4.34219,2.2994
B034,176,35.52436,7.03197,45.01211,250.4593,0.5,0.06,0.01,0.03819,4.48956,2.56648
B034,180,35.45393,7.06909,44.59025,247.2284,0.5,0.06,0.01,0.03926,4.21691,2.74858
B034,184,35.46568,7.06308,47.36739,245.71112,0.5,0.06,0.01,0.03846,4.28709,2.42705
B034,188,35.51517,7.03189,44.92403,246.21008,0.5,0.06,0.01,0.03929,4.00653,2.39671
B034,192,35.43533,7.02143,42.64933,243.94213,0.5,0.06,0.01,0.03527,4.26904,2.3899
B034,196,35.44604,7.0338,45.84768,251.95243,0.5,0.06,0.01,0.03268,4.08225,2.33526
B034,200,35.41179,7.01321,48.03635,252.12778,0.5,0.06,0.01,0.03259,3.91818,2.15664
B034,204,35.63153,7.0552,47.03478,252.09514,0.5,0.06,0.01,0.03171,3.87502,2.0113
B034,208,35.63294,7.07959,43.12501,249.4038,0.5,0.06,0.01,0.03035,3.51195,2.13368
B034,212,35.48926,7.08554,44.54316,249.05295,0.5,0.06,0.01,0.03118,3.49281,1.74662
B034,216,35.50278,7.02277,44.94784,253.20902,0.5,0.06,0.01,0.03055,3.64976,1.99363
B034,220,35.48726,7.06967,44.96847,249.54459,0.5,0.06,0.01,0.02664,3.6184,1.76358
B034,224,35.34822,7.05211,45.64764,251.81353,0.5,0.06,0.01,0.03048,3.67565,1.72718
B034,228,35.38942,6.9901,44.41503,251.69329,0.5,0.06,0.01,0.02398,3.29827,1.58001
B034,232,35.46614,7.04169,43.44344,254.3617,0.5,0.06,0.01,0.0266,3.51509,1.73175
B034,236,35.44672,7.03891,46.61806,261.9736,0.5,0.06,0.01,0.02876,3.64274,1.50817
B034,240,35.39911,7.08027,43.08994,259.62764,0.5,0.06,0.01,0.02713,3.28237,1.35973
B034,244,35.43544,7.02823,43.6364,261.96943,0.5,0.06,0.01,0.0247,3.24529,1.27868
B034,248,35.32444,7.06408,43.07937,256.46538,0.5,0.06,0.01,0.02889,3.20893,1.22792
B034,252,35.51521,7.04732,46.04076,262.02407,0.5,0.06,0.01,0.02366,3.04479,1.4614
B034,256,35.46813,7.01385,45.181,266.38305,0.5,0.06,0.01,0.02017,2.96273,0.94712
B034,260,35.56073,7.0362,46.50196,251.89812,0.5,0.06,0.01,0.02476,3.30552,1.17006
B034,264,35.38371,7.08829,43.66517,260.3108,0.5,0.06,0.01,0.02002,2.99734,1.04694
B034,268,35.42283,7.04567,42.86988,262.75574,0.5,0.06,0.01,0.0217,2.97497,1.10602
B034,272,35.33816,7.07265,44.24537,263.93582,0.5,0.06,0.01,0.02444,2.76526,0.94307
B034,276,35.58596,7.07128,44.68975,260.40578,0.5,0.06,0.01,0.02215,2.58018,0.81819
B034,280,35.38764,7.03879,45.35546,263.66759,0.5,0.06,0.01,0.02417,2.81446,0.89423
B034,284,35.46109,7.01791,42.13993,258.05465,0.5,0.06,0.01,0.02069,2.83303,0.75719
B034,288,35.65273,7.0212,45.81384,260.54676,0.5,0.06,0.01,0.02476,2.97329,0.78165
B034,292,35.46956,7.08629,43.47979,262.69013,0.5,0.06,0.01,0.01976,2.04854,0.82737
B034,296,35.52682,7.05379,43.89939,264.99855,0.5,0.06,0.01,0.02593,3.03657,0.63535
B034,300,35.5184,7.00665,46.99531,265.81585,0.5,0.06,0.01,0.02254,2.53861,0.54475
B034,304,35.51317,7.07085,41.28857,264.35055,0.5,0.06,0.01,0.02681,2.6858,0.49281
B034,308,35.56661,7.00533,45.54825,265.12031,0.5,0.06,0.01,0.02237,2.04997,0.6013
B034,312,35.56435,7.02935,45.54184,270.96329,0.5,0.06,0.01,0.02825,2.41956,0.42158
B034,316,35.5432,7.05203,43.60807,268.72469,0.5,0.06,0.01,0.02288,2.42815,0.46707
B034,320,35.50575,7.11301,44.24009,270.45475,0.5,0.06,0.01,0.02165,1.98985,0.37718
B034,324,35.52021,7.0704,47.07578,274.79723,0.5,0.06,0.01,0.02581,1.73743,0.5405
B034,328,35.49574,7.03794,48.33697,266.63652,0.5,0.06,0.01,0.02872,2.34246,0.37722
B034,332,35.45586,7.05071,46.81003,271.21397,0.5,0.06,0.01,0.0284,2.21712,0.30264
B034,336,35.53888,7.07299,48.20598,271.01943,0.5,0.06,0.01,0.02975,2.47121,0.31475
B035,0,37.05146,7.05152,42.20671,217.3234,0.2,0.024,0.004,0.0,5.32337,0.55895
B035,4,36.99327,7.07338,45.82095,222.03463,0.2,0.024,0.004,0.0,5.80464,0.24781
B035,8,36.87117,7.08976,45.4592,226.30325,0.2,0.024,0.004,0.0,5.43144,0.60479
B035,12,37.07849,7.05317,44.91292,219.86645,0.2,0.024,0.004,0.0,5.15055,0.49418
B035,16,37.00252,7.02953,45.11317,220.72796,0.2,0.024,0.004,0.0,5.07358,0.6312
B035,20,37.02394,7.02155,47.18582,223.18405,0.2,0.024,0.004,0.0,5.38195,0.57774
B035,24,37.01829,7.09246,46.7656,220.51504,0.2,0.024,0.004,0.0,5.3393,0.52099
B035,28,36.98795,7.08926,46.52475,231.43447,0.2,0.024,0.004,0.0,5.08066,0.6474
B035,32,37.06791,7.07218,45.35175,223.04756,0.2,0.024,0.004,0.0,5.19927,0.63807
B035,36,36.99595,7.0515,48.86,227.43958,0.2,0.024,0.004,0.0,5.18817,0.76655
B035,40,36.8595,7.07038,44.31894,223.43182,0.2,0.024,0.004,0.0,5.04519,0.66551
B035,44,37.03187,7.08261,42.25287,231.38346,0.2,0.024,0.004,0.0,4.84576,0.68282
B035,48,36.96485,7.03455,44.54909,231.90105,0.2,0.024,0.004,0.04065,6.11336,0.95543
B035,52,37.05889,7.05074,45.09815,229.89131,0.2,0.024,0.004,0.04289,6.09899,1.0543
B035,56,37.01534,7.02234,47.21541,227.62355,0.2,0.024,0.004,0.04329,6.0125,1.04838
B035,60,36.98234,7.04677,44.13134,227.6188,0.2,0.024,0.004,0.04359,5.71965,0.96226
B035,64,36.96797,7.08861,45.83509,224.1669,0.2,0.024,0.004,0.04128,5.52453,1.01636
B035,68,36.90286,7.07696,42.48868,229.70974,0.2,0.024,0.004,0.04965,5.93905,1.09187
B035,72,36.82073,7.05338,46.83841,224.77648,0.2,0.024,0.004,0.04443,5.91412,1.35255
B035,76,37.12419,6.98267,45.11614,227.09131,0.2,0.024,0.004,0.04484,5.8963,1.22166
B035,80,36.93455,7.03361,44.52305,228.2147,0.2,0.024,0.004,0.04278,5.71468,1.50442
B035,84,37.10392,7.05256,48.62381,233.86426,0.2,0.024,0.004,0.04856,5.62487,1.55471
B035,88,36.96214,7.0446,46.81884,231.56903,0.2,0.024,0.004,0.04675,5.46807,1.70857
B035,92,37.01437,7.05082,43.23227,230.06034,0.2,0.024,0.004,0.04629,5.55021,1.77066
B035,96,37.03046,7.05606,44.81403,232.75407,0.2,0.024,0.004,0.0464,5.50664,1.79193
B035,100,36.98025,7.03666,49.65174,230.65158,0.2,0.024,0.004,0.04812,5.70233,1.63436
B035,104,37.00629,7.04981,48.36399,234.83028,0.2,0.024,0.004,0.04588,5.3127,1.96698
B035,108,36.95296,7.04626,46.56904,232.31331,0.2,0.024,0.004,0.04271,5.20031,1.98945
B035,112,37.09494,7.03242,41.86002,235.43895,0.2,0.024,0.004,0.0439,5.62329,2.01056
B035,116,37.18827,7.09616,47.26466,237.50479,0.2,0.024,0.004,0.04353,5.47555,2.29576
B035,120,37.02813,7.03809,43.92019,238.11764,0.2,0.024,0.004,0.04646,5.06265,2.1875
B035,124,37.06844,6.99364,47.24998,240.09142,0.2,0.024,0.004,0.04741,5.46174,2.21118
B035,128,37.00287,7.09458,43.77146,244.33765,0.2,0.024,0.004,0.04808,4.96412,2.47363
B035,132,37.14022,7.02884,45.83101,242.51379,0.2,0.024,0.004,0.04143,4.87367,2.34843
B035,136,36.95652,7.0725,43.91152,236.82255,0.2,0.024,0.004,0.04545,4.94662,2.37945
B035,140,37.06035,7.03298,44.38242,245.0786,0.2,0.024,0.004,0.04245,4.86721,2.35874
B035,144,35.33771,7.06423,46.05773,244.85888,0.2,0.024,0.004,0.04895,5.10737,2.43314
B035,148,35.47189,7.0488,42.75787,239.02794,0.2,0.024,0.004,0.04527,4.87479,2.47311
B035,152,35.63697,7.07501,49.03311,240.79409,0.2,0.024,0.004,0.04526,4.91818,2.65721
B035,156,35.59276,7.04466,43.25372,238.86085,0.2,0.024,0.004,0.04279,4.62544,2.47337
B035,160,35.53328,7.03362,43.15864,245.16252,0.2,0.024,0.004,0.04125,4.67864,2.37706
B035,164,35.56987,7.05643,46.06273,249.07895,0.2,0.024,0.004,0.03896,4.52019,2.63205
B035,168,35.43491,7.04044,47.1963,246.76232,0.2,0.024,0.004,0.03782,4.17963,2.50661
B035,172,35.63415,7.00177,44.44971,251.37684,0.2,0.024,0.004,0.03666,4.43938,2.55928
B035,176,35.47161,7.03496,43.1785,247.3166,0.2,0.024,0.004,0.03872,4.3732,2.68545
B035,180,35.57544,7.12172,43.43196,249.29615,0.2,0.024,0.004,0.03981,4.20685,2.50258
B035,184,35.48644,7.00447,43.24897,247.82832,0.2,0.024,0.004,0.03518,4.09514,2.63014
B035,188,35.49119,7.05603,45.52391,247.57488,0.2,0.024,0.004,0.03365,4.0133,2.38886
B035,192,35.47269,7.04393,44.88102,248.44102,0.2,0.024,0.004,0.03133,3.93523,2.45957
B035,196,35.65013,7.09591,45.72392,250.50855,0.2,0.024,0.004,0.03399,4.31442,2.20903
B035,200,35.46664,7.02222,45.62028,248.12069,0.2,0.024,0.004,0.03517,4.35554,2.21858
B035,204,35.50379,7.05253,46.40133,252.25863,0.2,0.024,0.004,0.03449,3.42362,2.02034
B035,208,35.48042,7.06715,44.3031,246.78923,0.2,0.024,0.004,0.03392,3.93998,1.95765
B035,212,35.44088,7.04552,43.74505,251.85408,0.2,0.024,0.004,0.03125,3.90912,1.94863
B035,216,35.55922,7.03081,45.2657,247.94253,0.2,0.024,0.004,0.02987,3.61586,1.73434
B035,220,35.44109,7.04945,44.90652,253.42242,0.2,0.024,0.004,0.03155,3.81579,1.82972
B035,224,35.59015,7.04226,45.43002,257.19335,0.2,0.024,0.004,0.02609,3.76191,1.69048
B035,228,35.41008,7.04219,43.79009,253.63907,0.2,0.024,0.004,0.02678,3.18647,1.67123
B035,232,35.32452,7.07327,46.09177,255.12755,0.2,0.024,0.004,0.03046,3.50166,1.40246
B035,236,35.54781,7.06007,42.99677,260.11288,0.2,0.024,0.004,0.02431,3.62801,1.56249
B035,240,35.35708,7.06379,44.25135,252.73582,0.2,0.024,0.004,0.02585,3.04344,1.60205
B035,244,35.3975,7.05826,46.91937,256.99776,0.2,0.024,0.004,0.02668,3.21823,1.49905
B035,248,35.40302,7.074,43.07676,261.32628,0.2,0.024,0.004,0.02512,3.07133,1.47417
B035,252,35.51653,7.08261,46.78541,255.87981,0.2,0.024,0.004,0.02684,3.33634,1.17886
B035,256,35.40095,7.04283,42.60453,259.56745,0.2,0.024,0.004,0.02722,3.32302,1.06289
B035,260,35.60863,7.07049,42.30512,256.68549,0.2,0.024,0.004,0.02481,3.0295,1.09862
B035,264,35.46483,7.0176,42.46043,257.34358,0.2,0.024,0.004,0.02636,2.99682,0.95018
B035,268,35.49427,6.99367,45.19857,259.1781,0.2,0.024,0.004,0.0215,2.51213,0.71239
B035,272,35.51917,7.09566,46.24031,258.6106,0.2,0.024,0.004,0.02288,3.06406,0.9659
B035,276,35.58467,7.04167,47.19741,264.69699,0.2,0.024,0.004,0.02789,2.82158,0.78966
B035,280,35.42133,7.05631,47.06188,264.0024,0.2,0.024,0.004,0.0269,2.78684,0.59575
B035,284,35.47148,7.01937,46.46659,262.7549,0.2,0.024,0.004,0.02045,2.77811,0.66863
B035,288,35.62201,7.01822,43.58597,261.1779,0.2,0.024,0.004,0.02302,2.65508,0.66565
B035,292,35.51987,7.03218,43.57114,260.32494,0.2,0.024,0.004,0.02341,2.76206,0.6574
B035,296,35.45146,7.06607,46.33925,261.26424,0.2,0.024,0.004,0.02412,2.65973,0.62711
B035,300,35.47787,7.03709,47.41622,269.03511,0.2,0.024,0.004,0.02604,2.58771,0.75996
B035,304,35.54648,7.04161,43.24706,261.30223,0.2,0.024,0.004,0.02742,2.59347,0.41545
B035,308,35.47813,7.03139,47.1998,266.90087,0.2,0.024,0.004,0.02412,2.20496,0.52898
B035,312,35.55953,7.07914,41.73543,264.8477,0.2,0.024,0.004,0.02664,2.39525,0.42148
B035,316,35.42923,7.07171,45.66287,272.66386,0.2,0.024,0.004,0.02609,2.55545,0.65979
B035,320,35.49209,7.0379,44.82353,268.58113,0.2,0.024,0.004,0.0252,2.12819,0.42592
B035,324,35.44704,7.0671,44.65288,271.91952,0.2,0.024,0.004,0.02233,2.04151,0.43824
B035,328,35.54575,7.04387,45.05316,270.14399,0.2,0.024,0.004,0.02829,2.11296,0.59344
B035,332,35.40787,7.04156,43.54866,273.08209,0.2,0.024,0.004,0.02803,2.24441,0.61602
B035,336,35.56055,7.04876,45.75833,273.4448,0.2,0.024,0.004,0.0282,2.42555,0.62475
B036,0,37.02482,7.04132,43.58643,222.64436,0.5,0.06,0.01,0.0,5.52193,0.56275
B036,4,36.97551,7.03834,46.30189,225.18824,0.5,0.06,0.01,0.0,5.45231,0.74557
B036,8,37.01069,7.05481,43.92172,215.8047,0.5,0.06,0.01,0.0,5.42333,0.63958
B036,12,37.07613,7.0403,46.1893,227.33778,0.5,0.06,0.01,0.0,5.54138,0.59333
B036,16,36.98002,7.06218,47.85145,219.70875,0.5,0.06,0.01,0.0,5.13329,0.51406
B036,20,37.06914,7.03798,42.52585,228.89279,0.5,0.06,0.01,0.0,5.23328,0.644
B036,24,37.0679,7.06977,44.39321,218.73098,0.5,0.06,0.01,0.0,4.99325,0.70605
B036,28,37.03507,7.08796,44.66294,228.14488,0.5,0.06,0.01,0.0,5.20478,0.6564
B036,32,36.91508,7.05194,44.10518,225.99633,0.5,0.06,0.01,0.0,5.0808,0.60191
B036,36,36.92839,7.10546,43.96644,226.143,0.5,0.06,0.01,0.0,5.26046,0.58511
B036,40,37.11818,7.07819,44.16339,221.72075,0.5,0.06,0.01,0.0,5.01913,0.79408
B036,44,36.89048,7.10346,44.97407,229.46642,0.5,0.06,0.01,0.0,4.89211,0.64015
B036,48,36.99887,7.04847,45.2803,230.71379,0.5,0.06,0.01,0.0392,5.85967,0.81099
B036,52,36.8569,7.00846,46.6208,236.26779,0.5,0.06,0.01,0.04316,6.26533,0.62943
B036,56,37.01699,7.03235,44.9573,224.37875,0.5,0.06,0.01,0.04551,5.68315,1.07873
B036,60,37.02514,7.0349,46.9009,230.28744,0.5,0.06,0.01,0.04504,5.79306,1.1786
B036,64,37.07951,7.02617,43.99394,232.38143,0.5,0.06,0.01,0.04589,5.88576,1.11464
B036,68,36.98289,6.9951,42.95768,225.03376,0.5,0.06,0.01,0.04724,5.75046,1.39354
B036,72,37.03691,7.07562,44.48192,225.87275,0.5,0.06,0.01,0.04649,5.88667,1.40739
B036,76,36.96064,7.0035,45.78624,228.99709,0.5,0.06,0.01,0.04775,5.77155,1.37824
B036,80,37.05729,7.07322,46.46279,230.13596,0.5,0.06,0.01,0.04498,5.71048,1.38475
B036,84,37.06148,7.10464,47.4824,230.81443,0.5,0.06,0.01,0.04438,5.62271,1.43636
B036,88,36.98149,7.03054,45.49334,233.30669,0.5,0.06,0.01,0.04789,5.62269,1.62754
B036,92,37.01231,7.05969,46.28014,231.02739,0.5,0.06,0.01,0.04836,5.37256,1.62613
B036,96,37.0563,7.04003,47.32692,233.58598,0.5,0.06,0.01,0.04803,5.58052,1.7926
B036,100,36.93683,7.07068,43.67528,236.28057,0.5,0.06,0.01,0.04721,5.16279,1.88529
B036,104,36.9605,7.02014,44.64276,239.97636,0.5,0.06,0.01,0.04619,5.28589,1.86621
B036,108,37.00541,7.04671,49.71055,232.07911,0.5,0.06,0.01,0.04711,5.46976,2.10708
B036,112,36.95316,7.07803,46.45586,233.80209,0.5,0.06,0.01,0.04724,5.55107,2.02792
B036,116,37.08583,7.04878,45.86819,239.72062,0.5,0.06,0.01,0.0471,5.70836,2.13485
B036,120,36.99512,7.00928,46.51927,238.87022,0.5,0.06,0.01,0.05113,5.26106,2.08836
B036,124,36.98465,7.08104,42.72935,236.70532,0.5,0.06,0.01,0.04371,4.9491,2.24224
B036,128,37.05321,7.0176,43.9004,243.85402,0.5,0.06,0.01,0.0516,5.34808,2.59772
B036,132,37.08848,7.05197,43.27909,244.54498,0.5,0.06,0.01,0.04219,5.3073,2.289
B036,136,37.01296,7.06457,45.71163,237.49003,0.5,0.06,0.01,0.04498,5.26843,2.50151
B036,140,36.92951,7.053,44.37276,245.13871,0.5,0.06,0.01,0.04129,4.66587,2.43946
B036,144,35.35104,7.11344,45.16216,246.11427,0.5,0.06,0.01,0.04372,4.83966,2.26589
B036,148,35.6908,7.06835,44.47127,241.20956,0.5,0.06,0.01,0.04446,4.98862,2.62831
B036,152,35.47225,7.04494,42.23511,240.71548,0.5,0.06,0.01,0.04192,4.88961,2.51595
B036,156,35.41986,7.06507,46.50446,242.41053,0.5,0.06,0.01,0.04313,4.81284,2.63394
B036,160,35.45561,7.05525,42.00427,240.24923,0.5,0.06,0.01,0.03964,4.49022,2.71877
B036,164,35.48316,7.05111,43.763,245.94936,0.5,0.06,0.01,0.03566,4.52854,2.62381
B036,168,35.42833,7.05609,42.7637,244.71265,0.5,0.06,0.01,0.04027,4.65812,2.62208
B036,172,35.51607,7.03915,43.50444,249.63749,0.5,0.06,0.01,0.03832,4.22621,2.45708
B036,176,35.62675,7.05532,45.34316,247.80946,0.5,0.06,0.01,0.03652,4.54049,2.61638
B036,180,35.44444,7.03736,47.09954,244.65157,0.5,0.06,0.01,0.03587,4.41536,2.47123
B036,184,35.45401,7.0026,42.34631,253.26777,0.5,0.06,0.01,0.03671,4.07623,2.20918
B036,188,35.46935,7.07851,44.05275,249.17088,0.5,0.06,0.01,0.03347,4.24723,2.49631
B036,192,35.4165,7.03586,42.02662,245.33097,0.5,0.06,0.01,0.03505,4.21861,2.4747
B036,196,35.49412,7.05353,43.9708,254.04781,0.5,0.06,0.01,0.03588,4.19821,2.45245
B036,200,35.43176,7.03099,45.12222,252.69231,0.5,0.06,0.01,0.03683,4.30451,2.46616
B036,204,35.22285,7.03174,46.30403,248.19296,0.5,0.06,0.01,0.03474,3.91868,2.22512
B036,208,35.34717,7.02403,41.39844,254.90861,0.5,0.06,0.01,0.03149,3.85095,2.11703
B036,212,35.5703,7.07371,45.93594,248.697,0.5,0.06,0.01,0.03093,3.25437,2.10658
B036,216,35.52314,7.07974,43.34651,256.00513,0.5,0.06,0.01,0.02889,3.83108,1.78732
B036,220,35.56129,7.05065,42.93248,259.29668,0.5,0.06,0.01,0.02805,3.74486,1.60996
B036,224,35.49565,7.03658,45.11473,251.77953,0.5,0.06,0.01,0.03005,3.80735,1.66957
B036,228,35.69195,7.00767,46.06615,255.4172,0.5,0.06,0.01,0.02704,3.27146,1.79635
B036,232,35.40178,7.06989,44.82923,254.44328,0.5,0.06,0.01,0.02777,3.58352,1.48071
B036,236,35.57999,7.03309,43.14168,255.18888,0.5,0.06,0.01,0.02454,3.46478,1.53416
B036,240,35.56355,7.02207,44.82833,251.18498,0.5,0.06,0.01,0.02866,3.21931,1.46713
B036,244,35.55094,7.05073,43.7672,263.99834,0.5,0.06,0.01,0.02477,3.38135,1.34998
B036,248,35.44092,7.04165,46.02686,256.25803,0.5,0.06,0.01,0.02713,3.28565,1.09238
B036,252,35.44315,7.01205,46.82811,261.03817,0.5,0.06,0.01,0.02313,2.74869,1.21489
B036,256,35.59072,7.01548,46.71949,257.05703,0.5,0.06,0.01,0.02266,3.09968,1.05458
B036,260,35.66526,7.05841,44.96643,256.8733,0.5,0.06,0.01,0.02651,2.9046,1.24446
B036,264,35.58239,7.03361,46.90852,263.96357,0.5,0.06,0.01,0.02233,2.58855,1.11519
B036,268,35.41187,7.06276,43.26433,261.90241,0.5,0.06,0.01,0.02022,2.8556,0.87489
B036,272,35.5604,7.05366,48.03087,264.16042,0.5,0.06,0.01,0.02111,2.75204,1.07947
B036,276,35.57122,7.07619,43.25481,261.56768,0.5,0.06,0.01,0.02479,3.06041,0.85904
B036,280,35.46956,7.0292,41.5488,261.77683,0.5,0.06,0.01,0.02453,2.78605,0.57123
B036,284,35.41072,7.05582,47.32124,261.96494,0.5,0.06,0.01,0.02148,2.76907,0.72022
B036,288,35.47674,7.06596,43.79277,260.83534,0.5,0.06,0.01,0.02178,2.68015,0.88728
B036,292,35.52884,7.03434,45.19846,255.7523,0.5,0.06,0.01,0.02449,2.79199,0.5576
B036,296,35.51894,7.07818,43.24763,264.03258,0.5,0.06,0.01,0.02592,2.43654,0.61606
B036,300,35.40586,7.00834,49.01813,263.70638,0.5,0.06,0.01,0.02336,2.51962,0.43249
B036,304,35.58406,7.02918,48.09709,262.67743,0.5,0.06,0.01,0.02485,2.44801,0.42593
B036,308,35.50631,7.00741,47.62914,267.23979,0.5,0.06,0.01,0.02579,2.56652,0.44712
B036,312,35.43422,7.0316,45.15021,269.82481,0.5,0.06,0.01,0.0287,2.51966,0.37967
B036,316,35.36511,7.04614,46.66719,266.23253,0.5,0.06,0.01,0.02249,2.1596,0.43485
B036,320,35.69733,7.07079,44.90981,265.05346,0.5,0.06,0.01,0.0239,2.19674,0.70188
B036,324,35.50531,7.04612,46.90774,272.29298,0.5,0.06,0.01,0.02471,2.52658,0.47517
B036,328,35.55219,7.03512,44.30196,271.58941,0.5,0.06,0.01,0.02791,1.95676,0.56174
B036,332,35.55901,7.01127,47.694,269.87618,0.5,0.06,0.01,0.02632,2.30163,0.58803
B036,336,35.43661,7.01965,44.21652,271.70429,0.5,0.06,0.01,0.02805,2.39269,0.31503
B037,0,36.85562,7.06337,44.25879,219.27308,0.2,0.024,0.004,0.0,5.65086,0.47984
B037,4,36.98392,7.02454,44.74304,219.73272,0.2,0.024,0.004,0.0,5.0237,0.73646
B037,8,37.07853,7.06487,46.08866,218.32327,0.2,0.024,0.004,0.0,5.38256,0.45819
B037,12,36.98968,7.07239,41.38646,220.15788,0.2,0.024,0.004,0.0,5.49659,0.43072
B037,16,36.95507,7.07299,47.11442,222.50546,0.2,0.024,0.004,0.0,4.79786,0.41915
B037,20,36.99093,7.02827,44.1498,226.15501,0.2,0.024,0.004,0.0,5.39442,0.68241
B037,24,36.99914,7.07304,44.85332,225.26502,0.2,0.024,0.004,0.0,5.36805,0.76243
B037,28,37.0596,7.05806,44.86797,223.25199,0.2,0.024,0.004,0.0,5.0116,0.58465
B037,32,37.03987,7.0348,44.93228,231.81374,0.2,0.024,0.004,0.0,4.90841,0.56337
B037,36,36.92168,7.04601,42.76681,229.99501,0.2,0.024,0.004,0.0,4.91279,0.91325
B037,40,36.96062,7.06178,45.25793,230.01304,0.2,0.024,0.004,0.0,4.53902,0.59778
B037,44,37.05488,7.03318,46.01042,228.40098,0.2,0.024,0.004,0.0,4.91329,0.93902
B037,48,36.98792,7.05755,41.52443,226.44849,0.2,0.024,0.004,0.0452,6.09363,0.79906
B037,52,36.88715,7.08614,42.78866,227.86794,0.2,0.024,0.004,0.04559,5.79619,0.96889
B037,56,37.10101,7.0741,46.52297,231.23215,0.2,0.024,0.004,0.04439,6.11284,1.108
B037,60,37.00184,7.05205,46.20666,236.68725,0.2,0.024,0.004,0.0453,5.93107,1.09726
B037,64,36.95381,7.05585,45.50786,229.33998,0.2,0.024,0.004,0.04524,5.90991,1.06974
B037,68,36.88396,7.03655,43.84035,228.98909,0.2,0.024,0.004,0.04416,5.71574,1.3413
B037,72,37.14303,7.03725,46.21654,229.70356,0.2,0.024,0.004,0.0419,5.81712,1.28039
B037,76,36.97624,7.01157,42.95507,228.37863,0.2,0.024,0.004,0.04506,5.94684,1.76257
B037,80,36.98531,7.05628,44.76653,233.66453,0.2,0.024,0.004,0.04706,5.64319,1.19372
B037,84,36.99421,7.06706,42.77896,233.76387,0.2,0.024,0.004,0.049,5.8539,1.27189
B037,88,36.95705,7.04823,44.7246,234.47529,0.2,0.024,0.004,0.04853,5.79614,1.67935
B037,92,36.99976,7.02807,43.24834,231.68238,0.2,0.024,0.004,0.04643,5.63203,1.63927
B037,96,37.0112,7.05165,46.28488,233.23992,0.2,0.024,0.004,0.04563,5.79073,1.82192
B037,100,36.92282,7.08354,45.73641,233.09027,0.2,0.024,0.004,0.04659,5.33386,1.67879
B037,104,36.93629,7.07245,44.03002,233.97146,0.2,0.024,0.004,0.04489,5.29842,1.90026
B037,108,37.07402,7.04926,46.85351,238.29596,0.2,0.024,0.004,0.04246,5.12554,2.03047
B037,112,36.96609,7.10119,43.37426,238.57538,0.2,0.024,0.004,0.04339,5.37121,1.99011
B037,116,37.02631,7.11747,44.94002,237.30142,0.2,0.024,0.004,0.04897,5.28319,2.16011
B037,120,37.09186,7.038,43.9548,236.01611,0.2,0.024,0.004,0.04963,5.17542,2.04228
B037,124,36.92113,7.04385,46.26203,238.8493,0.2,0.024,0.004,0.04706,5.48793,2.3221
B037,128,36.9758,7.06733,46.09385,238.39039,0.2,0.024,0.004,0.04503,5.41557,2.51219
B037,132,36.97607,7.02718,47.21333,245.11823,0.2,0.024,0.004,0.04192,4.90474,2.24853
B037,136,36.90903,7.07123,45.14107,236.66772,0.2,0.024,0.004,0.04389,4.71906,2.29323
B037,140,36.93237,7.05254,39.96869,240.78432,0.2,0.024,0.004,0.0449,5.27795,2.63679
B037,144,35.54118,7.05929,44.26752,243.45576,0.2,0.024,0.004,0.04477,4.97586,2.37368
B037,148,35.27726,7.03561,47.66094,242.38828,0.2,0.024,0.004,0.04388,4.89662,2.66211
B037,152,35.5344,7.03031,44.44751,248.42105,0.2,0.024,0.004,0.04428,4.80181,2.58933
B037,156,35.36715,7.00036,41.74019,242.13959,0.2,0.024,0.004,0.04507,4.61074,2.54552
B037,160,35.39139,7.08712,45.76386,238.60517,0.2,0.024,0.004,0.03968,4.49754,2.77598
B037,164,35.48364,7.07354,45.8909,247.09928,0.2,0.024,0.004,0.04537,4.78836,2.70704
B037,168,35.59648,7.06683,43.76376,243.60438,0.2,0.024,0.004,0.03498,4.27794,2.61625
B037,172,35.48446,7.05871,44.58053,249.03092,0.2,0.024,0.004,0.0367,4.43146,2.30291
B037,176,35.40296,6.99239,43.5596,248.36953,0.2,0.024,0.004,0.03788,4.33743,2.61703
B037,180,35.58269,7.03122,45.88837,249.79063,0.2,0.024,0.004,0.03779,4.09455,2.36549
B037,184,35.4052,7.0436,45.09622,246.98257,0.2,0.024,0.004,0.03553,4.47218,2.42242
B037,188,35.52417,7.02297,43.01818,249.52916,0.2,0.024,0.004,0.03411,4.20362,2.39792
B037,192,35.50927,7.00766,44.98378,253.08756,0.2,0.024,0.004,0.0387,4.22313,2.56641
B037,196,35.54437,7.02557,43.75386,259.44581,0.2,0.024,0.004,0.03242,4.0583,2.24433
B037,200,35.58211,7.05123,47.4838,250.9941,0.2,0.024,0.004,0.03067,3.54414,2.03493
B037,204,35.52039,7.05123,46.51929,249.65017,0.2,0.024,0.004,0.03532,3.84611,2.30865
B037,208,35.51044,7.07269,44.79213,252.02875,0.2,0.024,0.004,0.03287,3.55073,2.14244
B037,212,35.34282,7.10158,45.13781,252.39074,0.2,0.024,0.004,0.03261,3.79364,2.06715
B037,216,35.50808,7.06714,46.72342,257.66204,0.2,0.024,0.004,0.03008,3.7187,2.07237
B037,220,35.48955,7.04561,44.70486,249.16303,0.2,0.024,0.004,0.02623,3.54126,2.01738
B037,224,35.48752,7.09501,46.28927,251.86242,0.2,0.024,0.004,0.02848,3.73604,1.6198
B037,228,35.48268,7.01045,47.51156,256.39646,0.2,0.024,0.004,0.02463,3.11023,1.47616
B037,232,35.44604,6.99803,44.1655,254.1363,0.2,0.024,0.004,0.02753,3.26029,1.66114
B037,236,35.5433,7.02783,47.79845,254.59179,0.2,0.024,0.004,0.02777,3.43678,1.44679
B037,240,35.70873,7.0703,47.3037,256.7466,0.2,0.024,0.004,0.02807,3.36924,1.37772
B037,244,35.54296,7.05421,45.42255,253.28047,0.2,0.024,0.004,0.02523,2.966,1.18607
B037,248,35.4735,7.02179,44.24535,260.62824,0.2,0.024,0.004,0.02645,3.40069,1.31577
B037,252,35.45842,7.03182,45.40139,259.81446,0.2,0.024,0.004,0.02273,3.32211,1.22203
B037,256,35.36536,7.01896,44.58435,257.28815,0.2,0.024,0.004,0.02611,3.15725,1.08651
B037,260,35.42912,7.01896,43.65229,259.89931,0.2,0.024,0.004,0.0252,2.73839,0.87351
B037,264,35.41722,7.08878,45.90487,265.80897,0.2,0.024,0.004,0.02198,2.91026,1.12387
B037,268,35.50435,7.04641,43.26001,265.76488,0.2,0.024,0.004,0.02442,2.95579,0.95193
B037,272,35.69768,7.09424,44.42446,260.1782,0.2,0.024,0.004,0.02537,2.82135,1.00172
B037,276,35.51262,7.02775,44.44682,259.7428,0.2,0.024,0.004,0.02323,3.01133,0.56543
B037,280,35.40646,7.06228,42.67906,263.38934,0.2,0.024,0.004,0.02137,2.65332,0.77865
B037,284,35.51997,7.05568,46.1194,257.76934,0.2,0.024,0.004,0.02336,3.05477,0.64359
B037,288,35.53648,7.07199,44.61183,264.04942,0.2,0.024,0.004,0.02415,2.78873,0.69539
B037,292,35.53187,7.05636,47.20803,266.14145,0.2,0.024,0.004,0.02148,2.58276,0.76917
B037,296,35.43342,7.07463,44.58409,263.15718,0.2,0.024,0.004,0.02128,2.64559,0.66864
B037,300,35.54864,7.06385,44.30879,260.92497,0.2,0.024,0.004,0.02454,2.78896,0.59785
B037,304,35.51658,7.02272,43.46211,267.08027,0.2,0.024,0.004,0.02539,2.64863,0.5716
B037,308,35.49692,7.06832,45.06635,267.15812,0.2,0.024,0.004,0.02835,2.49903,0.36006
B037,312,35.50463,7.04742,45.07595,264.93352,0.2,0.024,0.004,0.02573,2.28046,0.41817
B037,316,35.47237,7.03058,46.261,266.30169,0.2,0.024,0.004,0.02238,2.06548,0.6436
B037,320,35.46482,7.06735,45.11393,266.68125,0.2,0.024,0.004,0.02932,1.95366,0.43263
B037,324,35.52302,7.07304,48.55966,271.77244,0.2,0.024,0.004,0.02784,2.33928,0.61635
B037,328,35.68102,7.03791,45.77557,266.71046,0.2,0.024,0.004,0.02224,2.05033,0.56664
B037,332,35.55209,7.04124,43.32238,271.427,0.2,0.024,0.004,0.02476,2.07488,0.56255
B037,336,35.47362,7.01532,43.17849,267.32197,0.2,0.024,0.004,0.02644,2.31424,0.48799
B038,0,37.06888,7.06089,44.72804,219.65739,0.5,0.06,0.01,0.0,5.41978,0.5663
B038,4,37.03558,7.05142,44.14668,219.18644,0.5,0.06,0.01,0.0,5.20234,0.5337
B038,8,36.97518,7.05423,46.82208,217.8025,0.5,0.06,0.01,0.0,5.25341,0.63441
B038,12,36.89758,7.04316,42.86175,227.33245,0.5,0.06,0.01,0.0,5.30296,0.47048
B038,16,36.9969,7.05172,44.93685,222.55175,0.5,0.06,0.01,0.0,5.1771,0.62653
B038,20,36.93516,7.04382,45.15209,223.56991,0.5,0.06,0.01,0.0,5.3536,0.73693
B038,24,36.8797,7.06949,44.78812,221.27878,0.5,0.06,0.01,0.0,5.23917,0.70818
B038,28,36.83619,7.03894,46.64611,221.52996,0.5,0.06,0.01,0.0,5.21782,0.80511
B038,32,36.96324,7.05939,42.44329,227.73334,0.5,0.06,0.01,0.0,5.06079,0.71296
B038,36,36.98224,7.01734,45.96546,224.16824,0.5,0.06,0.01,0.0,5.02937,0.93267
B038,40,37.02399,7.0678,42.88358,224.67129,0.5,0.06,0.01,0.0,4.95688,0.74684
B038,44,37.19279,7.03602,44.13508,224.82699,0.5,0.06,0.01,0.0,4.92724,1.07191
B038,48,37.0331,7.02719,42.70893,229.67937,0.5,0.06,0.01,0.04322,6.08004,0.93641
B038,52,37.00807,7.02153,44.43545,227.37915,0.5,0.06,0.01,0.04462,5.64531,0.87517
B038,56,36.90755,7.01955,44.01704,233.99108,0.5,0.06,0.01,0.04465,5.99611,0.83727
B038,60,37.04691,7.03796,47.78506,224.23409,0.5,0.06,0.01,0.04509,5.75079,0.94315
B038,64,36.96637,7.08747,45.41032,224.89181,0.5,0.06,0.01,0.0437,5.76344,0.99004
B038,68,37.06097,7.03392,45.74764,230.13465,0.5,0.06,0.01,0.04641,5.56312,1.16312
B038,72,37.00033,6.99477,43.11724,228.2729,0.5,0.06,0.01,0.04556,5.71041,1.09282
B038,76,36.87583,7.05914,46.25813,230.84165,0.5,0.06,0.01,0.04628,5.79493,1.4758
B038,80,37.02027,7.02214,47.78498,229.79567,0.5,0.06,0.01,0.04898,5.84675,1.41162
B038,84,36.86728,7.07037,46.47885,228.74011,0.5,0.06,0.01,0.04784,5.47436,1.4867
B038,88,37.11998,7.03947,42.76958,229.62562,0.5,0.06,0.01,0.04579,5.66243,1.4202
B038,92,37.0038,7.04315,44.21096,233.331,0.5,0.06,0.01,0.04669,5.7685,1.5508
B038,96,36.9877,7.07993,45.18443,233.44042,0.5,0.06,0.01,0.05019,5.51398,1.46037
B038,100,36.8978,7.06544,44.01882,236.42783,0.5,0.06,0.01,0.04633,5.45842,2.00473
B038,104,36.94552,7.01884,49.30608,233.72989,0.5,0.06,0.01,0.04692,5.0527,1.72363
B038,108,37.04104,7.02252,44.18013,234.97805,0.5,0.06,0.01,0.04801,5.2429,1.81456
B038,112,36.97192,7.00541,44.9263,240.30289,0.5,0.06,0.01,0.04691,5.37742,2.22493
B038,116,36.92214,7.11508,43.97961,238.89516,0.5,0.06,0.01,0.04547,5.41684,2.1788
B038,120,37.07596,7.02843,45.39386,241.50069,0.5,0.06,0.01,0.04442,5.06275,2.22015
B038,124,37.07522,7.07925,47.35,236.2278,0.5,0.06,0.01,0.04553,5.63085,2.31555
B038,128,37.03878,7.03669,45.19525,247.37262,0.5,0.06,0.01,0.04647,5.18217,2.45321
B038,132,37.00837,7.023,44.62768,242.5705,0.5,0.06,0.01,0.04734,4.87039,2.40903
B038,136,37.12614,7.05054,43.17435,247.91124,0.5,0.06,0.01,0.04128,5.13167,2.26376
B038,140,37.01966,7.04183,47.05502,244.7591,0.5,0.06,0.01,0.0472,4.77454,2.58198
B038,144,35.43692,7.07005,44.75572,241.67464,0.5,0.06,0.01,0.04253,4.89434,2.58224
B038,148,35.53598,7.07036,44.68262,239.07511,0.5,0.06,0.01,0.04435,4.66543,2.70182
B038,152,35.62459,7.03525,41.02381,239.47006,0.5,0.06,0.01,0.04038,4.44122,2.43279
B038,156,35.52058,7.014,44.78373,242.15428,0.5,0.06,0.01,0.03796,4.7503,2.50814
B038,160,35.50856,7.02007,44.31812,246.6956,0.5,0.06,0.01,0.03786,4.47977,2.64705
B038,164,35.56059,6.99294,41.89579,246.72353,0.5,0.06,0.01,0.0391,4.82018,2.48232
B038,168,35.54641,7.04314,46.68234,241.38177,0.5,0.06,0.01,0.04007,4.30247,2.30034
B038,172,35.52801,7.0497,44.09009,244.34585,0.5,0.06,0.01,0.03832,4.11327,2.58491
B038,176,35.48732,7.02143,48.22247,251.2566,0.5,0.06,0.01,0.03698,4.22618,2.63896
B038,180,35.39638,7.01841,47.40455,246.9926,0.5,0.06,0.01,0.03893,4.83353,2.47853
B038,184,35.41087,7.0496,43.77616,249.62305,0.5,0.06,0.01,0.0359,4.33966,2.51476
B038,188,35.44186,7.0342,47.32783,248.31561,0.5,0.06,0.01,0.03566,4.23517,2.44545
B038,192,35.39403,7.04468,47.73792,252.67462,0.5,0.06,0.01,0.04052,4.31469,2.34
B038,196,35.4508,7.04082,44.04964,249.91016,0.5,0.06,0.01,0.03349,3.8979,2.29103
B038,200,35.35904,7.05622,43.24448,245.03612,0.5,0.06,0.01,0.03132,4.37432,2.36756
B038,204,35.4343,7.03587,41.3359,247.17701,0.5,0.06,0.01,0.0329,3.95684,2.01658
B038,208,35.47249,7.03778,45.64675,252.7673,0.5,0.06,0.01,0.03264,3.88547,2.14812
B038,212,35.55999,7.00296,43.34535,257.22823,0.5,0.06,0.01,0.03102,3.90879,1.83389
B038,216,35.49819,7.04874,45.69784,252.86308,0.5,0.06,0.01,0.03,3.42891,1.79839
B038,220,35.57346,7.05222,44.03465,254.55809,0.5,0.06,0.01,0.03195,3.50045,1.95411
B038,224,35.62081,7.04556,43.67446,253.68027,0.5,0.06,0.01,0.03102,3.54333,1.58163
B038,228,35.45107,7.0978,44.04546,252.85586,0.5,0.06,0.01,0.02742,3.62803,1.61409
B038,232,35.49153,7.05407,42.79031,251.54909,0.5,0.06,0.01,0.02575,3.12622,1.8434
B038,236,35.45093,7.04609,44.04468,251.98049,0.5,0.06,0.01,0.02732,3.33886,1.60135
B038,240,35.52752,7.06248,43.74776,257.06146,0.5,0.06,0.01,0.02462,3.1979,1.30987
B038,244,35.53635,7.10282,44.97594,254.60724,0.5,0.06,0.01,0.02719,2.96827,1.25277
B038,248,35.52298,7.05632,45.17724,257.15647,0.5,0.06,0.01,0.0258,3.0775,1.22528
B038,252,35.43626,6.99441,43.179,256.31863,0.5,0.06,0.01,0.02988,3.32063,1.3312
B038,256,35.4623,7.0608,46.87137,253.93398,0.5,0.06,0.01,0.02712,2.83899,0.98497
B038,260,35.39411,7.02802,44.72873,258.40159,0.5,0.06,0.01,0.02169,3.1764,0.91265
B038,264,35.43216,7.00194,47.55415,258.69725,0.5,0.06,0.01,0.02254,2.97983,1.06437
B038,268,35.59044,7.09244,45.40984,262.07837,0.5,0.06,0.01,0.01953,2.8346,0.7195
B038,272,35.52125,7.08704,45.11748,261.05957,0.5,0.06,0.01,0.01892,2.71038,0.75825
B038,276,35.42684,7.02737,44.16534,263.47017,0.5,0.06,0.01,0.0233,2.57397,0.80758
B038,280,35.55046,7.02753,46.04523,260.61097,0.5,0.06,0.01,0.02063,2.53875,0.76777
B038,284,35.54208,7.054,45.05706,260.51816,0.5,0.06,0.01,0.02629,2.81426,0.56587
B038,288,35.44958,7.02787,46.45939,265.52532,0.5,0.06,0.01,0.02536,2.56075,0.7335
B038,292,35.35317,7.04662,47.72793,261.52669,0.5,0.06,0.01,0.0226,2.59496,0.72243
B038,296,35.39879,7.03217,43.76435,264.43556,0.5,0.06,0.01,0.02264,2.35208,0.54475
B038,300,35.58709,7.03999,46.04289,266.43148,0.5,0.06,0.01,0.02646,2.64285,0.79497
B038,304,35.45908,7.01489,45.9947,263.48021,0.5,0.06,0.01,0.02717,2.62606,0.61082
B038,308,35.43969,7.07067,45.77879,272.19885,0.5,0.06,0.01,0.02218,2.06558,0.42665
B038,312,35.50544,7.08009,44.26356,267.39925,0.5,0.06,0.01,0.02228,2.32502,0.72145
B038,316,35.51064,7.04749,44.29796,267.75964,0.5,0.06,0.01,0.02419,2.03896,0.44625
B038,320,35.54804,7.04909,44.0074,262.39252,0.5,0.06,0.01,0.0261,1.97757,0.51476
B038,324,35.41158,7.06573,43.97368,268.30116,0.5,0.06,0.01,0.0247,2.12259,0.42108
B038,328,35.44821,7.05005,43.57179,268.26917,0.5,0.06,0.01,0.02716,2.74643,0.54237
B038,332,35.50872,7.09324,44.82235,267.5652,0.5,0.06,0.01,0.03072,2.42363,0.39926
B038,336,35.51538,7.01709,43.71171,272.03195,0.5,0.06,0.01,0.02461,2.3339,0.39754
B039,0,36.97658,7.03624,47.12254,222.19921,0.2,0.024,0.004,0.0,5.43293,0.50557
B039,4,37.07706,7.06887,42.85635,221.09759,0.2,0.024,0.004,0.0,5.64194,0.42588
B039,8,37.00614,7.04283,44.60694,219.0131,0.2,0.024,0.004,0.0,5.30952,0.28121
B039,12,36.95863,7.05758,49.12641,222.45935,0.2,0.024,0.004,0.0,5.19341,0.55885
B039,16,36.99639,7.02878,44.48606,225.94925,0.2,0.024,0.004,0.0,5.00365,0.48346
B039,20,36.96363,7.04943,44.04221,221.81781,0.2,0.024,0.004,0.0,5.21721,0.67381
B039,24,36.86682,7.08289,44.96428,225.53058,0.2,0.024,0.004,0.0,5.44015,0.49604
B039,28,37.06649,7.0463,45.90092,226.03021,0.2,0.024,0.004,0.0,5.08168,0.92736
B039,32,37.06113,7.03618,45.8725,219.27411,0.2,0.024,0.004,0.0,4.86786,0.75269
B039,36,36.91202,7.0284,43.95547,221.61042,0.2,0.024,0.004,0.0,5.11927,0.75324
B039,40,37.10161,7.04953,44.00544,223.65112,0.2,0.024,0.004,0.0,4.90281,0.8466
B039,44,36.95017,7.08523,44.49602,226.61997,0.2,0.024,0.004,0.0,5.25069,0.59921
B039,48,36.90051,7.01591,43.75885,228.34163,0.2,0.024,0.004,0.04374,6.21086,0.80795
B039,52,37.10393,7.04875,42.9009,227.93884,0.2,0.024,0.004,0.04489,5.76952,1.1352
B039,56,37.09057,7.00715,48.07352,229.47375,0.2,0.024,0.004,0.04267,5.8634,0.94035
B039,60,36.99905,7.03974,44.30823,226.01031,0.2,0.024,0.004,0.04821,5.8494,1.03257
B039,64,37.07433,7.05657,44.40459,230.92376,0.2,0.024,0.004,0.04476,5.64202,1.04919
B039,68,37.16677,7.01049,44.45755,232.6852,0.2,0.024,0.004,0.04514,5.80255,1.34951
B039,72,36.96821,7.03888,44.86313,231.66826,0.2,0.024,0.004,0.04877,6.00251,1.21634
B039,76,36.90276,7.05726,45.73909,225.83848,0.2,0.024,0.004,0.04694,5.74689,1.17045
B039,80,36.90884,7.05328,44.20917,230.22467,0.2,0.024,0.004,0.04619,5.60185,1.70779
B039,84,37.12035,7.05847,46.9369,237.15852,0.2,0.024,0.004,0.04765,5.2862,1.31328
B039,88,37.07681,7.02564,46.01629,236.8912,0.2,0.024,0.004,0.04819,5.52883,1.54836
B039,92,36.94341,7.05725,44.67547,229.25405,0.2,0.024,0.004,0.04675,5.6642,1.54207
B039,96,36.91948,7.035,43.8674,228.29554,0.2,0.024,0.004,0.04884,5.32744,1.64262
B039,100,36.94483,7.06785,46.84438,236.70684,0.2,0.024,0.004,0.0444,5.64096,1.68342
B039,104,36.94636,6.99223,44.72453,235.63013,0.2,0.024,0.004,0.04737,5.33108,1.82896
B039,108,36.9112,7.04276,42.88732,239.466,0.2,0.024,0.004,0.04829,5.44604,2.09367
B039,112,37.00167,7.05247,46.73581,238.83648,0.2,0.024,0.004,0.04772,5.27721,1.82711
B039,116,36.9027,7.08374,43.76524,237.92327,0.2,0.024,0.004,0.04174,4.93971,2.28359
B039,120,37.04579,7.05217,46.47645,231.8684,0.2,0.024,0.004,0.04566,5.28071,2.33627
B039,124,37.07639,7.05471,40.72574,234.13019,0.2,0.024,0.004,0.04313,4.98252,2.3358
B039,128,36.98576,7.05939,44.37327,242.90029,0.2,0.024,0.004,0.04772,5.00711,2.35388
B039,132,36.93466,7.08133,46.97195,238.72036,0.2,0.024,0.004,0.04392,4.58631,2.43024
B039,136,36.96897,7.04045,45.00872,242.11012,0.2,0.024,0.004,0.04656,5.26647,2.6198
B039,140,36.87704,7.01492,46.01683,242.87833,0.2,0.024,0.004,0.04124,4.85218,2.2845
B039,144,35.45018,7.01014,43.46672,241.56599,0.2,0.024,0.004,0.04389,5.06835,2.61883
B039,148,35.57915,7.0666,45.5911,239.81403,0.2,0.024,0.004,0.04251,4.89848,2.47169
B039,152,35.60922,7.05558,45.00638,243.75822,0.2,0.024,0.004,0.04739,5.05979,2.68178
B039,156,35.51359,7.04359,45.41367,245.94463,0.2,0.024,0.004,0.04354,4.615,2.52203
B039,160,35.41671,7.03535,48.46678,239.86169,0.2,0.024,0.004,0.04272,4.40083,2.68482
B039,164,35.502,7.05452,47.2178,242.78109,0.2,0.024,0.004,0.04382,4.76478,2.40984
B039,168,35.6659,7.05524,46.34639,242.90703,0.2,0.024,0.004,0.03959,4.49712,2.37958
B039,172,35.37103,7.062,46.36785,249.9833,0.2,0.024,0.004,0.03806,4.30352,2.54767
B039,176,35.50644,7.02228,43.45444,248.82923,0.2,0.024,0.004,0.03705,4.44804,2.70382
B039,180,35.56854,7.00589,44.19891,250.09003,0.2,0.024,0.004,0.03735,4.32919,2.55835
B039,184,35.46977,7.02716,42.39461,245.65319,0.2,0.024,0.004,0.03036,4.16596,2.51248
B039,188,35.3403,7.01622,42.8417,245.2153,0.2,0.024,0.004,0.0351,3.93756,2.50027
B039,192,35.50497,7.01493,43.49289,246.69581,0.2,0.024,0.004,0.03475,4.2408,2.2911
B039,196,35.40937,7.08924,44.95049,253.21727,0.2,0.024,0.004,0.03319,3.97695,2.34801
B039,200,35.43807,6.99332,42.91749,254.43812,0.2,0.024,0.004,0.02965,4.03656,2.1361
B039,204,35.47895,7.06174,44.93341,250.90939,0.2,0.024,0.004,0.03163,4.01713,2.09461
B039,208,35.62487,7.07267,44.73815,247.14551,0.2,0.024,0.004,0.0281,3.83004,2.03257
B039,212,35.41599,7.07469,43.07181,250.82036,0.2,0.024,0.004,0.03397,3.78515,1.91013
B039,216,35.4888,7.05693,47.5935,260.32621,0.2,0.024,0.004,0.02918,3.7651,1.88583
B039,220,35.53936,7.083,42.74831,250.87874,0.2,0.024,0.004,0.02486,3.68142,1.78005
B039,224,35.50168,7.09458,46.89945,259.43561,0.2,0.024,0.004,0.02789,3.61854,1.64189
B039,228,35.50281,7.04244,41.16773,255.16297,0.2,0.024,0.004,0.02945,3.53668,1.62621
B039,232,35.65112,7.06119,44.7582,252.70592,0.2,0.024,0.004,0.02739,3.52898,1.57868
B039,236,35.43893,7.08189,42.96404,253.99095,0.2,0.024,0.004,0.02463,3.18921,1.3463
B039,240,35.45777,7.02845,43.88743,250.53696,0.2,0.024,0.004,0.02456,3.50656,1.44843
B039,244,35.52065,7.04388,48.07726,252.65154,0.2,0.024,0.004,0.02484,2.89033,1.26143
B039,248,35.52309,7.03435,44.41016,258.87554,0.2,0.024,0.004,0.02408,3.13212,1.26948
B039,252,35.37223,7.06152,43.12227,262.18935,0.2,0.024,0.004,0.02202,2.95348,1.09393
B039,256,35.40114,7.00255,45.82898,254.98529,0.2,0.024,0.004,0.02404,2.91357,1.23123
B039,260,35.51616,7.08592,44.39523,260.6041,0.2,0.024,0.004,0.02118,2.96454,1.15485
B039,264,35.56221,7.06334,45.25621,261.28298,0.2,0.024,0.004,0.02548,2.76639,0.85284
B039,268,35.50548,7.06475,43.44543,258.68527,0.2,0.024,0.004,0.0255,3.30891,0.98424
B039,272,35.47222,6.99092,43.52913,255.24339,0.2,0.024,0.004,0.02119,2.52226,1.04113
B039,276,35.56641,7.024,43.66094,262.29267,0.2,0.024,0.004,0.02164,2.55783,0.70401
B039,280,35.31547,7.08726,46.35734,264.37948,0.2,0.024,0.004,0.02217,2.50594,0.66755
B039,284,35.49576,7.04556,44.61439,259.78953,0.2,0.024,0.004,0.02294,2.70122,0.81783
B039,288,35.41797,7.0069,43.21796,261.13533,0.2,0.024,0.004,0.02356,2.81561,0.53419
B039,292,35.66288,7.05554,45.27509,264.47722,0.2,0.024,0.004,0.02407,2.6924,0.56268
B039,296,35.54634,7.06698,45.13512,261.75788,0.2,0.024,0.004,0.02417,2.8173,0.50249
B039,300,35.48656,7.06329,45.97512,264.75496,0.2,0.024,0.004,0.0266,2.41611,0.68537
B039,304,35.54961,7.04624,44.18094,265.45155,0.2,0.024,0.004,0.02387,2.56722,0.48698
B039,308,35.52811,7.07839,44.86813,267.14658,0.2,0.024,0.004,0.02144,2.28543,0.51308
B039,312,35.47577,7.03245,45.71685,265.58293,0.2,0.024,0.004,0.02118,2.32656,0.43716
B039,316,35.48748,7.0635,43.2841,270.58785,0.2,0.024,0.004,0.02807,2.60927,0.64687
B039,320,35.34095,7.05338,46.50658,268.90891,0.2,0.024,0.004,0.02626,2.01188,0.39016
B039,324,35.39961,7.04667,45.02795,269.7721,0.2,0.024,0.004,0.02614,2.62387,0.31058
B039,328,35.48828,7.04053,43.12828,264.76492,0.2,0.024,0.004,0.02715,2.21668,0.29386
B039,332,35.52701,7.04141,43.11568,270.47255,0.2,0.024,0.004,0.02714,1.90536,0.54029
B039,336,35.4815,7.05081,44.83102,270.0863,0.2,0.024,0.004,0.02829,2.05057,0.53994
B040,0,36.80624,7.08467,43.32886,219.11213,0.5,0.06,0.01,0.0,5.5876,0.29573
B040,4,36.95308,7.06586,50.61935,221.57724,0.5,0.06,0.01,0.0,5.25987,0.65177
B040,8,37.00455,7.09423,43.87331,218.83017,0.5,0.06,0.01,0.0,5.53156,0.7494
B040,12,37.02112,7.06456,45.61316,220.12824,0.5,0.06,0.01,0.0,5.15321,0.34372
B040,16,36.79262,7.09631,45.00457,224.40407,0.5,0.06,0.01,0.0,5.22195,0.69999
B040,20,37.04585,7.0575,45.07847,223.59922,0.5,0.06,0.01,0.0,5.25177,0.6227
B040,24,36.9646,7.01581,43.6529,223.38382,0.5,0.06,0.01,0.0,5.18551,0.58499
B040,28,37.01345,7.03422,46.81483,224.27727,0.5,0.06,0.01,0.0,4.84159,0.66872
B040,32,37.08021,7.07546,43.54833,222.04321,0.5,0.06,0.01,0.0,4.94183,0.74424
B040,36,36.93522,7.07497,41.99282,221.21652,0.5,0.06,0.01,0.0,5.06395,0.86853
B040,40,36.95466,7.04223,43.0926,226.76625,0.5,0.06,0.01,0.0,4.91008,0.90455
B040,44,36.85617,7.09511,47.45704,225.27126,0.5,0.06,0.01,0.0,5.17473,0.63696
B040,48,37.04886,7.04115,47.1258,226.89136,0.5,0.06,0.01,0.04413,6.26085,0.78974
B040,52,36.9869,7.06155,41.5877,228.25841,0.5,0.06,0.01,0.04619,5.82906,0.93247
B040,56,36.97527,7.06086,46.38334,227.03189,0.5,0.06,0.01,0.0444,5.94872,1.16744
B040,60,36.91682,7.01674,41.63071,231.92338,0.5,0.06,0.01,0.0451,6.19238,0.71281
B040,64,36.90187,7.04724,44.95371,230.07384,0.5,0.06,0.01,0.04651,5.87047,1.03187
B040,68,37.14506,7.10951,42.94682,233.50431,0.5,0.06,0.01,0.04552,5.74863,0.99042
B040,72,37.04075,7.02694,46.51433,231.54923,0.5,0.06,0.01,0.04494,5.91422,1.08137
B040,76,37.03118,7.06563,45.94292,233.76617,0.5,0.06,0.01,0.04347,5.62539,1.43896
B040,80,37.09757,7.02114,46.66528,231.52463,0.5,0.06,0.01,0.04547,5.90544,1.33451
B040,84,37.01535,7.02668,44.49809,226.90279,0.5,0.06,0.01,0.0485,5.59739,1.19824
B040,88,37.1805,7.01464,44.67474,231.95845,0.5,0.06,0.01,0.04946,5.59498,1.54103
B040,92,37.05214,7.07353,42.45128,232.55642,0.5,0.06,0.01,0.04545,5.67436,1.88738
B040,96,36.96498,7.02822,43.24818,233.68899,0.5,0.06,0.01,0.04353,5.45428,1.51001
B040,100,36.92673,7.08169,46.61251,236.35573,0.5,0.06,0.01,0.0488,5.53947,1.87455
B040,104,37.06591,7.03672,45.62435,233.52094,0.5,0.06,0.01,0.04698,5.08283,2.08189
B040,108,37.03295,7.0532,45.17737,239.22041,0.5,0.06,0.01,0.04399,5.24019,1.96966
B040,112,36.88493,7.06028,47.14559,238.40023,0.5,0.06,0.01,0.04026,5.31795,2.28671
B040,116,37.02915,7.00958,42.78976,243.04135,0.5,0.06,0.01,0.04429,5.07426,2.05311
B040,120,37.04456,7.05509,46.22425,236.76736,0.5,0.06,0.01,0.04499,5.31076,2.37917
B040,124,36.98093,7.05875,42.99543,241.84379,0.5,0.06,0.01,0.04325,5.14152,2.41991
B040,128,37.09045,7.0785,47.51239,239.132,0.5,0.06,0.01,0.04653,5.09142,2.33483
B040,132,36.96746,7.02601,45.92561,238.50818,0.5,0.06,0.01,0.04308,5.23732,2.21858
B040,136,36.86182,7.02957,46.63965,240.70168,0.5,0.06,0.01,0.04423,4.9127,2.32878
B040,140,37.00643,7.06649,43.8072,238.5516,0.5,0.06,0.01,0.04842,4.98197,2.21269
B040,144,35.35322,7.08531,48.70957,242.21886,0.5,0.06,0.01,0.04334,4.81751,2.60285
B040,148,35.48571,7.03519,48.39755,244.79346,0.5,0.06,0.01,0.04227,4.79517,2.61815
B040,152,35.42201,7.01912,45.73164,246.25061,0.5,0.06,0.01,0.04167,4.85584,2.59219
B040,156,35.6208,7.04208,46.99794,243.74824,0.5,0.06,0.01,0.04252,4.42604,2.58093
B040,160,35.53229,7.02467,44.48679,246.35168,0.5,0.06,0.01,0.04158,4.77568,2.76291
B040,164,35.41794,7.05994,42.84358,243.14121,0.5,0.06,0.01,0.03776,4.48818,2.63139
B040,168,35.51474,7.023,46.35284,251.28068,0.5,0.06,0.01,0.0382,4.53867,2.51613
B040,172,35.59744,7.07432,43.43717,251.86435,0.5,0.06,0.01,0.03692,4.78961,2.5789
B040,176,35.53383,7.05532,47.22737,249.89424,0.5,0.06,0.01,0.03692,4.2188,2.77726
B040,180,35.42638,7.0751,46.78136,245.4116,0.5,0.06,0.01,0.04035,4.12823,2.56866
B040,184,35.3918,6.98942,45.39988,246.05324,0.5,0.06,0.01,0.03713,4.25521,2.4022
B040,188,35.54522,7.00605,45.3048,248.83644,0.5,0.06,0.01,0.03494,4.18088,2.39171
B040,192,35.63817,7.08232,46.68179,254.96413,0.5,0.06,0.01,0.03679,4.2726,2.39434
B040,196,35.5353,7.03201,45.46676,251.51668,0.5,0.06,0.01,0.03388,3.89809,2.22419
B040,200,35.54393,7.01334,44.31242,247.03373,0.5,0.06,0.01,0.02944,3.68651,2.14452
B040,204,35.40251,7.04493,42.42534,250.44729,0.5,0.06,0.01,0.03526,3.6576,2.13093
B040,208,35.48393,7.05606,46.63013,252.03083,0.5,0.06,0.01,0.03085,3.52922,2.23764
B040,212,35.4895,7.04605,45.62295,246.69021,0.5,0.06,0.01,0.02591,3.52879,2.07051
B040,216,35.33102,7.0617,49.68462,254.61229,0.5,0.06,0.01,0.02649,3.54928,1.84462
B040,220,35.42481,7.05831,44.83695,256.05951,0.5,0.06,0.01,0.03124,4.01273,1.91488
B040,224,35.48087,7.057,45.51346,255.50429,0.5,0.06,0.01,0.02514,3.13582,1.72784
B040,228,35.56153,7.08371,45.55336,255.14969,0.5,0.06,0.01,0.03036,3.58328,1.68443
B040,232,35.56416,7.04965,46.10629,254.84293,0.5,0.06,0.01,0.0272,3.26543,1.59048
B040,236,35.60911,7.04891,43.35631,257.87025,0.5,0.06,0.01,0.02789,3.40534,1.22505
B040,240,35.57652,7.07007,44.86873,253.18445,0.5,0.06,0.01,0.0254,3.15554,1.03264
B040,244,35.46122,7.06382,46.40702,252.49791,0.5,0.06,0.01,0.02646,3.41994,1.34786
B040,248,35.4971,7.02743,44.4343,256.39524,0.5,0.06,0.01,0.02559,3.34899,1.14336
B040,252,35.64582,7.0477,46.34332,260.37771,0.5,0.06,0.01,0.02446,3.06724,0.97706
B040,256,35.45883,7.06096,45.16442,253.4013,0.5,0.06,0.01,0.02204,3.23808,1.00653
B040,260,35.31731,7.03533,45.68318,255.92124,0.5,0.06,0.01,0.02457,3.13104,1.15107
B040,264,35.3935,7.03652,46.95693,260.64584,0.5,0.06,0.01,0.01995,3.08133,1.02171
B040,268,35.38637,7.01521,44.6135,259.9351,0.5,0.06,0.01,0.02522,2.90682,1.01385
B040,272,35.56642,6.97793,42.53185,259.7037,0.5,0.06,0.01,0.02359,2.99697,0.92195
B040,276,35.53549,7.04065,44.54722,255.46941,0.5,0.06,0.01,0.024,2.64982,0.70753
B040,280,35.33543,7.05318,43.59656,262.98178,0.5,0.06,0.01,0.01778,2.42793,0.86501
B040,284,35.58376,7.02261,41.38625,261.8853,0.5,0.06,0.01,0.02075,3.00315,0.79991
B040,288,35.67162,7.08445,44.81864,258.86981,0.5,0.06,0.01,0.02203,2.39941,0.67695
B040,292,35.41526,7.02383,45.33835,265.66079,0.5,0.06,0.01,0.02449,2.52975,0.66304
B040,296,35.51066,7.07281,46.73529,263.36614,0.5,0.06,0.01,0.02141,2.14151,0.71934
B040,300,35.53991,7.06047,43.06317,264.59096,0.5,0.06,0.01,0.02859,2.46247,0.50574
B040,304,35.48882,7.10441,45.15049,265.07027,0.5,0.06,0.01,0.02322,2.2535,0.70062
B040,308,35.43432,7.0635,46.91776,263.43177,0.5,0.06,0.01,0.02202,2.23374,0.61504
B040,312,35.45794,7.01384,44.0231,266.89621,0.5,0.06,0.01,0.02402,2.4106,0.52723
B040,316,35.62933,7.07636,45.91158,267.52538,0.5,0.06,0.01,0.02289,2.37775,0.69279
B040,320,35.39319,7.09244,47.71612,272.71516,0.5,0.06,0.01,0.02287,2.05056,0.33797
B040,324,35.60839,7.00569,41.8339,265.87366,0.5,0.06,0.01,0.02775,2.16358,0.42427
B040,328,35.47416,7.06598,45.46351,267.82724,0.5,0.06,0.01,0.02728,2.44106,0.38561
B040,332,35.34884,7.07151,46.97691,270.77406,0.5,0.06,0.01,0.02785,2.5193,0.50002
B040,336,35.56761,7.04468,44.40379,272.37067,0.5,0.06,0.01,0.02998,2.44352,0.58993
B041,0,37.03401,7.05634,44.42237,217.85086,0.2,0.024,0.004,0.0,5.49679,0.36963
B041,4,37.0311,7.06698,41.20393,220.40239,0.2,0.024,0.004,0.0,5.34638,0.45038
B041,8,36.97595,7.0547,44.89994,223.47752,0.2,0.024,0.004,0.0,5.1814,0.58765
B041,12,37.03615,7.05377,47.80106,220.99949,0.2,0.024,0.004,0.0,5.70852,0.47461
B041,16,37.24407,7.09007,42.98277,225.45397,0.2,0.024,0.004,0.0,5.45718,0.60508
B041,20,37.19558,7.05237,42.52472,221.75514,0.2,0.024,0.004,0.0,5.24948,0.38252
B041,24,37.01998,7.03824,43.88946,219.88519,0.2,0.024,0.004,0.0,5.25399,0.82575
B041,28,36.98128,7.02168,46.56624,219.83899,0.2,0.024,0.004,0.0,5.11627,0.60901
B041,32,37.0427,7.08184,47.89788,222.09932,0.2,0.024,0.004,0.0,4.89031,0.79548
B041,36,37.07348,7.03936,45.76196,220.03503,0.2,0.024,0.004,0.0,5.25353,0.75226
B041,40,36.99027,7.0418,42.81395,220.4626,0.2,0.024,0.004,0.0,5.17324,0.82013
B041,44,36.96076,7.0763,44.96222,225.73836,0.2,0.024,0.004,0.0,4.61608,0.68195
B041,48,36.95208,7.10135,48.04202,225.69935,0.2,0.024,0.004,0.0442,6.06983,0.77631
B041,52,37.00513,7.05628,44.47147,226.73719,0.2,0.024,0.004,0.04384,6.03263,0.8327
B041,56,37.07115,7.04658,45.2388,229.26358,0.2,0.024,0.004,0.04485,5.89142,0.98181
B041,60,36.87378,7.04986,45.40895,232.29381,0.2,0.024,0.004,0.04651,6.32031,1.19925
B041,64,37.07735,7.03861,42.37203,234.08509,0.2,0.024,0.004,0.05014,6.34346,1.15716
B041,68,36.95868,7.0411,46.69651,231.10292,0.2,0.024,0.004,0.04709,5.79329,1.06573
B041,72,36.90522,7.04124,46.45139,230.64627,0.2,0.024,0.004,0.04781,5.79103,1.25618
B041,76,36.96401,7.07277,41.61098,235.59241,0.2,0.024,0.004,0.04684,5.69766,1.31099
B041,80,36.98124,7.0478,42.73789,232.39855,0.2,0.024,0.004,0.05047,5.69162,1.35623
B041,84,36.88265,7.08398,43.35151,234.15757,0.2,0.024,0.004,0.04389,5.4236,1.47643
B041,88,36.96185,7.04709,46.27219,236.07163,0.2,0.024,0.004,0.04346,5.62174,1.65169
B041,92,36.89511,7.04082,43.72311,235.09209,0.2,0.024,0.004,0.0473,5.9315,1.55669
B041,96,36.82544,7.08195,45.6823,236.2476,0.2,0.024,0.004,0.04832,5.83489,1.6853
B041,100,36.96524,7.05054,44.69098,235.57604,0.2,0.024,0.004,0.0418,5.48694,1.92845
B041,104,37.04613,7.04684,45.12099,236.51153,0.2,0.024,0.004,0.04683,4.98959,1.95004
B041,108,36.92506,7.05084,45.84309,241.71304,0.2,0.024,0.004,0.04633,5.02651,2.12908
B041,112,37.02663,7.08667,45.46297,234.93291,0.2,0.024,0.004,0.04797,5.54672,2.22765
B041,116,37.03394,7.05765,44.96775,238.16796,0.2,0.024,0.004,0.04708,5.57642,1.96903
B041,120,36.98597,7.08124,45.55604,237.12163,0.2,0.024,0.004,0.0423,5.21705,2.24026
B041,124,37.00159,7.04413,45.36885,239.31007,0.2,0.024,0.004,0.04339,5.04186,2.21376
B041,128,37.10813,7.07724,44.64357,231.23557,0.2,0.024,0.004,0.04354,5.29585,2.19489
B041,132,37.06518,7.05594,44.2669,243.64749,0.2,0.024,0.004,0.04618,5.20614,2.30234
B041,136,36.94491,7.07206,48.19675,236.21814,0.2,0.024,0.004,0.04496,5.19672,2.4129
B041,140,37.13119,7.07417,44.2474,235.73082,0.2,0.024,0.004,0.04244,4.54671,2.45865
B041,144,35.53349,7.02646,47.32389,244.66933,0.2,0.024,0.004,0.04339,4.91867,2.45873
B041,148,35.44332,7.0518,43.83528,240.46317,0.2,0.024,0.004,0.04038,5.05297,2.5596
B041,152,35.50284,7.07393,46.3773,238.18047,0.2,0.024,0.004,0.04596,4.91985,2.87628
B041,156,35.54616,7.07791,48.03239,235.95778,0.2,0.024,0.004,0.04233,4.85705,2.38863
B041,160,35.52903,7.08134,44.42624,245.37062,0.2,0.024,0.004,0.04206,4.63804,2.73646
B041,164,35.43644,7.05262,43.86543,240.8981,0.2,0.024,0.004,0.04252,4.61404,2.59345
B041,168,35.46735,7.08851,44.27031,247.11903,0.2,0.024,0.004,0.04105,4.76276,2.53014
B041,172,35.51757,7.03357,44.96708,242.84023,0.2,0.024,0.004,0.03832,4.27346,2.31905
B041,176,35.51246,7.01263,45.54718,249.15324,0.2,0.024,0.004,0.03711,4.1776,2.62309
B041,180,35.54296,7.04306,44.932,248.23444,0.2,0.024,0.004,0.03927,4.23567,2.32108
B041,184,35.63141,7.0799,44.28603,248.10337,0.2,0.024,0.004,0.03595,4.195,2.54834
B041,188,35.43265,7.02284,48.32272,245.68377,0.2,0.024,0.004,0.0336,3.79421,2.606
B041,192,35.51408,7.01325,44.65925,244.48737,0.2,0.024,0.004,0.03823,4.28341,2.1848
B041,196,35.50793,7.00699,43.94583,249.19529,0.2,0.024,0.004,0.03163,3.90921,2.41492
B041,200,35.503,7.0684,46.41187,250.4247,0.2,0.024,0.004,0.02924,3.98476,2.20871
B041,204,35.49747,7.01381,46.43894,254.77663,0.2,0.024,0.004,0.03392,3.51854,1.88099
B041,208,35.59952,7.06373,47.40123,257.62987,0.2,0.024,0.004,0.0297,3.90098,1.91077
B041,212,35.49915,7.0418,48.27737,250.56793,0.2,0.024,0.004,0.03129,3.97886,1.99698
B041,216,35.42258,7.03074,45.58866,250.84169,0.2,0.024,0.004,0.03332,3.82004,1.9419
B041,220,35.44727,7.02503,44.50997,258.86939,0.2,0.024,0.004,0.02623,3.52128,1.62091
B041,224,35.43344,7.05516,41.7662,257.84957,0.2,0.024,0.004,0.02822,3.67335,1.73062
B041,228,35.53237,7.03115,43.40565,252.0022,0.2,0.024,0.004,0.03062,3.75847,1.74191
B041,232,35.40524,7.04988,45.35456,252.73324,0.2,0.024,0.004,0.02841,3.52026,1.67987
B041,236,35.53341,7.06004,42.9924,252.67112,0.2,0.024,0.004,0.0261,3.42811,1.42874
B041,240,35.62435,7.06532,42.30529,255.37642,0.2,0.024,0.004,0.0307,3.68568,1.45095
B041,244,35.50849,7.07336,45.11191,252.39582,0.2,0.024,0.004,0.02523,3.33964,1.44936
B041,248,35.50825,7.05412,46.32049,260.62003,0.2,0.024,0.004,0.02575,3.0237,1.34799
B041,252,35.51756,7.02375,44.58099,264.73801,0.2,0.024,0.004,0.02784,3.39999,1.28074
B041,256,35.54158,7.06164,46.52454,256.77876,0.2,0.024,0.004,0.02613,3.05908,1.11879
B041,260,35.53646,7.06641,46.04819,254.60982,0.2,0.024,0.004,0.0265,3.04837,1.02877
B041,264,35.43608,7.04546,46.9537,255.94897,0.2,0.024,0.004,0.02178,2.89578,1.01142
B041,268,35.4198,7.0428,48.69485,264.87795,0.2,0.024,0.004,0.02582,3.10382,0.82959
B041,272,35.26443,7.11188,49.44385,260.9154,0.2,0.024,0.004,0.02353,3.13907,1.00103
B041,276,35.51741,7.01767,46.24384,261.36914,0.2,0.024,0.004,0.02158,2.732,0.63414
B041,280,35.54001,7.06234,44.21825,262.33207,0.2,0.024,0.004,0.02346,3.03804,0.71131
B041,284,35.53997,7.07615,45.10512,260.79334,0.2,0.024,0.004,0.02338,2.7062,0.72527
B041,288,35.38328,7.04147,47.67453,263.06094,0.2,0.024,0.004,0.02678,2.96595,0.74741
B041,292,35.59142,7.04579,43.48152,266.67214,0.2,0.024,0.004,0.02391,2.62935,0.73488
B041,296,35.5048,7.03996,47.46102,267.44633,0.2,0.024,0.004,0.02173,2.40262,0.80293
B041,300,35.52845,7.05001,44.71113,270.84247,0.2,0.024,0.004,0.02147,2.78273,0.60501
B041,304,35.42655,7.07249,45.38611,267.61783,0.2,0.024,0.004,0.02365,2.33744,0.48391
B041,308,35.39886,7.04504,43.62693,268.23505,0.2,0.024,0.004,0.02135,2.22001,0.52983
B041,312,35.36247,7.12776,42.74967,263.15937,0.2,0.024,0.004,0.02297,2.10411,0.48863
B041,316,35.4927,7.03868,44.52598,269.71762,0.2,0.024,0.004,0.02431,2.54381,0.57144
B041,320,35.51287,7.08444,47.21512,270.06669,0.2,0.024,0.004,0.0244,2.54053,0.36525
B041,324,35.51149,7.0636,43.80667,271.89885,0.2,0.024,0.004,0.02718,2.35868,0.45845
B041,328,35.41579,7.05271,47.74129,261.85758,0.2,0.024,0.004,0.02478,2.00638,0.6622
B041,332,35.53339,7.08677,44.02612,264.38477,0.2,0.024,0.004,0.02188,2.06182,0.47863
B041,336,35.60494,7.01,43.18401,268.75564,0.2,0.024,0.004,0.02405,2.01486,0.32169
B042,0,37.06656,7.02037,45.62898,223.38392,0.5,0.06,0.01,0.0,5.52483,0.46373
B042,4,37.04312,7.04617,43.38025,217.44727,0.5,0.06,0.01,0.0,5.43391,0.55848
B042,8,37.00953,7.08304,44.14387,217.97297,0.5,0.06,0.01,0.0,5.1962,0.75861
B042,12,36.9967,7.02452,45.62555,218.63887,0.5,0.06,0.01,0.0,5.70248,0.57325
B042,16,36.96795,7.01289,46.28236,220.37214,0.5,0.06,0.01,0.0,5.59577,0.84341
B042,20,36.93628,7.05997,46.85945,222.73793,0.5,0.06,0.01,0.0,5.22827,0.46045
B042,24,36.8061,7.00806,43.04487,218.19256,0.5,0.06,0.01,0.0,5.33798,0.67794
B042,28,36.94887,7.08908,42.44807,222.46092,0.5,0.06,0.01,0.0,5.53326,0.69363
B042,32,36.93733,7.08845,43.34198,230.51986,0.5,0.06,0.01,0.0,5.33864,0.57296
B042,36,37.01881,7.07596,43.18847,225.98713,0.5,0.06,0.01,0.0,5.01267,0.82582
B042,40,37.03731,7.04972,47.66361,220.44187,0.5,0.06,0.01,0.0,5.00417,0.95553
B042,44,36.95248,7.09162,47.27835,227.96496,0.5,0.06,0.01,0.0,4.66284,1.08211
B042,48,36.99967,7.08364,43.30575,233.81626,0.5,0.06,0.01,0.04567,6.20527,0.91693
B042,52,37.02595,7.03668,47.90753,226.9294,0.5,0.06,0.01,0.04465,6.21597,0.69323
B042,56,36.84215,7.08597,47.17685,229.44755,0.5,0.06,0.01,0.04358,6.14246,1.03601
B042,60,37.03427,7.02721,42.22968,230.75694,0.5,0.06,0.01,0.04409,6.00846,1.12915
B042,64,37.00505,7.04507,43.24861,232.5112,0.5,0.06,0.01,0.04557,5.93469,1.07694
B042,68,36.93072,7.00516,42.17926,234.60516,0.5,0.06,0.01,0.04486,5.62596,1.19958
B042,72,36.92097,7.05365,44.85281,230.47648,0.5,0.06,0.01,0.04431,5.80131,1.18769
B042,76,37.00945,7.04264,45.0296,230.85661,0.5,0.06,0.01,0.04503,5.60014,1.30463
B042,80,36.95385,7.0387,45.02642,238.75323,0.5,0.06,0.01,0.04458,5.74911,1.52043
B042,84,36.93282,7.04586,41.55456,225.74166,0.5,0.06,0.01,0.04952,5.59247,1.64497
B042,88,36.93571,7.03551,42.57369,233.59389,0.5,0.06,0.01,0.04705,5.71356,1.40756
B042,92,36.96985,7.05104,45.44226,236.85573,0.5,0.06,0.01,0.0515,5.92159,1.58172
B042,96,37.07857,7.08209,46.05778,233.44483,0.5,0.06,0.01,0.04774,5.60931,1.5362
B042,100,36.97058,7.02345,41.56632,239.26391,0.5,0.06,0.01,0.04812,5.56219,2.0312
B042,104,37.02743,7.07156,42.82208,235.737,0.5,0.06,0.01,0.04472,5.53431,1.99825
B042,108,36.91674,7.05538,46.7381,236.74521,0.5,0.06,0.01,0.04625,5.6789,1.73547
B042,112,36.97932,7.05935,42.9186,237.51591,0.5,0.06,0.01,0.04662,5.30229,2.04761
B042,116,37.05817,7.04923,44.97501,240.09437,0.5,0.06,0.01,0.04495,5.32542,2.09828
B042,120,37.01031,7.03206,42.75678,239.53577,0.5,0.06,0.01,0.04498,5.45657,2.11495
B042,124,37.09893,7.06112,46.41352,237.15501,0.5,0.06,0.01,0.04639,5.29235,2.39907
B042,128,36.89274,7.06297,41.57113,237.96775,0.5,0.06,0.01,0.04603,4.75433,2.46035
B042,132,37.11134,7.02999,44.48242,232.98779,0.5,0.06,0.01,0.04203,4.83789,2.42938
B042,136,37.00819,7.01654,46.59852,238.49799,0.5,0.06,0.01,0.04478,5.12262,2.37199
B042,140,36.98659,7.05213,46.03705,239.95437,0.5,0.06,0.01,0.04478,4.86755,2.41801
B042,144,35.57684,7.06887,44.21101,241.76142,0.5,0.06,0.01,0.04193,5.07939,2.53683
B042,148,35.53017,7.07513,43.81224,243.91056,0.5,0.06,0.01,0.04111,5.08628,2.50638
B042,152,35.40774,7.08008,44.60408,243.50819,0.5,0.06,0.01,0.04274,4.63826,2.58199
B042,156,35.47972,7.05928,42.8081,242.13895,0.5,0.06,0.01,0.03604,4.34315,2.66263
B042,160,35.44472,7.04342,44.82999,242.12284,0.5,0.06,0.01,0.04049,4.52727,2.41598
B042,164,35.60045,7.04995,44.85911,243.50802,0.5,0.06,0.01,0.04303,4.53242,2.50468
B042,168,35.5915,7.01892,44.28949,245.59308,0.5,0.06,0.01,0.03383,4.60617,2.57864
B042,172,35.48338,7.03293,46.70059,248.36555,0.5,0.06,0.01,0.0399,4.24723,2.74908
B042,176,35.61468,7.04867,43.18018,241.19396,0.5,0.06,0.01,0.03857,4.48589,2.633
B042,180,35.46311,7.04333,42.10254,243.37162,0.5,0.06,0.01,0.03382,4.43524,2.49357
B042,184,35.67266,7.0523,44.10696,246.27906,0.5,0.06,0.01,0.03694,4.36294,2.49727
B042,188,35.39479,7.01563,45.2108,254.92102,0.5,0.06,0.01,0.0371,4.25011,2.38486
B042,192,35.44191,7.02121,44.81856,243.93442,0.5,0.06,0.01,0.03195,3.96546,2.46801
B042,196,35.4612,7.06939,44.74302,249.55924,0.5,0.06,0.01,0.03209,4.28303,2.32677
B042,200,35.60591,7.02917,43.08518,250.99984,0.5,0.06,0.01,0.03277,3.87499,2.35912
B042,204,35.45495,7.0331,43.32968,249.91472,0.5,0.06,0.01,0.03389,4.06991,1.96965
B042,208,35.56158,7.05238,44.16981,256.2402,0.5,0.06,0.01,0.03009,3.72756,1.95861
B042,212,35.41163,7.02672,44.03576,255.14233,0.5,0.06,0.01,0.03033,3.38285,2.00854
B042,216,35.47498,7.07766,46.86675,247.52732,0.5,0.06,0.01,0.02836,3.56846,1.95298
B042,220,35.48303,7.01858,45.44866,247.65292,0.5,0.06,0.01,0.02903,3.55771,2.09864
B042,224,35.56096,7.05004,44.09464,253.51486,0.5,0.06,0.01,0.0304,3.54618,1.50988
B042,228,35.37582,7.03129,46.86152,254.81422,0.5,0.06,0.01,0.02787,3.34188,1.63911
B042,232,35.38885,7.0539,45.75867,256.47249,0.5,0.06,0.01,0.02633,3.48681,1.55069
B042,236,35.41338,7.03756,42.69218,256.41121,0.5,0.06,0.01,0.0264,3.46057,1.50682
B042,240,35.44776,7.04941,39.48916,248.9029,0.5,0.06,0.01,0.02432,3.17288,1.60633
B042,244,35.53505,7.08053,42.7454,258.01147,0.5,0.06,0.01,0.02343,3.10112,1.42582
B042,248,35.63805,7.03281,46.01139,258.45039,0.5,0.06,0.01,0.02736,3.01895,1.05322
B042,252,35.47139,7.03261,46.51552,259.08375,0.5,0.06,0.01,0.02782,3.2172,1.35782
B042,256,35.4656,7.0421,42.17761,255.20334,0.5,0.06,0.01,0.02059,3.19076,1.28587
B042,260,35.59758,7.08685,46.1197,260.60248,0.5,0.06,0.01,0.02502,3.25355,1.07168
B042,264,35.35107,7.04776,46.05526,257.549,0.5,0.06,0.01,0.0253,2.85662,0.78464
B042,268,35.47351,7.08086,47.37157,263.44808,0.5,0.06,0.01,0.02094,3.16584,0.90305
B042,272,35.62004,7.04558,46.61567,258.07451,0.5,0.06,0.01,0.02225,2.72702,0.92383
B042,276,35.52131,7.07974,47.2982,267.57646,0.5,0.06,0.01,0.02192,2.55317,0.93738
B042,280,35.53676,7.06018,45.83022,269.09656,0.5,0.06,0.01,0.02681,2.56523,0.55938
B042,284,35.44905,7.06386,45.77337,267.99129,0.5,0.06,0.01,0.02631,2.55596,0.63733
B042,288,35.50133,7.01411,44.42662,262.21756,0.5,0.06,0.01,0.0212,2.63417,0.82281
B042,292,35.35538,7.0104,46.39444,261.40403,0.5,0.06,0.01,0.02022,2.45526,0.83619
B042,296,35.55781,7.07676,42.73491,267.37459,0.5,0.06,0.01,0.02484,2.45518,0.67591
B042,300,35.52858,7.07644,44.76425,265.82761,0.5,0.06,0.01,0.02458,2.36199,0.7335
B042,304,35.53219,7.11054,45.9178,268.4734,0.5,0.06,0.01,0.02623,2.31233,0.6247
B042,308,35.3859,7.01285,47.39397,264.67158,0.5,0.06,0.01,0.02193,2.19206,0.6628
B042,312,35.49405,7.06214,44.18751,267.38737,0.5,0.06,0.01,0.02585,2.58491,0.54437
B042,316,35.46648,7.0244,46.64319,265.39933,0.5,0.06,0.01,0.02333,2.61593,0.56664
B042,320,35.54229,7.03148,44.6648,267.01579,0.5,0.06,0.01,0.02649,2.65789,0.34668
B042,324,35.57047,7.03744,46.678,267.93602,0.5,0.06,0.01,0.02565,2.37699,0.56615
B042,328,35.41078,7.05956,43.6377,273.46179,0.5,0.06,0.01,0.03006,2.22679,0.31719
B042,332,35.59898,7.0334,46.23415,266.93356,0.5,0.06,0.01,0.02772,2.0887,0.54357
B042,336,35.53166,7.05084,44.83793,269.41999,0.5,0.06,0.01,0.0268,2.27403,0.39536
B043,0,37.13971,7.0919,45.66075,221.67913,0.2,0.024,0.004,0.0,5.31956,0.46672
B043,4,37.06515,7.05222,43.43686,221.1672,0.2,0.024,0.004,0.0,5.35921,0.35129
B043,8,36.99708,7.06465,37.76308,221.31678,0.2,0.024,0.004,0.0,5.56141,0.37434
B043,12,37.11724,7.04957,43.67854,222.30199,0.2,0.024,0.004,0.0,5.22679,0.39339
B043,16,36.91763,7.03506,45.91218,223.40857,0.2,0.024,0.004,0.0,5.49755,0.77063
B043,20,37.03912,7.03781,44.65077,222.56587,0.2,0.024,0.004,0.0,5.50614,0.64435
B043,24,36.99583,7.07702,46.10532,220.40135,0.2,0.024,0.004,0.0,5.26332,0.69575
B043,28,37.07863,7.06869,46.88045,228.84983,0.2,0.024,0.004,0.0,5.38524,0.65733
B043,32,36.90845,7.01278,44.43811,224.78614,0.2,0.024,0.004,0.0,4.87097,0.7518
B043,36,36.97517,7.01878,44.27079,226.79332,0.2,0.024,0.004,0.0,4.96753,0.87072
B043,40,37.0077,7.02017,41.28234,224.83787,0.2,0.024,0.004,0.0,5.05409,0.82077
B043,44,37.0075,7.0765,42.36895,225.95605,0.2,0.024,0.004,0.0,5.01218,1.01463
B043,48,37.12713,7.00672,42.72212,224.81906,0.2,0.024,0.004,0.04592,6.32927,0.86312
B043,52,37.10946,7.06966,45.94629,221.53335,0.2,0.024,0.004,0.04308,5.77331,0.99311
B043,56,36.91249,7.05996,44.4551,230.39071,0.2,0.024,0.004,0.04412,5.83438,1.06325
B043,60,36.92959,7.05367,44.0918,226.18447,0.2,0.024,0.004,0.04114,5.79309,0.92827
B043,64,36.96262,7.03818,43.89713,227.24307,0.2,0.024,0.004,0.04645,5.8,1.1103
B043,68,37.05097,7.07972,43.67573,232.91321,0.2,0.024,0.004,0.04313,5.57461,0.9528
B043,72,37.00707,7.05284,46.56988,233.96388,0.2,0.024,0.004,0.04752,5.73815,1.23011
B043,76,37.1149,7.01389,45.15869,229.62986,0.2,0.024,0.004,0.0485,5.75633,1.28718
B043,80,37.07338,7.01972,46.68526,230.71967,0.2,0.024,0.004,0.04652,5.96363,1.35766
B043,84,37.04761,7.00888,41.27124,236.53263,0.2,0.024,0.004,0.0447,5.42577,1.42938
B043,88,36.93647,7.08001,45.90565,227.63271,0.2,0.024,0.004,0.04943,5.82656,1.62148
B043,92,37.14781,7.08561,44.17755,235.26438,0.2,0.024,0.004,0.047,5.79988,1.53678
B043,96,36.99143,7.07716,44.5215,233.91398,0.2,0.024,0.004,0.04718,5.43527,1.95001
B043,100,37.00242,7.04642,47.2998,224.86672,0.2,0.024,0.004,0.04508,5.47383,1.87869
B043,104,37.0392,7.01434,44.33726,236.16691,0.2,0.024,0.004,0.04723,5.53637,1.7974
B043,108,37.02586,7.02365,45.83622,235.64974,0.2,0.024,0.004,0.04628,5.43499,2.05326
B043,112,37.00391,7.02528,43.26949,237.31843,0.2,0.024,0.004,0.04382,5.26633,2.17473
B043,116,37.02194,7.04886,45.06139,238.82676,0.2,0.024,0.004,0.0489,5.20831,2.17659
B043,120,37.02262,7.08469,42.29488,243.54919,0.2,0.024,0.004,0.04943,5.41499,2.08496
B043,124,37.07453,7.08459,44.90257,239.00651,0.2,0.024,0.004,0.04759,5.13437,2.54319
B043,128,36.98178,7.03779,45.65519,242.15874,0.2,0.024,0.004,0.04689,5.14137,2.41548
B043,132,37.04147,6.99409,46.88084,235.19797,0.2,0.024,0.004,0.04823,5.15345,2.24733
B043,136,37.01388,7.02083,43.60958,237.41481,0.2,0.024,0.004,0.04211,5.07495,2.47408
B043,140,37.10169,7.07972,44.10076,246.26077,0.2,0.024,0.004,0.04156,5.20598,2.46756
B043,144,35.64992,7.05579,43.90499,242.67254,0.2,0.024,0.004,0.04228,4.69612,2.53233
B043,148,35.59555,7.04111,44.56818,243.11358,0.2,0.024,0.004,0.04309,4.81081,2.41799
B043,152,35.57976,7.03937,43.36136,241.32483,0.2,0.024,0.004,0.04127,4.44061,2.5892
B043,156,35.41136,7.03123,41.33273,236.76024,0.2,0.024,0.004,0.03915,4.87331,2.49591
B043,160,35.50664,7.01991,43.22739,243.37554,0.2,0.024,0.004,0.0405,4.60036,2.55806
B043,164,35.54154,7.1018,44.91676,244.63922,0.2,0.024,0.004,0.03958,4.46744,2.64215
B043,168,35.53791,7.09296,44.74823,247.63325,0.2,0.024,0.004,0.0407,4.51096,2.52549
B043,172,35.58178,7.02945,45.9386,248.88728,0.2,0.024,0.004,0.03835,4.41317,2.52638
B043,176,35.51033,7.00615,46.43173,246.93543,0.2,0.024,0.004,0.03367,4.09807,2.62998
B043,180,35.57135,7.05423,44.23576,242.49647,0.2,0.024,0.004,0.03746,4.49044,2.38737
B043,184,35.42387,7.04631,42.30424,246.76223,0.2,0.024,0.004,0.03906,4.3846,2.37118
B043,188,35.39338,7.0657,45.68547,247.38485,0.2,0.024,0.004,0.03516,4.26407,2.24649
B043,192,35.47389,7.07137,44.98332,249.06132,0.2,0.024,0.004,0.03627,3.98043,2.24
B043,196,35.47334,7.02075,44.56065,249.25733,0.2,0.024,0.004,0.03249,3.82818,2.29021
B043,200,35.49761,7.08201,47.07472,257.55627,0.2,0.024,0.004,0.03384,3.92568,2.2824
B043,204,35.3834,7.04117,45.76593,247.82117,0.2,0.024,0.004,0.03044,3.9571,2.03555
B043,208,35.41417,7.0652,45.20893,252.00782,0.2,0.024,0.004,0.03067,3.86117,2.12853
B043,212,35.51837,7.04346,45.2786,250.08078,0.2,0.024,0.004,0.02994,3.56455,1.98822
B043,216,35.57169,7.07306,46.4445,253.50897,0.2,0.024,0.004,0.03064,3.79428,1.72785
B043,220,35.3968,6.99094,43.82776,253.74824,0.2,0.024,0.004,0.02734,3.36843,1.83154
B043,224,35.49417,7.06846,43.50363,253.50936,0.2,0.024,0.004,0.02538,3.32732,1.87013
B043,228,35.40363,7.0292,44.60197,257.29146,0.2,0.024,0.004,0.0286,3.50734,1.41603
B043,232,35.39676,7.05184,42.99751,257.0516,0.2,0.024,0.004,0.02791,3.2028,1.80067
B043,236,35.38545,7.08112,44.92279,255.34643,0.2,0.024,0.004,0.02669,3.16172,1.40502
B043,240,35.64435,7.02992,45.16482,263.08489,0.2,0.024,0.004,0.02778,3.59399,1.20044
B043,244,35.49453,7.026,44.88304,259.82399,0.2,0.024,0.004,0.02501,3.4432,1.33728
B043,248,35.52398,7.0407,44.38559,253.60236,0.2,0.024,0.004,0.02552,3.57412,1.34543
B043,252,35.35122,7.03912,47.81012,255.96072,0.2,0.024,0.004,0.02384,3.15313,1.14012
B043,256,35.68535,7.02375,46.59912,259.17284,0.2,0.024,0.004,0.02366,3.13544,1.14256
B043,260,35.58435,7.05266,44.83486,254.74527,0.2,0.024,0.004,0.02453,2.96541,1.29448
B043,264,35.47398,7.05395,45.15815,261.93653,0.2,0.024,0.004,0.02811,2.97177,1.00345
B043,268,35.53188,7.06157,47.33979,262.25016,0.2,0.024,0.004,0.02485,3.06207,1.27914
B043,272,35.56969,7.02951,44.00626,260.11698,0.2,0.024,0.004,0.02429,3.08838,1.01934
B043,276,35.58026,7.0264,43.35848,259.63046,0.2,0.024,0.004,0.02462,2.94516,0.82397
B043,280,35.55006,7.04704,45.38573,256.08714,0.2,0.024,0.004,0.01832,2.44676,0.80681
B043,284,35.44029,7.04387,45.70364,269.54741,0.2,0.024,0.004,0.02364,2.75352,0.69129
B043,288,35.54888,7.04435,45.83046,265.03404,0.2,0.024,0.004,0.02487,2.52705,0.721
B043,292,35.65316,7.03232,46.40722,266.85682,0.2,0.024,0.004,0.02331,2.52037,0.72337
B043,296,35.50871,7.05825,43.75462,264.59714,0.2,0.024,0.004,0.02321,2.82265,0.57575
B043,300,35.56065,7.02644,42.60564,261.04361,0.2,0.024,0.004,0.02161,2.2244,0.43008
B043,304,35.34629,7.04695,44.00624,267.83016,0.2,0.024,0.004,0.02288,2.81433,0.72862
B043,308,35.50576,7.04234,45.98913,262.26365,0.2,0.024,0.004,0.02238,2.46243,0.66405
B043,312,35.33241,7.04916,43.43278,269.4816,0.2,0.024,0.004,0.0264,2.33204,0.35691
B043,316,35.45262,7.07963,41.71248,267.17047,0.2,0.024,0.004,0.0278,2.41528,0.52956
B043,320,35.54617,7.01714,45.24526,267.17281,0.2,0.024,0.004,0.02911,2.26446,0.61654
B043,324,35.47337,6.99022,44.03596,270.42261,0.2,0.024,0.004,0.02403,2.11423,0.59034
B043,328,35.55393,7.03515,42.06395,265.78753,0.2,0.024,0.004,0.02492,2.20014,0.3842
B043,332,35.49769,7.02122,45.12657,268.22871,0.2,0.024,0.004,0.02532,2.08985,0.5749
B043,336,35.5011,6.97469,44.34334,274.7019,0.2,0.024,0.004,0.02539,1.93476,0.44985
B044,0,36.98796,7.08149,47.35018,222.70737,0.5,0.06,0.01,0.0,5.44059,0.4917
B044,4,37.07055,7.03195,43.43242,220.648,0.5,0.06,0.01,0.0,5.42044,0.35117
B044,8,37.0648,7.106,47.43948,223.9295,0.5,0.06,0.01,0.0,5.2344,0.51434
B044,12,37.11088,7.05439,44.9372,222.35879,0.5,0.06,0.01,0.0,5.04601,0.4833
B044,16,37.02207,7.06051,43.33676,222.2896,0.5,0.06,0.01,0.0,5.33208,0.5015
B044,20,36.97933,7.01865,45.50739,218.28391,0.5,0.06,0.01,0.0,5.35491,0.61437
B044,24,37.09376,7.07789,44.87744,222.44872,0.5,0.06,0.01,0.0,5.21244,0.4503
B044,28,37.04131,7.03886,42.60808,222.08414,0.5,0.06,0.01,0.0,5.15271,0.55112
B044,32,37.08301,7.03135,43.12822,223.69477,0.5,0.06,0.01,0.0,4.95423,0.5696
B044,36,36.87739,7.04207,47.78343,229.5211,0.5,0.06,0.01,0.0,5.11343,0.69911
B044,40,37.01588,7.08457,45.47358,228.58985,0.5,0.06,0.01,0.0,5.05057,0.67965
B044,44,37.07095,7.06164,47.51905,223.76167,0.5,0.06,0.01,0.0,5.05748,0.7335
B044,48,36.95825,7.02777,44.29183,230.30286,0.5,0.06,0.01,0.04438,6.09186,0.88384
B044,52,36.94987,7.03674,43.63723,228.78691,0.5,0.06,0.01,0.04067,5.9636,0.86776
B044,56,36.96578,7.08524,42.13837,229.20722,0.5,0.06,0.01,0.04306,6.1419,0.97935
B044,60,36.92436,7.04409,46.64556,227.87602,0.5,0.06,0.01,0.03904,5.85905,0.90623
B044,64,36.94982,7.06401,45.69807,231.58671,0.5,0.06,0.01,0.04615,5.97237,1.00576
B044,68,37.01306,7.07013,44.30717,232.8406,0.5,0.06,0.01,0.04372,5.46326,1.41867
B044,72,36.93394,6.96453,43.65248,230.17465,0.5,0.06,0.01,0.04645,5.98694,1.16201
B044,76,36.93494,7.08161,46.91568,234.1279,0.5,0.06,0.01,0.05159,5.82417,1.0679
B044,80,37.14884,7.02869,44.69862,224.16425,0.5,0.06,0.01,0.04985,5.8005,1.43939
B044,84,36.94752,7.04099,44.7169,233.39131,0.5,0.06,0.01,0.04529,5.39516,1.39333
B044,88,36.99969,7.08848,43.97869,236.01895,0.5,0.06,0.01,0.04492,5.94311,1.5893
B044,92,37.00633,7.08617,44.30732,232.21078,0.5,0.06,0.01,0.04958,5.19008,1.63234
B044,96,36.91837,7.06232,45.93521,230.8344,0.5,0.06,0.01,0.04499,5.74049,1.7928
B044,100,36.94793,7.06821,42.59205,231.97205,0.5,0.06,0.01,0.04893,5.59971,1.79864
B044,104,36.94379,7.07445,45.13725,233.9079,0.5,0.06,0.01,0.05231,5.21689,1.86657
B044,108,36.94015,7.08575,46.62449,238.21934,0.5,0.06,0.01,0.04804,5.77148,2.11334
B044,112,37.10944,7.08894,44.85591,233.27181,0.5,0.06,0.01,0.04885,5.46964,1.78917
B044,116,37.08954,7.05269,46.79218,239.47971,0.5,0.06,0.01,0.04836,4.8924,1.97323
B044,120,37.01439,7.03157,47.27902,242.57999,0.5,0.06,0.01,0.0448,5.10389,2.10665
B044,124,37.03672,7.04362,46.53609,238.73927,0.5,0.06,0.01,0.04614,5.26159,2.07158
B044,128,37.03729,7.05318,44.08667,237.19054,0.5,0.06,0.01,0.04324,5.35333,2.28121
B044,132,36.94891,7.04867,44.93975,237.77692,0.5,0.06,0.01,0.04728,5.02438,2.32767
B044,136,36.97082,7.02469,45.58781,243.43985,0.5,0.06,0.01,0.04204,4.44255,2.56595
B044,140,36.96302,7.06092,44.20143,242.95738,0.5,0.06,0.01,0.04508,5.2096,2.4834
B044,144,35.52124,7.01081,44.14472,240.27574,0.5,0.06,0.01,0.04537,4.9959,2.506
B044,148,35.5075,7.05213,44.04237,237.61139,0.5,0.06,0.01,0.04151,4.36001,2.51565
B044,152,35.434,7.05374,49.32405,244.18755,0.5,0.06,0.01,0.04042,4.74807,2.45645
B044,156,35.37337,7.05288,44.53915,241.15713,0.5,0.06,0.01,0.04085,4.72991,2.70255
B044,160,35.4686,7.07128,46.81675,252.71096,0.5,0.06,0.01,0.0387,4.48911,2.74521
B044,164,35.5539,7.06797,43.52202,247.89203,0.5,0.06,0.01,0.04008,4.38501,2.4502
B044,168,35.43559,7.10557,47.89302,246.28617,0.5,0.06,0.01,0.03719,4.3039,2.77709
B044,172,35.53145,7.03706,44.35644,247.22821,0.5,0.06,0.01,0.03657,4.29165,2.48072
B044,176,35.4518,7.05698,45.09006,243.89559,0.5,0.06,0.01,0.03857,4.41622,2.44125
B044,180,35.44278,7.05538,41.88437,245.95915,0.5,0.06,0.01,0.03793,4.43012,2.55073
B044,184,35.47466,7.0542,46.89822,249.12883,0.5,0.06,0.01,0.03531,3.78817,2.51643
B044,188,35.45725,7.01838,47.26647,253.00638,0.5,0.06,0.01,0.03181,4.08523,2.38849
B044,192,35.62759,7.02041,42.98164,249.5086,0.5,0.06,0.01,0.03664,4.19986,2.29718
B044,196,35.48392,7.05016,46.99717,248.22061,0.5,0.06,0.01,0.03261,3.9936,2.4154
B044,200,35.52822,7.0106,42.72661,250.20712,0.5,0.06,0.01,0.03684,3.94807,2.13086
B044,204,35.45423,7.04164,46.07451,250.93912,0.5,0.06,0.01,0.03167,4.09928,2.12404
B044,208,35.45158,7.03381,44.51045,248.94502,0.5,0.06,0.01,0.03144,4.03197,2.25861
B044,212,35.4996,7.04255,47.27163,250.07599,0.5,0.06,0.01,0.02955,3.62895,1.81514
B044,216,35.44136,7.07831,45.42363,255.53714,0.5,0.06,0.01,0.03018,3.64746,1.83872
B044,220,35.59278,7.02304,46.5835,250.85014,0.5,0.06,0.01,0.03594,3.89738,1.93361
B044,224,35.65787,7.07174,47.10419,254.27858,0.5,0.06,0.01,0.02761,3.73308,1.79017
B044,228,35.54341,7.03572,44.50525,254.29286,0.5,0.06,0.01,0.03021,3.37246,1.75036
B044,232,35.52127,7.03883,44.95086,254.11267,0.5,0.06,0.01,0.02722,3.20826,1.4013
B044,236,35.42594,7.06164,43.11099,256.41903,0.5,0.06,0.01,0.02881,3.43757,1.51682
B044,240,35.58198,7.04315,44.48996,252.42807,0.5,0.06,0.01,0.02205,2.96912,1.36411
B044,244,35.64913,7.02769,48.27602,259.41617,0.5,0.06,0.01,0.02931,2.95455,1.59336
B044,248,35.5912,7.04074,46.28483,256.44681,0.5,0.06,0.01,0.02564,3.01729,1.34282
B044,252,35.54444,7.00558,43.22418,258.84814,0.5,0.06,0.01,0.02401,3.15123,1.17109
B044,256,35.48603,7.05953,47.77345,258.72777,0.5,0.06,0.01,0.02598,3.35713,1.13947
B044,260,35.5888,6.97245,45.66131,263.79877,0.5,0.06,0.01,0.02414,2.85591,1.04663
B044,264,35.47988,7.0722,46.41172,255.66083,0.5,0.06,0.01,0.02129,2.84176,1.06265
B044,268,35.52621,7.06538,45.8339,257.47282,0.5,0.06,0.01,0.01851,2.77485,0.81849
B044,272,35.39503,7.09004,45.71359,256.83494,0.5,0.06,0.01,0.02684,2.79035,1.03141
B044,276,35.50036,7.10455,41.60389,260.00126,0.5,0.06,0.01,0.02263,2.62286,0.65882
B044,280,35.45369,7.07339,46.88183,261.67928,0.5,0.06,0.01,0.02179,2.74496,0.79643
B044,284,35.56864,7.03431,41.16763,260.95898,0.5,0.06,0.01,0.02193,2.42477,0.63071
B044,288,35.44277,7.10432,46.72718,261.75697,0.5,0.06,0.01,0.02597,2.55524,0.69619
B044,292,35.72746,7.02015,45.16926,265.72116,0.5,0.06,0.01,0.02216,2.51359,0.77454
B044,296,35.54331,7.00243,46.42029,260.84642,0.5,0.06,0.01,0.02458,2.62055,0.41877
B044,300,35.52948,7.09631,45.26928,265.18599,0.5,0.06,0.01,0.02282,2.19785,0.57534
B044,304,35.57138,7.06504,46.77438,264.42446,0.5,0.06,0.01,0.02124,2.35934,0.3973
B044,308,35.51606,7.0031,45.02745,268.0157,0.5,0.06,0.01,0.02585,2.2179,0.51371
B044,312,35.65188,7.01612,45.47758,271.49132,0.5,0.06,0.01,0.0266,2.29796,0.35387
B044,316,35.43822,7.06378,45.68809,266.78134,0.5,0.06,0.01,0.02344,2.4359,0.52846
B044,320,35.64227,7.02825,48.19369,269.61395,0.5,0.06,0.01,0.02516,2.27582,0.44215
B044,324,35.51816,7.03185,46.02047,269.66713,0.5,0.06,0.01,0.02592,2.56045,0.56915
B044,328,35.49249,7.09916,42.76135,262.73254,0.5,0.06,0.01,0.02715,2.22963,0.6149
B044,332,35.39885,7.1037,44.04123,271.65172,0.5,0.06,0.01,0.03076,2.45935,0.45832
B044,336,35.42636,7.05367,46.01661,270.07724,0.5,0.06,0.01,0.02678,2.28049,0.55528
B045,0,37.03663,7.04731,45.22262,220.12246,0.2,0.024,0.004,0.0,5.5141,0.363
B045,4,37.11203,7.00964,45.28411,225.37048,0.2,0.024,0.004,0.0,5.20754,0.49122
B045,8,36.95685,7.03074,43.6875,219.15422,0.2,0.024,0.004,0.0,5.32694,0.56479
B045,12,36.96684,7.09892,47.4861,225.02232,0.2,0.024,0.004,0.0,5.09354,0.41897
B045,16,36.99998,7.04159,45.03778,220.77042,0.2,0.024,0.004,0.0,5.25485,0.67915
B045,20,37.02911,7.02608,45.90906,220.79065,0.2,0.024,0.004,0.0,5.38246,0.77119
B045,24,36.89157,7.04044,45.72157,223.9877,0.2,0.024,0.004,0.0,5.29359,0.6739
B045,28,36.9964,7.05298,45.68669,219.65083,0.2,0.024,0.004,0.0,5.45004,0.79072
B045,32,36.88141,7.07208,43.29304,224.91631,0.2,0.024,0.004,0.0,5.16905,0.58123
B045,36,37.05613,7.06553,44.98912,222.72485,0.2,0.024,0.004,0.0,4.62187,0.62266
B045,40,36.97903,7.03309,48.87727,225.28293,0.2,0.024,0.004,0.0,5.37112,0.83358
B045,44,36.87501,7.08179,47.69819,230.15166,0.2,0.024,0.004,0.0,4.82068,0.81318
B045,48,36.98536,7.07037,45.26691,226.68328,0.2,0.024,0.004,0.04442,6.06367,0.76039
B045,52,37.01124,7.03887,44.37633,229.18663,0.2,0.024,0.004,0.04379,5.98898,1.09225
B045,56,36.97391,7.0468,41.22977,230.98988,0.2,0.024,0.004,0.043,5.94649,1.01462
B045,60,36.93416,7.06502,44.15453,228.90281,0.2,0.024,0.004,0.04629,5.94585,1.12437
B045,64,37.00218,7.07687,44.86669,229.48395,0.2,0.024,0.004,0.0466,5.9087,1.02426
B045,68,37.08553,7.01203,44.46056,236.76461,0.2,0.024,0.004,0.04263,5.51192,1.37536
B045,72,36.99121,7.05176,44.57894,232.21107,0.2,0.024,0.004,0.04602,6.25213,1.22699
B045,76,36.86634,7.04922,46.05813,237.84234,0.2,0.024,0.004,0.04819,5.90989,1.44296
B045,80,37.0793,7.03573,43.2994,228.63327,0.2,0.024,0.004,0.04959,5.78921,1.3284
B045,84,37.18556,7.0356,45.46351,229.81477,0.2,0.024,0.004,0.04828,6.03044,1.49852
B045,88,36.97485,7.07636,44.81256,229.31022,0.2,0.024,0.004,0.0439,5.34857,1.62698
B045,92,36.98828,7.06337,43.50008,233.64191,0.2,0.024,0.004,0.04488,5.67438,1.88253
B045,96,37.0664,7.10267,47.84598,241.71494,0.2,0.024,0.004,0.0463,5.40564,1.67404
B045,100,37.14548,7.03576,46.27128,234.89625,0.2,0.024,0.004,0.04974,5.61598,1.8349
B045,104,36.93927,7.05343,43.66312,232.56109,0.2,0.024,0.004,0.04563,5.46909,1.96478
B045,108,37.04983,7.05774,45.87933,235.37429,0.2,0.024,0.004,0.0488,5.00352,1.80581
B045,112,37.11742,7.0724,42.63791,236.16823,0.2,0.024,0.004,0.04523,5.02911,1.79443
B045,116,37.11317,7.08396,43.87209,233.2596,0.2,0.024,0.004,0.04729,5.57569,2.01279
B045,120,36.86091,7.05234,47.25687,240.48756,0.2,0.024,0.004,0.04403,5.1154,2.32172
B045,124,37.05085,7.02263,45.59758,238.54346,0.2,0.024,0.004,0.04517,5.50146,2.48069
B045,128,36.91518,7.03223,45.46104,241.57163,0.2,0.024,0.004,0.04289,5.27201,2.22798
B045,132,37.09399,7.05357,46.67785,239.4735,0.2,0.024,0.004,0.04759,5.06605,2.25104
B045,136,37.08026,7.07807,46.03917,237.39459,0.2,0.024,0.004,0.04282,4.88297,2.63316
B045,140,37.04618,7.01384,44.54771,241.48525,0.2,0.024,0.004,0.04058,5.13128,2.42615
B045,144,35.43668,7.02075,46.59189,247.75918,0.2,0.024,0.004,0.03985,5.14687,2.48694
B045,148,35.40745,7.06893,42.12878,240.85174,0.2,0.024,0.004,0.04233,4.73059,2.73633
B045,152,35.46946,7.01766,43.86529,240.38748,0.2,0.024,0.004,0.04094,4.9764,2.73805
B045,156,35.60009,7.02187,44.83518,241.10267,0.2,0.024,0.004,0.04248,4.87549,2.70775
B045,160,35.42542,7.07841,45.93114,240.44284,0.2,0.024,0.004,0.04002,4.79688,2.39462
B045,164,35.39744,7.04447,44.4475,247.68236,0.2,0.024,0.004,0.0421,4.60261,2.44464
B045,168,35.52065,7.04255,41.9671,247.27098,0.2,0.024,0.004,0.03825,4.31919,2.71715
B045,172,35.41234,7.08421,41.72839,246.92085,0.2,0.024,0.004,0.04031,4.25398,2.59938
B045,176,35.51156,7.02343,44.88424,246.82888,0.2,0.024,0.004,0.03558,4.04263,2.43823
B045,180,35.58123,7.0184,44.18778,247.31863,0.2,0.024,0.004,0.03369,4.52613,2.45265
B045,184,35.52504,7.09073,43.45304,251.67881,0.2,0.024,0.004,0.03425,4.15026,2.58231
B045,188,35.52133,7.05583,43.16864,249.68278,0.2,0.024,0.004,0.03284,3.85898,2.58036
B045,192,35.38658,7.06699,45.22742,259.95745,0.2,0.024,0.004,0.03182,4.17189,2.33802
B045,196,35.45195,7.04222,47.21384,250.72564,0.2,0.024,0.004,0.03433,3.92006,2.19229
B045,200,35.45498,7.04734,45.22756,246.87971,0.2,0.024,0.004,0.03218,3.78744,2.1726
B045,204,35.54563,7.03241,47.23652,248.4431,0.2,0.024,0.004,0.03222,4.22967,2.29346
B045,208,35.51661,7.05795,44.36421,253.08008,0.2,0.024,0.004,0.03222,3.57004,2.21417
B045,212,35.65254,7.07078,45.75385,248.01348,0.2,0.024,0.004,0.02705,3.67448,1.9989
B045,216,35.48777,7.0549,47.29847,252.06559,0.2,0.024,0.004,0.03083,3.57237,1.83022
B045,220,35.48413,7.07652,44.73161,252.64487,0.2,0.024,0.004,0.02657,3.38927,1.94053
B045,224,35.48072,7.06656,45.04415,251.44407,0.2,0.024,0.004,0.02715,3.22732,1.92156
B045,228,35.3943,7.02379,44.36338,260.67847,0.2,0.024,0.004,0.02387,3.37156,1.46866
B045,232,35.52546,7.04638,46.00726,254.22328,0.2,0.024,0.004,0.02835,3.26747,1.53215
B045,236,35.67021,7.03879,46.53386,252.79403,0.2,0.024,0.004,0.02308,3.35152,1.617
B045,240,35.54819,7.06884,45.59718,252.25282,0.2,0.024,0.004,0.02352,3.19949,1.40718
B045,244,35.50748,7.06154,44.60995,250.02226,0.2,0.024,0.004,0.02316,3.09475,1.26204
B045,248,35.50286,7.05318,42.45047,258.64136,0.2,0.024,0.004,0.0247,2.98513,1.26792
B045,252,35.57208,7.07534,44.91767,262.22077,0.2,0.024,0.004,0.02422,3.33909,1.21825
B045,256,35.62197,7.00336,44.67368,258.00718,0.2,0.024,0.004,0.0258,3.20533,0.96995
B045,260,35.44724,7.03492,45.40119,255.64447,0.2,0.024,0.004,0.02364,2.84843,1.05101
B045,264,35.4568,7.03704,45.19855,261.02959,0.2,0.024,0.004,0.02551,2.72515,1.02285
B045,268,35.5296,7.05629,47.67309,257.75707,0.2,0.024,0.004,0.02412,2.54714,0.86234
B045,272,35.52302,7.06382,43.8161,258.48437,0.2,0.024,0.004,0.0213,2.97325,0.77404
B045,276,35.34784,7.04997,42.32205,264.26787,0.2,0.024,0.004,0.02174,2.89518,0.75324
B045,280,35.44433,7.01713,43.05769,261.25411,0.2,0.024,0.004,0.02603,2.97923,0.65532
B045,284,35.44471,7.06017,43.92284,264.23343,0.2,0.024,0.004,0.02546,2.70679,0.83169
B045,288,35.52665,7.0532,46.83941,264.82628,0.2,0.024,0.004,0.02469,2.80644,0.57301
B045,292,35.52452,7.01328,42.79469,260.78995,0.2,0.024,0.004,0.02505,2.80723,0.67867
B045,296,35.52143,7.04261,43.02154,263.90501,0.2,0.024,0.004,0.02422,2.54099,0.57934
B045,300,35.3401,7.05935,45.70364,259.46453,0.2,0.024,0.004,0.02416,2.43961,0.51093
B045,304,35.49468,7.09133,46.44382,265.6534,0.2,0.024,0.004,0.02384,2.27239,0.73463
B045,308,35.47642,7.02277,42.36629,268.85255,0.2,0.024,0.004,0.02745,2.56684,0.53154
B045,312,35.42519,7.06975,41.98751,262.64141,0.2,0.024,0.004,0.02347,2.44339,0.44663
B045,316,35.32866,7.02309,43.66289,259.69208,0.2,0.024,0.004,0.02528,2.26675,0.41723
B045,320,35.50985,7.01823,46.11752,264.61294,0.2,0.024,0.004,0.02182,2.15361,0.53398
B045,324,35.33957,7.01971,45.24349,270.47482,0.2,0.024,0.004,0.02287,2.14452,0.57869
B045,328,35.62361,7.06513,43.72504,268.91662,0.2,0.024,0.004,0.02989,2.45355,0.61997
B045,332,35.52148,7.05325,46.25703,270.63075,0.2,0.024,0.004,0.02806,1.97,0.43693
B045,336,35.31495,7.04213,45.21132,273.06596,0.2,0.024,0.004,0.027,1.94404,0.42071
B046,0,37.10338,7.1085,45.21252,223.86228,0.5,0.06,0.01,0.0,5.58233,0.46949
B046,4,36.99404,7.04528,45.16053,220.69842,0.5,0.06,0.01,0.0,5.14088,0.55218
B046,8,37.05934,7.07616,47.99703,226.58646,0.5,0.06,0.01,0.0,5.42084,0.48802
B046,12,37.0569,7.03686,43.11019,225.01194,0.5,0.06,0.01,0.0,5.59759,0.49801
B046,16,36.9986,7.06229,43.86575,226.25289,0.5,0.06,0.01,0.0,5.26865,0.46455
B046,20,37.00089,7.06695,46.28209,226.42182,0.5,0.06,0.01,0.0,5.08393,0.60771
B046,24,37.06436,7.07081,45.43663,224.77818,0.5,0.06,0.01,0.0,4.95548,0.5622
B046,28,37.02508,7.06941,44.51851,225.65779,0.5,0.06,0.01,0.0,5.23429,0.80882
B046,32,37.10405,6.96908,44.88005,223.37823,0.5,0.06,0.01,0.0,5.28304,0.67815
B046,36,37.03741,7.04828,46.55367,223.06769,0.5,0.06,0.01,0.0,5.0579,0.72428
B046,40,37.04613,7.03562,45.82465,226.75386,0.5,0.06,0.01,0.0,4.93654,0.75021
B046,44,36.94952,7.04055,43.78796,226.88099,0.5,0.06,0.01,0.0,4.62444,0.86232
B046,48,36.9545,7.04291,45.40422,226.066,0.5,0.06,0.01,0.0434,6.03136,1.04649
B046,52,36.97573,7.07444,44.91534,226.55708,0.5,0.06,0.01,0.04277,5.82122,0.79647
B046,56,36.90983,7.05506,45.79972,228.26383,0.5,0.06,0.01,0.04982,5.95984,1.01211
B046,60,36.95816,7.03731,44.45417,232.82057,0.5,0.06,0.01,0.04332,6.15385,0.85186
B046,64,36.86005,7.01329,42.94588,226.70823,0.5,0.06,0.01,0.04354,5.49622,1.25195
B046,68,36.91747,7.08833,46.14303,230.97597,0.5,0.06,0.01,0.0462,5.53876,1.16079
B046,72,37.09385,7.03382,45.93265,232.30937,0.5,0.06,0.01,0.04578,5.82215,1.06631
B046,76,36.96403,7.04673,47.40601,227.16161,0.5,0.06,0.01,0.0485,5.73104,1.16758
B046,80,37.04678,7.10347,42.76241,235.78978,0.5,0.06,0.01,0.04878,5.66605,1.496
B046,84,36.98571,7.0345,44.88035,232.9612,0.5,0.06,0.01,0.0444,5.651,1.27853
B046,88,36.8795,7.04311,44.60832,227.02229,0.5,0.06,0.01,0.04542,5.62566,1.59344
B046,92,36.85207,7.0558,44.32643,233.66583,0.5,0.06,0.01,0.04524,5.35176,1.59166
B046,96,36.97536,7.00985,42.38027,236.0387,0.5,0.06,0.01,0.04856,5.45559,1.70344
B046,100,36.91972,7.00696,43.18732,229.25152,0.5,0.06,0.01,0.0478,5.50396,1.72974
B046,104,37.11469,7.03796,45.45989,232.77242,0.5,0.06,0.01,0.0461,5.43454,1.77942
B046,108,36.88029,7.03882,44.15043,236.58957,0.5,0.06,0.01,0.04712,5.46896,1.9171
B046,112,36.881,7.05336,43.5951,237.18655,0.5,0.06,0.01,0.04423,5.15668,2.12399
B046,116,36.9731,7.02555,47.43167,240.17104,0.5,0.06,0.01,0.04473,5.28884,2.09718
B046,120,37.06694,7.06085,49.03533,241.30997,0.5,0.06,0.01,0.04331,5.31385,2.25621
B046,124,37.15954,6.99608,44.90407,237.85244,0.5,0.06,0.01,0.04585,5.16658,2.24565
B046,128,37.01288,7.04824,42.4463,243.75579,0.5,0.06,0.01,0.04543,5.08135,2.41209
B046,132,37.02037,7.059,45.67389,237.55405,0.5,0.06,0.01,0.04273,4.94193,2.44684
B046,136,37.05841,7.05821,41.45487,239.11457,0.5,0.06,0.01,0.04505,4.88318,2.3841
B046,140,37.02313,7.04593,42.70471,242.53647,0.5,0.06,0.01,0.04579,4.79595,2.37956
B046,144,35.46046,7.03349,45.7032,242.15911,0.5,0.06,0.01,0.04104,4.74445,2.64623
B046,148,35.64417,7.0452,42.64765,239.63354,0.5,0.06,0.01,0.04185,4.85128,2.46363
B046,152,35.46849,7.08085,44.49674,247.32477,0.5,0.06,0.01,0.04288,4.58807,2.64278
B046,156,35.62418,7.03501,42.47783,245.85528,0.5,0.06,0.01,0.04117,4.64376,2.59939
B046,160,35.41345,7.07445,45.09564,244.24723,0.5,0.06,0.01,0.03774,4.48912,2.54443
B046,164,35.5001,7.07843,46.90951,242.03256,0.5,0.06,0.01,0.03888,4.82407,2.64719
B046,168,35.55575,7.0066,43.95816,242.86992,0.5,0.06,0.01,0.03807,4.5659,2.74683
B046,172,35.46084,7.0468,44.96699,242.70799,0.5,0.06,0.01,0.03792,4.5111,2.6363
B046,176,35.60943,7.02556,43.61306,242.25925,0.5,0.06,0.01,0.03723,4.48424,2.54707
B046,180,35.40367,7.01245,43.73216,246.03452,0.5,0.06,0.01,0.03983,4.23741,2.68857
B046,184,35.49827,7.0698,43.58667,249.57591,0.5,0.06,0.01,0.03548,4.42685,2.24808
B046,188,35.44595,7.06183,46.33608,252.833,0.5,0.06,0.01,0.03166,4.06422,2.26358
B046,192,35.4465,7.05659,42.59705,245.77426,0.5,0.06,0.01,0.03448,4.05,2.283
B046,196,35.41993,7.02286,44.43585,249.00151,0.5,0.06,0.01,0.037,3.85431,2.44504
B046,200,35.41764,7.05526,45.69669,246.47662,0.5,0.06,0.01,0.03238,3.83718,2.3188
B046,204,35.58852,7.01724,46.54666,255.40833,0.5,0.06,0.01,0.03106,3.51056,1.92634
B046,208,35.60152,7.05193,45.74903,246.78599,0.5,0.06,0.01,0.03056,3.72326,2.00299
B046,212,35.39339,7.03346,44.87652,257.73514,0.5,0.06,0.01,0.03159,3.64193,1.81673
B046,216,35.47965,7.07627,44.03289,248.27561,0.5,0.06,0.01,0.02907,3.56307,1.88891
B046,220,35.4739,7.04092,46.57304,255.84641,0.5,0.06,0.01,0.02595,3.25936,1.91882
B046,224,35.44877,7.05578,43.52572,257.305,0.5,0.06,0.01,0.02696,3.61272,1.84389
B046,228,35.39466,7.05583,43.55125,253.86226,0.5,0.06,0.01,0.02753,3.55886,1.67524
B046,232,35.63159,7.04811,47.29925,251.34742,0.5,0.06,0.01,0.02811,3.72298,1.50904
B046,236,35.52172,7.05263,45.61244,257.1553,0.5,0.06,0.01,0.0253,3.59946,1.46684
B046,240,35.50731,7.05759,45.67253,255.24986,0.5,0.06,0.01,0.02533,3.28127,1.48033
B046,244,35.58799,7.02759,46.01753,253.86985,0.5,0.06,0.01,0.02551,3.39386,1.60235
B046,248,35.38717,7.06007,44.83875,255.41295,0.5,0.06,0.01,0.0234,3.15607,1.10349
B046,252,35.42858,7.0716,42.55592,257.02528,0.5,0.06,0.01,0.02436,3.00802,1.36443
B046,256,35.4006,7.05993,45.42698,259.74391,0.5,0.06,0.01,0.02511,3.00561,1.13445
B046,260,35.61048,7.04115,44.969,259.31759,0.5,0.06,0.01,0.02148,3.03198,1.13854
B046,264,35.38446,7.05436,43.53958,256.86034,0.5,0.06,0.01,0.02419,3.67267,1.00099
B046,268,35.50923,7.04091,43.14861,266.68654,0.5,0.06,0.01,0.02118,3.02353,1.08974
B046,272,35.39912,7.04703,44.92089,263.24899,0.5,0.06,0.01,0.02105,2.80664,0.90714
B046,276,35.45489,7.02031,42.69174,257.43948,0.5,0.06,0.01,0.02175,2.81884,0.73994
B046,280,35.62513,7.0845,44.75621,268.47953,0.5,0.06,0.01,0.02574,2.86906,0.82584
B046,284,35.53295,7.09839,44.55113,263.68753,0.5,0.06,0.01,0.01957,2.56505,0.86483
B046,288,35.50498,7.0324,44.79745,262.75526,0.5,0.06,0.01,0.02212,2.73312,0.69108
B046,292,35.51019,7.06965,45.68452,263.53464,0.5,0.06,0.01,0.02309,2.54526,0.40709
B046,296,35.58192,7.08645,46.05732,271.60024,0.5,0.06,0.01,0.02563,2.40658,0.61046
B046,300,35.58469,7.02606,43.79046,267.39473,0.5,0.06,0.01,0.02739,2.67142,0.60744
B046,304,35.57263,6.99604,46.47865,269.40227,0.5,0.06,0.01,0.0229,2.53529,0.56468
B046,308,35.69316,7.08792,44.62707,261.14384,0.5,0.06,0.01,0.02513,2.40591,0.48778
B046,312,35.54797,7.04974,47.98061,259.05637,0.5,0.06,0.01,0.02421,2.41701,0.68572
B046,316,35.49885,7.03701,44.00478,268.06853,0.5,0.06,0.01,0.02459,2.49583,0.22429
B046,320,35.49495,7.05118,42.26074,266.13572,0.5,0.06,0.01,0.02579,2.29534,0.50457
B046,324,35.42826,7.04077,46.41719,268.44464,0.5,0.06,0.01,0.02256,2.09544,0.49245
B046,328,35.43585,7.12399,45.72356,271.6279,0.5,0.06,0.01,0.02616,2.0903,0.71886
B046,332,35.4937,7.03673,47.04282,264.626,0.5,0.06,0.01,0.02772,2.1634,0.45531
B046,336,35.51414,7.05818,45.52639,271.64257,0.5,0.06,0.01,0.02571,2.38691,0.50151
B047,0,36.91923,7.05927,45.7996,217.30329,0.2,0.024,0.004,0.0,5.58434,0.2425
B047,4,37.06766,7.0452,44.6418,216.49064,0.2,0.024,0.004,0.0,5.7358,0.32137
B047,8,36.99068,7.07194,46.64573,224.32249,0.2,0.024,0.004,0.0,5.22165,0.55281
B047,12,37.04182,7.02775,43.62362,222.35182,0.2,0.024,0.004,0.0,5.05547,0.43833
B047,16,36.86884,7.02255,43.82563,220.55044,0.2,0.024,0.004,0.0,5.25825,0.37264
B047,20,37.00555,7.0694,45.61817,218.7223,0.2,0.024,0.004,0.0,5.13674,0.54535
B047,24,37.06349,7.04262,45.19421,223.24718,0.2,0.024,0.004,0.0,5.20744,0.65782
B047,28,37.11357,7.07139,46.08337,225.93538,0.2,0.024,0.004,0.0,5.26085,0.70579
B047,32,36.89076,7.05084,47.02866,220.33148,0.2,0.024,0.004,0.0,5.1748,0.68759
B047,36,36.97865,7.09694,42.36084,225.77863,0.2,0.024,0.004,0.0,5.07633,0.72232
B047,40,37.07939,7.06889,45.06622,231.18968,0.2,0.024,0.004,0.0,5.21047,0.70722
B047,44,37.14274,7.06024,48.23184,225.27295,0.2,0.024,0.004,0.0,5.09273,0.89386
B047,48,37.07476,7.07,43.98586,228.47689,0.2,0.024,0.004,0.04678,6.06074,0.84636
B047,52,36.93188,7.04318,43.78493,225.7455,0.2,0.024,0.004,0.0414,6.02545,0.91208
B047,56,37.0175,7.00893,41.19032,232.24186,0.2,0.024,0.004,0.04665,5.71614,1.10331
B047,60,37.00102,7.05902,45.17297,227.38335,0.2,0.024,0.004,0.04497,6.09572,1.13514
B047,64,36.83452,7.09854,45.98703,230.97512,0.2,0.024,0.004,0.04459,5.85063,1.08298
B047,68,37.00228,6.99274,45.98354,228.55094,0.2,0.024,0.004,0.04994,5.71631,1.13452
B047,72,37.09329,7.06173,43.23701,227.22759,0.2,0.024,0.004,0.04759,5.75071,1.20552
B047,76,37.03711,7.01162,44.98519,234.55291,0.2,0.024,0.004,0.04561,5.91513,1.07812
B047,80,37.04019,7.04942,45.37663,231.65388,0.2,0.024,0.004,0.04858,5.61627,1.52996
B047,84,36.97281,7.05199,45.08858,233.96583,0.2,0.024,0.004,0.04673,5.73424,1.39611
B047,88,36.98478,7.06867,43.13883,233.34168,0.2,0.024,0.004,0.04607,5.75391,1.6626
B047,92,37.04077,7.05525,45.13142,234.21567,0.2,0.024,0.004,0.04578,5.54488,1.64807
B047,96,37.02469,7.08434,43.61524,232.02723,0.2,0.024,0.004,0.0476,5.38247,1.89381
B047,100,37.08659,7.07916,41.81776,237.65122,0.2,0.024,0.004,0.04572,5.43143,1.87414
B047,104,36.99984,7.04508,46.15822,240.26416,0.2,0.024,0.004,0.04715,5.17713,2.00322
B047,108,36.98501,7.07736,45.23806,238.84508,0.2,0.024,0.004,0.04846,5.32755,1.90454
B047,112,36.9419,7.04218,46.00622,238.01492,0.2,0.024,0.004,0.0467,5.12419,1.9011
B047,116,36.9254,7.03788,44.09143,237.45841,0.2,0.024,0.004,0.05017,5.35388,2.14999
B047,120,36.99589,7.01989,46.06512,240.63568,0.2,0.024,0.004,0.04594,4.97997,1.9756
B047,124,37.02302,7.0828,46.73762,240.21428,0.2,0.024,0.004,0.04825,5.23333,2.21856
B047,128,36.95877,7.0425,47.98178,239.92531,0.2,0.024,0.004,0.0471,5.3455,2.19601
B047,132,36.95484,6.98946,46.38355,245.41942,0.2,0.024,0.004,0.04775,5.32503,2.29628
B047,136,36.94919,7.06355,45.65414,239.95594,0.2,0.024,0.004,0.04815,4.84767,2.52047
B047,140,36.94693,7.03915,42.6542,238.59921,0.2,0.024,0.004,0.04015,4.70396,2.55759
B047,144,35.38791,7.04253,44.81891,243.6162,0.2,0.024,0.004,0.04364,5.01639,2.51212
B047,148,35.50173,7.04415,42.58148,242.27877,0.2,0.024,0.004,0.04227,4.90759,2.59964
B047,152,35.43909,7.04159,43.60791,244.1057,0.2,0.024,0.004,0.04208,4.61727,2.5178
B047,156,35.44701,7.11819,48.3236,243.61054,0.2,0.024,0.004,0.04039,4.55022,2.88686
B047,160,35.48882,7.09157,43.26084,238.93455,0.2,0.024,0.004,0.0394,4.57982,2.6361
B047,164,35.6623,7.06748,41.01759,246.32436,0.2,0.024,0.004,0.03756,4.14113,2.52482
B047,168,35.51442,7.05603,46.38238,246.21411,0.2,0.024,0.004,0.03921,4.55893,2.68773
B047,172,35.45596,7.07822,43.85579,240.39023,0.2,0.024,0.004,0.04013,4.6341,2.71006
B047,176,35.47054,7.05609,46.30561,248.38552,0.2,0.024,0.004,0.03649,4.2303,2.43865
B047,180,35.55069,7.0704,43.01078,248.84844,0.2,0.024,0.004,0.03604,3.98545,2.32377
B047,184,35.45877,7.06396,44.27595,249.25313,0.2,0.024,0.004,0.0345,4.40882,2.30253
B047,188,35.56593,7.05321,47.033,241.51914,0.2,0.024,0.004,0.03311,4.11126,2.31665
B047,192,35.52435,7.07351,42.75257,255.04315,0.2,0.024,0.004,0.03383,4.16929,2.33223
B047,196,35.44925,7.0395,44.71225,245.7278,0.2,0.024,0.004,0.03419,3.76493,2.07922
B047,200,35.57447,7.05146,45.49522,252.33554,0.2,0.024,0.004,0.03523,3.74355,2.15547
B047,204,35.52744,7.02551,43.7773,254.27869,0.2,0.024,0.004,0.02955,3.86527,2.10734
B047,208,35.45477,7.0284,45.41135,251.42065,0.2,0.024,0.004,0.03111,3.96663,2.09433
B047,212,35.67555,6.98677,45.0266,253.55584,0.2,0.024,0.004,0.03277,3.5721,2.049
B047,216,35.54662,7.06141,45.90872,250.09737,0.2,0.024,0.004,0.02733,3.57298,1.94195
B047,220,35.57313,7.06829,48.13173,254.74336,0.2,0.024,0.004,0.03152,3.36227,2.02566
B047,224,35.37173,7.07714,49.54786,257.02722,0.2,0.024,0.004,0.02743,3.37143,1.85811
B047,228,35.4793,7.02244,45.78766,250.23734,0.2,0.024,0.004,0.02908,3.44475,1.66972
B047,232,35.52916,7.061,44.81233,252.33255,0.2,0.024,0.004,0.02661,3.46912,1.44358
B047,236,35.48361,7.04998,45.74956,253.88275,0.2,0.024,0.004,0.02738,2.97342,1.39722
B047,240,35.42967,7.06844,44.60519,252.43479,0.2,0.024,0.004,0.02914,3.58608,1.2269
B047,244,35.5041,7.03371,42.30145,254.39184,0.2,0.024,0.004,0.02517,3.17063,1.33907
B047,248,35.43974,7.04159,44.9208,262.33072,0.2,0.024,0.004,0.02695,3.43072,1.28546
B047,252,35.57076,7.01116,46.8396,256.11564,0.2,0.024,0.004,0.02509,3.22902,1.28092
B047,256,35.38031,7.03208,42.50993,253.29674,0.2,0.024,0.004,0.0226,3.14642,1.13725
B047,260,35.44927,7.05008,43.3262,259.32311,0.2,0.024,0.004,0.02356,3.33267,1.16659
B047,264,35.50947,7.05435,44.01068,260.04496,0.2,0.024,0.004,0.02316,2.77042,1.10771
B047,268,35.52359,7.00785,45.63298,258.23139,0.2,0.024,0.004,0.02054,2.8218,0.79787
B047,272,35.52492,7.03721,49.0409,267.03092,0.2,0.024,0.004,0.02411,2.66042,0.80541
B047,276,35.42085,7.05401,43.62416,258.05322,0.2,0.024,0.004,0.02439,2.77939,0.81647
B047,280,35.43084,7.0852,45.15507,261.00054,0.2,0.024,0.004,0.02464,2.88555,0.6871
B047,284,35.45829,7.02887,45.00982,259.47802,0.2,0.024,0.004,0.02586,2.94148,0.70042
B047,288,35.49603,7.06225,44.48788,267.88342,0.2,0.024,0.004,0.02495,2.59904,0.7272
B047,292,35.60986,7.03596,44.91891,264.52012,0.2,0.024,0.004,0.02194,2.32755,0.64121
B047,296,35.49979,7.03886,44.20995,261.4254,0.2,0.024,0.004,0.02251,2.52398,0.62429
B047,300,35.5592,7.02806,49.66306,262.46645,0.2,0.024,0.004,0.02517,2.37587,0.48256
B047,304,35.42996,7.02389,46.27445,266.1794,0.2,0.024,0.004,0.02452,2.3611,0.63084
B047,308,35.62332,7.03813,44.22455,268.37937,0.2,0.024,0.004,0.02401,2.52521,0.59922
B047,312,35.497,7.0762,47.01209,263.85523,0.2,0.024,0.004,0.02265,2.40964,0.43546
B047,316,35.46416,7.03113,45.43638,265.14099,0.2,0.024,0.004,0.02374,2.45154,0.35386
B047,320,35.44743,7.02723,45.09851,266.02071,0.2,0.024,0.004,0.02641,2.25944,0.64092
B047,324,35.40981,7.05523,44.69057,264.88323,0.2,0.024,0.004,0.02183,2.33924,0.68928
B047,328,35.57776,7.05013,44.57494,271.20652,0.2,0.024,0.004,0.02157,2.10595,0.49564
B047,332,35.43418,7.04829,42.92605,272.46521,0.2,0.024,0.004,0.02821,2.17006,0.41364
B047,336,35.52475,7.05635,42.15477,269.42862,0.2,0.024,0.004,0.02636,1.92916,0.57359
B048,0,36.94285,7.03145,46.21984,217.18533,0.5,0.06,0.01,0.0,5.25579,0.6063
B048,4,36.79682,7.02153,43.82595,219.22772,0.5,0.06,0.01,0.0,5.51156,0.52027
B048,8,37.09952,7.07366,42.86065,219.66454,0.5,0.06,0.01,0.0,5.36975,0.48528
B048,12,36.9126,7.0867,43.29265,225.92868,0.5,0.06,0.01,0.0,5.33816,0.52221
B048,16,36.91084,7.06084,46.16763,227.03818,0.5,0.06,0.01,0.0,5.16579,0.59961
B048,20,37.23103,7.07009,47.41381,222.67187,0.5,0.06,0.01,0.0,5.39592,0.5505
B048,24,37.0995,7.0573,46.24331,218.5932,0.5,0.06,0.01,0.0,5.33862,0.75262
B048,28,36.98509,7.06416,44.70946,220.32749,0.5,0.06,0.01,0.0,5.61783,0.65559
B048,32,36.98981,6.99698,47.84031,222.86916,0.5,0.06001,0.01,0.0,4.87778,0.72268
B048,36,36.9262,7.05773,44.23103,222.37792,0.5,0.06001,0.01,0.0,4.75274,0.63374
B048,40,37.01536,7.03916,43.02665,223.83902,0.5,0.06002,0.01,0.0,5.38893,0.90268
B048,44,36.99948,7.04871,45.39913,221.29296,0.5,0.06002,0.01,0.0,4.96133,0.99489
B048,48,37.04025,7.05523,47.15205,227.92214,0.5,0.06003,0.01,0.04335,5.92365,0.7103
B048,52,37.00534,7.03153,43.50332,223.88458,0.5,0.06004,0.01,0.04084,5.9283,0.97824
B048,56,37.00701,7.0223,42.01503,227.62344,0.5,0.06006,0.01,0.04574,5.71679,0.97822
B048,60,36.99801,7.03024,44.94422,231.54524,0.5,0.06009,0.01,0.04506,5.96908,1.09132
B048,64,37.06548,7.01227,46.14766,232.86013,0.5,0.06012,0.01,0.04554,5.84908,1.18282
B048,68,36.96829,7.01906,39.73882,232.30951,0.5,0.06016,0.01,0.04556,6.00667,0.93721
B048,72,37.04053,7.0218,46.36535,229.68637,0.5,0.06021,0.01,0.04503,5.90327,1.37915
B048,76,36.97313,7.01048,42.28444,230.18367,0.5,0.06028,0.01,0.05144,6.02649,1.51016
B048,80,37.07661,7.05845,45.71882,236.01991,0.5,0.06037,0.01,0.04674,5.72084,1.61865
B048,84,37.02524,7.02131,40.94033,234.57572,0.5,0.06048,0.01,0.04742,5.93773,1.45997
B048,88,37.10425,6.9955,41.63972,232.67564,0.5,0.06061,0.01,0.04466,5.62757,1.67819
B048,92,37.00668,7.02992,44.96955,235.26018,0.5,0.06077,0.01,0.04876,5.4727,1.73302
B048,96,36.96568,7.00955,45.70815,239.49713,0.5,0.06097,0.01,0.04675,5.31281,1.69108
B048,100,37.01728,7.07081,43.29678,233.0183,0.5,0.06121,0.01,0.04784,5.29821,1.97723
B048,104,37.00001,7.03406,46.99776,231.98236,0.5,0.06148,0.01,0.04865,5.48525,2.06
B048,108,36.97033,6.98981,40.73887,236.27433,0.5,0.0618,0.01,0.04648,5.01815,2.37612
B048,112,37.01907,7.03603,40.20411,239.48693,0.5,0.06217,0.01,0.04512,5.18193,2.29326
B048,116,36.81409,7.01856,40.87154,237.02239,0.5,0.06258,0.01,0.04156,4.84228,2.53113
B048,120,36.98602,7.00449,40.14658,237.80717,0.5,0.06304,0.01,0.04514,4.78035,2.75172
B048,124,36.92046,7.04326,40.51717,239.80822,0.5,0.06355,0.01,0.04419,4.70747,3.07639
B048,128,36.92502,6.97243,38.01025,241.27817,0.5,0.06409,0.01,0.04286,4.7859,3.4902
B048,132,36.99564,7.01518,39.42825,239.84487,0.5,0.06467,0.01,0.04761,4.96355,3.3672
B048,136,36.98029,6.97121,38.54204,239.17993,0.5,0.06527,0.01,0.04618,4.58434,3.37972
B048,140,36.98136,6.97294,39.49342,244.54495,0.5,0.06589,0.01,0.04002,4.09322,3.59098
B048,144,35.37725,6.94656,35.04481,239.65559,0.5,0.06652,0.01,0.04341,5.03419,3.91359
B048,148,35.39454,6.94018,35.59323,238.87647,0.5,0.06713,0.01,0.04086,4.5191,3.82537
B048,152,35.4761,6.93878,35.22628,245.08209,0.5,0.06772,0.01,0.04259,4.44557,4.25767
B048,156,35.47963,6.89502,33.41507,242.40496,0.5,0.06827,0.01,0.03959,4.41472,4.2817
B048,160,35.53175,6.94477,32.37423,244.08316,0.5,0.06876,0.01,0.03941,4.05618,4.33727
B048,164,35.46475,6.93342,28.62765,241.59546,0.5,0.06919,0.01,0.04169,3.99864,4.23118
B048,168,35.57576,6.8886,31.7926,248.34344,0.5,0.06954,0.01,0.04066,4.1724,4.60016
B048,172,35.52921,6.93922,32.30543,244.82052,0.5,0.06979,0.01,0.04128,4.12331,4.42797
B048,176,35.40266,6.95711,30.97557,251.73203,0.5,0.06995,0.01,0.03705,3.82807,4.53945
B048,180,35.47269,6.90339,29.67013,248.57292,0.5,0.07,0.01,0.03378,3.7434,4.47514
B048,184,35.41031,6.90107,28.21919,252.25702,0.5,0.06995,0.01,0.03774,3.41571,4.24838
B048,188,35.65579,6.95056,32.06329,243.69346,0.5,0.06979,0.01,0.03695,3.53405,4.32749
B048,192,35.48684,6.93612,31.70715,252.78367,0.5,0.06954,0.01,0.03556,3.81948,4.10053
B048,196,35.5244,6.92715,34.49896,247.63161,0.5,0.06919,0.01,0.03202,3.54186,4.03418
B048,200,35.47116,6.95647,30.27009,245.45328,0.5,0.06876,0.01,0.03057,3.07544,4.00987
B048,204,35.55233,6.94939,32.62783,246.58127,0.5,0.06827,0.01,0.03301,3.28557,3.86982
B048,208,35.62326,6.98539,31.95013,249.15192,0.5,0.06772,0.01,0.0294,3.55324,3.59654
B048,212,35.56406,6.95691,36.76342,253.90661,0.5,0.06713,0.01,0.0298,3.3553,3.29518
B048,216,35.42119,6.97596,37.98492,250.67273,0.5,0.06652,0.01,0.0355,3.43739,3.11913
B048,220,35.4449,7.00085,40.01906,252.65748,0.5,0.06589,0.01,0.03324,3.37567,2.9093
B048,224,35.58051,6.92026,38.50433,255.31539,0.5,0.06527,0.01,0.02989,3.22788,2.52495
B048,228,35.4503,7.01766,39.80524,257.3228,0.5,0.06467,0.01,0.02633,3.04783,2.58566
B048,232,35.55324,6.98419,40.01445,252.68247,0.5,0.06409,0.01,0.0256,2.96044,2.17824
B048,236,35.45888,7.0164,41.00953,258.40151,0.5,0.06355,0.01,0.02789,3.3344,2.19668
B048,240,35.56229,7.05206,40.82468,251.4923,0.5,0.06304,0.01,0.02891,3.20305,1.8316
B048,244,35.65486,7.00879,42.43731,257.71987,0.5,0.06258,0.01,0.02439,3.15417,1.6923
B048,248,35.42616,7.01042,45.60223,257.72952,0.5,0.06217,0.01,0.02404,3.09337,1.75961
B048,252,35.58277,7.02521,42.84903,258.09673,0.5,0.0618,0.01,0.02472,3.23937,1.53711
B048,256,35.53871,6.99443,42.96649,256.00176,0.5,0.06148,0.01,0.02139,2.9558,1.17532
B048,260,35.44211,7.08931,43.64905,261.71817,0.5,0.06121,0.01,0.02114,2.9843,1.21415
B048,264,35.44304,7.03632,43.38789,251.84139,0.5,0.06097,0.01,0.02123,2.8346,1.2043
B048,268,35.50678,7.08109,44.33665,262.17585,0.5,0.06077,0.01,0.02445,2.67839,1.00154
B048,272,35.50965,7.03375,43.83587,261.86221,0.5,0.06061,0.01,0.02374,2.75223,0.94826
B048,276,35.48505,7.04467,46.2795,262.55932,0.5,0.06048,0.01,0.02535,2.89941,0.94212
B048,280,35.44161,7.06884,46.26152,267.94026,0.5,0.06037,0.01,0.01954,2.72843,0.85053
B048,284,35.3087,7.0188,48.29008,264.31266,0.5,0.06028,0.01,0.01997,2.8356,0.66655
B048,288,35.52556,7.04469,44.66381,264.31385,0.5,0.06021,0.01,0.02396,2.54746,0.73604
B048,292,35.51762,7.07061,45.26927,266.21581,0.5,0.06016,0.01,0.0214,2.56215,0.65313
B048,296,35.46335,7.04315,45.25607,265.39472,0.5,0.06012,0.01,0.02169,2.46005,0.85454
B048,300,35.59805,7.03681,45.21943,264.05936,0.5,0.06009,0.01,0.02552,2.8252,0.60043
B048,304,35.59486,7.07707,46.83417,260.69628,0.5,0.06006,0.01,0.02264,2.48202,0.59867
B048,308,35.45096,7.08445,42.17531,267.83775,0.5,0.06004,0.01,0.02318,2.45193,0.5873
B048,312,35.65222,7.08859,45.73909,266.84282,0.5,0.06003,0.01,0.0239,2.34515,0.49459
B048,316,35.47325,7.03284,48.36186,267.82683,0.5,0.06002,0.01,0.02442,2.27661,0.42708
B048,320,35.45503,7.03532,47.29552,274.77293,0.5,0.06002,0.01,0.02661,2.06357,0.55153
B048,324,35.5953,7.03807,47.1078,273.90437,0.5,0.06001,0.01,0.02331,1.96702,0.53776
B048,328,35.43692,7.06787,46.42147,263.72493,0.5,0.06001,0.01,0.02588,2.24273,0.71882
B048,332,35.47656,7.02002,43.98042,277.34942,0.5,0.06,0.01,0.02915,2.25412,0.5471
B048,336,35.47425,7.02145,43.72078,273.55536,0.5,0.06,0.01,0.03169,2.29326,0.53979
B049,0,37.0931,7.0436,46.31687,221.82189,0.2,0.024,0.004,0.0,5.88173,0.60193
B049,4,37.07754,7.07228,46.95272,218.42185,0.2,0.024,0.004,0.0,5.17366,0.50217
B049,8,36.98089,7.05791,44.50054,225.60427,0.2,0.024,0.004,0.0,5.25892,0.55639
B049,12,37.01383,7.05499,45.06502,220.82218,0.2,0.024,0.004,0.0,5.24621,0.66506
B049,16,37.08279,7.08326,46.43447,224.91229,0.2,0.024,0.004,0.0,5.22598,0.58675
B049,20,36.89601,7.02921,40.83388,225.18979,0.2,0.024,0.004,0.0,5.38578,0.57777
B049,24,37.01099,7.05576,44.827,225.7357,0.2,0.024,0.004,0.0,5.22242,0.56
B049,28,37.05921,7.05068,44.61773,232.06431,0.2,0.024,0.004,0.0,5.34477,0.78338
B049,32,37.02938,7.01233,45.63589,222.72159,0.2,0.024,0.004,0.0,5.18295,0.65004
B049,36,37.01083,7.08081,43.63811,222.71973,0.2,0.024,0.004,0.0,4.76686,0.72349
B049,40,37.09999,7.07073,46.86226,226.14424,0.2,0.024,0.004,0.0,5.11897,0.80626
B049,44,37.08426,7.05085,43.7458,226.13964,0.2,0.024,0.004,0.0,5.01409,0.85172
B049,48,37.09136,7.04347,44.21967,222.32921,0.2,0.024,0.004,0.04479,5.93129,0.98922
B049,52,37.0274,7.05001,43.8705,230.9465,0.2,0.024,0.004,0.04236,6.30839,0.91286
B049,56,37.04972,7.06768,47.0908,229.57878,0.2,0.024,0.004,0.04336,6.0215,1.14394
B049,60,37.07036,7.05132,41.45452,224.94084,0.2,0.024,0.004,0.04522,6.07996,1.01026
B049,64,36.93981,7.03331,48.0377,225.44422,0.2,0.024,0.004,0.04471,6.02552,1.14966
B049,68,37.04389,7.03707,47.50473,231.44144,0.2,0.024,0.004,0.04014,5.61198,1.15172
B049,72,37.11082,7.0497,44.03973,231.855,0.2,0.024,0.004,0.04741,5.93519,1.49688
B049,76,36.81223,7.02669,46.74577,232.38556,0.2,0.024,0.004,0.04801,5.84511,1.27859
B049,80,36.97766,7.05833,45.22115,231.60317,0.2,0.024,0.004,0.04634,5.59826,1.36711
B049,84,36.92547,7.03017,47.80995,230.59343,0.2,0.024,0.004,0.04635,5.43077,1.49205
B049,88,37.05541,7.02614,46.61611,228.89179,0.2,0.024,0.004,0.04619,5.60309,1.52803
B049,92,37.04046,7.12983,48.72835,231.36633,0.2,0.024,0.004,0.04357,5.59086,1.68082
B049,96,36.86552,7.0985,42.34435,238.07903,0.2,0.024,0.004,0.04336,5.43493,1.8743
B049,100,36.93519,7.0536,45.32529,233.09846,0.2,0.024,0.004,0.04855,5.48099,1.82827
B049,104,37.036,7.07128,42.06902,241.82168,0.2,0.024,0.004,0.04897,5.48121,1.91587
B049,108,36.97162,7.07552,44.11819,239.26931,0.2,0.024,0.004,0.04788,5.34934,1.94809
B049,112,37.02823,7.04811,48.82441,231.78329,0.2,0.024,0.004,0.04724,5.6158,1.99474
B049,116,36.99805,7.05707,45.79594,236.94984,0.2,0.024,0.004,0.04779,5.35128,2.14387
B049,120,37.11716,7.04345,46.67372,242.51546,0.2,0.024,0.004,0.04734,5.15603,2.20657
B049,124,37.00803,7.08139,45.8737,241.89302,0.2,0.024,0.004,0.04398,4.78616,2.41551
B049,128,37.09595,7.08174,45.76578,241.34935,0.2,0.024,0.004,0.0456,5.0684,2.22365
B049,132,36.94067,7.08905,44.11201,238.53837,0.2,0.024,0.004,0.04411,4.91492,2.57159
B049,136,37.06018,7.05665,43.79531,243.08038,0.2,0.024,0.004,0.04364,4.84859,2.43137
B049,140,37.01267,7.1042,44.06643,240.06313,0.2,0.024,0.004,0.04596,5.13861,2.51182
B049,144,35.51531,7.04809,40.35833,240.76457,0.2,0.024,0.004,0.04625,4.94272,2.40378
B049,148,35.51223,7.10117,44.86053,238.52036,0.2,0.024,0.004,0.03781,4.36629,2.62867
B049,152,35.39912,7.03842,45.40775,242.55665,0.2,0.024,0.004,0.04135,4.82107,2.46743
B049,156,35.34378,7.01756,43.94733,248.89122,0.2,0.024,0.004,0.04057,4.35751,2.64047
B049,160,35.47107,7.1007,44.77784,242.67043,0.2,0.024,0.004,0.04281,4.77505,2.63308
B049,164,35.59785,7.06651,45.89258,244.17784,0.2,0.024,0.004,0.03686,4.36807,2.55658
B049,168,35.55208,7.06298,46.50416,243.48225,0.2,0.024,0.004,0.03304,4.32566,2.33485
B049,172,35.30668,7.04099,42.96372,249.59651,0.2,0.024,0.004,0.0399,4.42901,2.82051
B049,176,35.45549,7.02887,43.64888,246.14303,0.2,0.024,0.004,0.03941,4.34651,2.40505
B049,180,35.49216,7.03124,46.28003,244.07543,0.2,0.024,0.004,0.03313,4.20585,2.52673
B049,184,35.41587,7.05346,46.00131,249.16403,0.2,0.024,0.004,0.03565,4.19798,2.36141
B049,188,35.54547,7.04624,47.28548,245.54418,0.2,0.024,0.004,0.03816,4.53454,2.5228
B049,192,35.54329,7.00149,47.21497,250.47368,0.2,0.024,0.004,0.03214,4.0399,2.2932
B049,196,35.49529,7.09234,49.10528,247.62252,0.2,0.024,0.004,0.03371,4.03512,2.18448
B049,200,35.53736,7.03951,44.5023,253.79597,0.2,0.024,0.004,0.03373,3.81551,2.27708
B049,204,35.43838,7.08096,47.68356,249.70598,0.2,0.024,0.004,0.02908,3.84752,1.97966
B049,208,35.71945,7.03236,43.43598,252.0726,0.2,0.024,0.004,0.03004,3.57075,2.00576
B049,212,35.39866,7.05387,49.06989,250.36725,0.2,0.024,0.004,0.02704,3.83894,2.05842
B049,216,35.43945,7.07431,45.77298,253.54118,0.2,0.024,0.004,0.02936,3.37483,2.07458
B049,220,35.46354,7.07086,45.92143,249.33663,0.2,0.024,0.004,0.0274,3.39321,1.69511
B049,224,35.42842,7.0433,46.68287,249.86193,0.2,0.024,0.004,0.02872,3.2368,1.65342
B049,228,35.48475,7.06273,42.69588,251.54511,0.2,0.024,0.004,0.02893,3.56272,1.68534
B049,232,35.56272,7.0669,43.17292,253.0467,0.2,0.024,0.004,0.02982,3.38518,1.32035
B049,236,35.56722,7.0463,45.19665,256.8744,0.2,0.024,0.004,0.03113,3.56961,1.6412
B049,240,35.55164,7.02216,45.58772,258.69025,0.2,0.024,0.004,0.02633,3.10274,1.2784
B049,244,35.58506,7.03439,48.54034,256.93239,0.2,0.024,0.004,0.02478,3.28724,1.26818
B049,248,35.59408,7.04052,43.38636,253.32519,0.2,0.024,0.004,0.02421,3.23354,1.277
B049,252,35.41966,7.05065,47.61833,256.09237,0.2,0.024,0.004,0.02261,3.07941,1.17992
B049,256,35.49402,7.08981,44.5485,258.53907,0.2,0.024,0.004,0.02507,3.06028,0.98953
B049,260,35.4408,7.07269,44.52481,256.02738,0.2,0.024,0.004,0.02286,2.97625,1.24669
B049,264,35.44758,7.0296,44.72147,254.47208,0.2,0.024,0.004,0.02462,2.7835,0.66975
B049,268,35.64347,7.09591,44.48103,262.63712,0.2,0.024,0.004,0.02149,2.62781,0.7866
B049,272,35.55899,7.04803,45.82712,261.89411,0.2,0.024,0.004,0.02226,2.89039,0.79117
B049,276,35.54286,7.06681,44.3286,260.73778,0.2,0.024,0.004,0.02394,2.72015,0.70383
B049,280,35.50797,7.02653,42.60222,267.76467,0.2,0.024,0.004,0.02276,2.79068,0.91818
B049,284,35.4944,7.03869,44.54472,258.6044,0.2,0.024,0.004,0.01916,2.85023,0.53062
B049,288,35.55574,7.07595,45.77629,265.82563,0.2,0.024,0.004,0.02302,2.5371,0.87795
B049,292,35.47518,7.02803,42.61604,267.36418,0.2,0.024,0.004,0.02154,2.42646,0.6226
B049,296,35.33803,7.05138,45.98911,264.73558,0.2,0.024,0.004,0.02565,2.53099,0.46094
B049,300,35.45674,7.06177,47.00688,269.47644,0.2,0.024,0.004,0.02544,2.54289,0.34357
B049,304,35.51943,7.02443,47.51588,263.00604,0.2,0.024,0.004,0.01918,2.44203,0.54425
B049,308,35.59106,7.00556,45.57403,258.8229,0.2,0.024,0.004,0.02565,2.44015,0.463
B049,312,35.54063,7.07268,41.93209,263.01013,0.2,0.024,0.004,0.02518,2.75957,0.55534
B049,316,35.35764,7.12158,46.10095,268.73891,0.2,0.024,0.004,0.02183,2.32947,0.45498
B049,320,35.6762,7.06147,46.64419,266.28121,0.2,0.024,0.004,0.027,2.47547,0.60799
B049,324,35.4492,7.06627,43.81589,269.30784,0.2,0.024,0.004,0.02317,2.18454,0.4624
B049,328,35.56631,7.0279,44.87644,271.17279,0.2,0.024,0.004,0.02855,2.45977,0.41661
B049,332,35.4713,7.08674,45.82212,267.39239,0.2,0.024,0.004,0.02553,2.11728,0.57384
B049,336,35.60529,7.04058,48.03834,268.07629,0.2,0.024,0.004,0.02439,1.96176,0.47542
B050,0,36.93255,7.01181,42.97688,224.40789,0.5,0.06,0.01,0.0,5.6942,0.65427
B050,4,37.06135,7.03845,44.23209,218.03926,0.5,0.06,0.01,0.0,5.48415,0.38701
B050,8,37.06578,7.00942,47.73342,222.74749,0.5,0.06,0.01,0.0,5.11629,0.68064
B050,12,37.0219,7.0583,44.71723,223.88744,0.5,0.06,0.01,0.0,5.02968,0.54171
B050,16,37.00465,7.09075,42.72708,222.91239,0.5,0.06,0.01,0.0,5.63934,0.45884
B050,20,36.87577,7.07241,45.73258,227.3293,0.5,0.06,0.01,0.0,4.95153,0.57122
B050,24,36.9642,7.03482,44.33262,219.88832,0.5,0.06,0.01,0.0,5.1819,0.76954
B050,28,37.07794,7.06264,45.9544,218.3224,0.5,0.06,0.01,0.0,5.32296,0.71085
B050,32,36.95882,7.05872,44.58792,223.47069,0.5,0.06,0.01,0.0,4.79837,0.54561
B050,36,36.98623,7.05583,47.45696,230.51895,0.5,0.06,0.01,0.0,4.87332,0.58507
B050,40,36.93491,7.01742,43.4519,230.68724,0.5,0.06,0.01,0.0,4.79559,0.62395
B050,44,36.9883,7.08288,43.01922,231.31518,0.5,0.06,0.01,0.0,5.2962,0.73001
B050,48,36.97512,7.02055,46.59392,225.91575,0.5,0.06,0.01,0.04352,6.37538,0.87687
B050,52,37.05094,7.04083,41.59396,225.16083,0.5,0.06,0.01,0.04175,5.78752,0.7861
B050,56,37.02694,7.07398,44.70771,226.51556,0.5,0.06,0.01,0.04655,6.096,0.92737
B050,60,37.1177,7.04066,46.36104,230.25599,0.5,0.06,0.01,0.04313,5.91375,1.20836
B050,64,37.05542,7.05198,41.26953,223.48202,0.5,0.06,0.01,0.04636,5.84036,1.2993
B050,68,37.05654,7.05299,45.10989,229.66738,0.5,0.06,0.01,0.04214,5.44461,1.35983
B050,72,36.88503,7.05165,42.45689,231.08494,0.5,0.06,0.01,0.0464,6.21136,1.03031
B050,76,36.9976,7.05288,41.86376,230.90533,0.5,0.06,0.01,0.04631,5.41894,1.52152
B050,80,36.84083,7.05535,43.1879,234.74951,0.5,0.06,0.01,0.04273,5.64641,1.40934
B050,84,37.05006,7.05187,44.68823,238.67827,0.5,0.06,0.01,0.04749,5.56271,1.48764
B050,88,37.03969,7.02761,43.80001,230.563,0.5,0.06,0.01,0.04473,5.74376,1.68351
B050,92,37.04115,7.01125,46.88201,237.65442,0.5,0.06,0.01,0.04716,5.7273,1.7275
B050,96,36.96281,7.07495,45.14006,236.95724,0.5,0.06,0.01,0.04617,5.3261,1.50257
B050,100,37.03061,7.07609,44.16877,229.04049,0.5,0.06,0.01,0.04398,5.25737,1.7371
B050,104,36.95111,7.05844,42.77316,237.6366,0.5,0.06,0.01,0.04475,5.09173,1.84983
B050,108,36.98912,7.05823,45.38099,239.96984,0.5,0.06,0.01,0.04475,5.35793,1.81596
B050,112,37.0051,7.02712,48.50013,236.68765,0.5,0.06,0.01,0.04844,5.49504,2.17501
B050,116,37.08788,6.98904,43.80504,236.38721,0.5,0.06,0.01,0.04789,5.22579,2.30496
B050,120,36.99799,7.04378,44.00456,238.32001,0.5,0.06,0.01,0.0503,5.27345,2.20439
B050,124,36.91507,7.00257,43.19679,232.1745,0.5,0.06,0.01,0.04453,5.46869,2.31055
B050,128,37.1187,7.05461,47.0131,236.49764,0.5,0.06,0.01,0.04406,5.23409,2.33738
B050,132,36.98091,7.08261,46.57591,244.47396,0.5,0.06,0.01,0.04497,5.28289,2.40894
B050,136,36.98865,7.0346,44.24134,241.94321,0.5,0.06,0.01,0.0435,4.55192,2.58311
B050,140,36.88635,7.03603,43.98162,245.19506,0.5,0.06,0.01,0.04251,4.98129,2.28214
B050,144,35.49027,7.02485,43.39545,238.54512,0.5,0.06,0.01,0.04321,4.89761,2.58989
B050,148,35.46535,7.05111,44.50817,242.33612,0.5,0.06,0.01,0.04391,4.59627,2.56266
B050,152,35.51215,7.04917,46.73379,244.13307,0.5,0.06,0.01,0.03763,4.42892,2.49707
B050,156,35.51878,7.02452,45.07059,245.34142,0.5,0.06,0.01,0.04004,4.58972,2.53526
B050,160,35.47818,7.07281,47.189,250.21654,0.5,0.06,0.01,0.03768,4.28048,2.81988
B050,164,35.46092,7.11756,43.77573,248.65718,0.5,0.06,0.01,0.03946,4.37465,2.43636
B050,168,35.45208,7.07975,41.06838,240.9167,0.5,0.06,0.01,0.03989,4.39804,2.56246
B050,172,35.4298,7.04723,49.42907,246.95838,0.5,0.06,0.01,0.04049,4.55152,2.75677
B050,176,35.4998,7.04694,45.36479,244.64306,0.5,0.06,0.01,0.03661,4.17611,2.37914
B050,180,35.39766,7.03716,46.32349,247.92723,0.5,0.06,0.01,0.03691,4.18215,2.43926
B050,184,35.55223,7.03665,43.66122,249.07525,0.5,0.06,0.01,0.03253,4.28973,2.45407
B050,188,35.50212,7.07395,42.68368,245.03289,0.5,0.06,0.01,0.03338,3.76089,2.44656
B050,192,35.52516,7.07504,45.26307,249.51948,0.5,0.06,0.01,0.03471,4.10476,2.3291
B050,196,35.34316,7.02076,41.61413,247.47894,0.5,0.06,0.01,0.03078,3.98772,2.16727
B050,200,35.44345,7.05916,44.546,251.67788,0.5,0.06,0.01,0.03519,4.05471,2.25935
B050,204,35.70787,7.07778,46.73793,251.0019,0.5,0.06,0.01,0.03298,3.78627,2.12022
B050,208,35.40416,7.04125,45.7624,250.71848,0.5,0.06,0.01,0.02936,3.54628,2.13068
B050,212,35.50085,7.04471,45.43333,254.06979,0.5,0.06,0.01,0.02745,3.91587,2.08643
B050,216,35.59937,7.0674,47.96436,256.57305,0.5,0.06,0.01,0.02825,3.46011,1.71541
B050,220,35.50436,7.06811,45.63808,252.26969,0.5,0.06,0.01,0.02719,3.33859,1.93457
B050,224,35.3295,7.06073,41.76248,257.41527,0.5,0.06,0.01,0.02587,3.46244,1.69626
B050,228,35.55404,7.05636,44.74658,247.08997,0.5,0.06,0.01,0.02484,3.25206,1.74211
B050,232,35.58014,7.05971,48.27304,253.88969,0.5,0.06,0.01,0.02658,3.56967,1.61931
B050,236,35.57908,7.04306,44.47396,255.62737,0.5,0.06,0.01,0.02793,3.31841,1.70077
B050,240,35.39141,7.02206,48.16896,256.07906,0.5,0.06,0.01,0.0245,3.44489,1.39909
B050,244,35.61981,7.01108,46.74019,255.41685,0.5,0.06,0.01,0.02631,3.31042,1.27227
B050,248,35.42297,7.06489,44.30559,259.11641,0.5,0.06,0.01,0.0243,3.06164,1.18414
B050,252,35.43331,7.0527,43.16316,256.86942,0.5,0.06,0.01,0.02577,3.32067,1.04932
B050,256,35.54201,7.06139,45.57782,258.02216,0.5,0.06,0.01,0.0226,2.87584,1.20214
B050,260,35.4609,7.02928,47.15985,254.79201,0.5,0.06,0.01,0.02441,2.93272,0.90794
B050,264,35.57495,7.05256,42.31631,258.49472,0.5,0.06,0.01,0.02382,3.02277,1.07469
B050,268,35.47218,7.05197,45.20466,256.87519,0.5,0.06,0.01,0.02609,2.97692,0.89442
B050,272,35.45659,7.08198,41.52964,261.82349,0.5,0.06,0.01,0.02431,2.72247,0.65599
B050,276,35.43464,7.07129,44.4227,262.34736,0.5,0.06,0.01,0.02359,2.50115,0.99638
B050,280,35.61738,7.0315,42.18695,260.66436,0.5,0.06,0.01,0.02007,2.63846,0.36673
B050,284,35.39485,7.06261,45.9558,261.3598,0.5,0.06,0.01,0.02195,2.50992,0.71981
B050,288,35.38619,7.03133,43.8287,267.20267,0.5,0.06,0.01,0.02145,2.58547,0.71913
B050,292,35.58089,6.98468,46.96866,269.31159,0.5,0.06,0.01,0.0215,2.45768,0.37925
B050,296,35.38047,7.09315,44.08116,267.52978,0.5,0.06,0.01,0.02332,2.40191,0.6772
B050,300,35.48033,7.04063,43.92633,268.80247,0.5,0.06,0.01,0.02397,2.4511,0.5153
B050,304,35.35329,7.07599,42.25422,266.27618,0.5,0.06,0.01,0.02431,2.44641,0.54025
B050,308,35.46737,7.03347,45.66479,268.17727,0.5,0.06,0.01,0.02657,2.59336,0.70839
B050,312,35.50489,7.02982,45.83657,266.86677,0.5,0.06,0.01,0.02537,2.46632,0.54409
B050,316,35.55028,7.03634,46.59757,270.06643,0.5,0.06,0.01,0.02234,2.64352,0.46698
B050,320,35.41882,7.05632,46.11384,270.12152,0.5,0.06,0.01,0.02565,2.32659,0.47284
B050,324,35.52695,7.0544,45.68216,265.03163,0.5,0.06,0.01,0.0269,2.16326,0.69263
B050,328,35.48301,7.06244,46.01295,276.08284,0.5,0.06,0.01,0.02878,2.25355,0.51603
B050,332,35.46866,7.03759,46.18461,268.69705,0.5,0.06,0.01,0.02651,2.28113,0.35099
B050,336,35.53606,7.05101,46.54302,268.77739,0.5,0.06,0.01,0.02714,2.32701,0.38944
B051,0,36.97919,7.0426,41.54425,222.68166,0.2,0.024,0.004,0.0,5.41304,0.54706
B051,4,36.89889,7.06017,47.21787,223.09977,0.2,0.024,0.004,0.0,5.14304,0.47817
B051,8,36.93371,7.05496,46.08031,219.64007,0.2,0.024,0.004,0.0,5.43855,0.52352
B051,12,37.08466,7.05196,47.49278,223.41138,0.2,0.024,0.004,0.0,5.06668,0.40508
B051,16,37.01409,7.07604,42.39222,217.99208,0.2,0.024,0.004,0.0,5.2924,0.41753
B051,20,36.90694,7.00492,42.93282,224.19197,0.2,0.024,0.004,0.0,5.11608,0.60061
B051,24,37.0504,7.05244,45.02798,224.35906,0.2,0.024,0.004,0.0,4.80149,0.5592
B051,28,37.00734,7.03247,47.26626,220.03369,0.2,0.024,0.004,0.0,5.4305,0.65653
B051,32,36.91579,7.01628,47.7397,225.33464,0.2,0.024,0.004,0.0,4.88996,0.75638
B051,36,37.04666,7.02905,43.76623,226.4254,0.2,0.024,0.004,0.0,5.00396,0.92636
B051,40,36.91084,7.03451,44.30905,220.38695,0.2,0.024,0.004,0.0,4.99679,0.76938
B051,44,36.99933,7.04412,49.88233,220.90186,0.2,0.024,0.004,0.0,4.88732,1.03539
B051,48,37.07555,7.05843,44.06028,223.95599,0.2,0.024,0.004,0.04596,6.15667,0.91633
B051,52,36.98655,7.06356,46.14809,228.35192,0.2,0.024,0.004,0.04301,5.818,1.00398
B051,56,37.06882,7.03977,44.23187,231.45855,0.2,0.024,0.004,0.04299,5.97143,1.10514
B051,60,37.05819,7.08962,45.80709,232.11289,0.2,0.024,0.004,0.05004,6.08821,1.12648
B051,64,36.95071,7.04072,43.52723,231.54639,0.2,0.024,0.004,0.0467,5.65141,1.00896
B051,68,36.97273,7.00134,43.57568,233.15868,0.2,0.024,0.004,0.04531,5.85927,1.30374
B051,72,37.00925,7.04139,44.36967,232.66079,0.2,0.024,0.004,0.04866,5.66289,1.20081
B051,76,37.07912,7.05118,44.07313,235.43498,0.2,0.024,0.004,0.04583,5.524,1.35687
B051,80,36.99073,6.96818,44.483,234.4333,0.2,0.024,0.004,0.04731,5.77516,1.41428
B051,84,36.86966,7.08018,45.89395,230.73538,0.2,0.024,0.004,0.04569,5.56072,1.61558
B051,88,37.00656,7.04752,48.21364,227.9942,0.2,0.024,0.004,0.0469,5.68366,1.60721
B051,92,36.87764,7.02119,43.99614,234.27386,0.2,0.024,0.004,0.04644,5.6258,1.47674
B051,96,36.95155,7.026,43.31961,233.35997,0.2,0.024,0.004,0.04549,5.22824,1.97781
B051,100,36.95338,7.06904,45.01617,233.49557,0.2,0.024,0.004,0.04743,5.61908,1.91079
B051,104,36.98368,7.0721,43.55271,238.05928,0.2,0.024,0.004,0.04556,5.44242,1.8277
B051,108,36.99244,7.03378,42.22027,230.42102,0.2,0.024,0.004,0.04784,5.29436,1.83911
B051,112,36.90449,7.01612,46.80925,239.59544,0.2,0.024,0.004,0.04587,5.27828,2.16926
B051,116,36.94515,7.05327,45.13686,237.13454,0.2,0.024,0.004,0.04278,5.31594,2.01
B051,120,37.15399,7.05786,45.30344,239.89545,0.2,0.024,0.004,0.04715,5.1813,2.30175
B051,124,37.02433,7.06413,41.72382,241.34007,0.2,0.024,0.004,0.04683,5.56349,2.40301
B051,128,36.99362,7.03592,44.0059,234.75529,0.2,0.024,0.004,0.04966,5.47377,2.26077
B051,132,37.02588,7.04695,42.59301,235.65455,0.2,0.024,0.004,0.04474,5.05546,2.30836
B051,136,37.14533,7.0505,44.9652,239.31358,0.2,0.024,0.004,0.04458,4.94138,2.39256
B051,140,36.99586,7.07417,45.22835,238.97192,0.2,0.024,0.004,0.04463,4.90261,2.37533
B051,144,35.52713,7.08323,45.22712,242.9631,0.2,0.024,0.004,0.04514,4.79251,2.5591
B051,148,35.43988,7.09002,43.86619,249.14316,0.2,0.024,0.004,0.04441,4.85685,2.60591
B051,152,35.59462,7.08256,43.54995,244.98509,0.2,0.024,0.004,0.04249,4.86213,2.66998
B051,156,35.59012,7.09534,44.67153,244.29973,0.2,0.024,0.004,0.04112,4.4131,2.49566
B051,160,35.47205,7.07533,45.60692,236.0708,0.2,0.024,0.004,0.04217,4.75002,2.7008
B051,164,35.40248,7.03527,44.01534,251.09508,0.2,0.024,0.004,0.03961,4.69041,2.47714
B051,168,35.59282,7.08834,43.40641,245.80696,0.2,0.024,0.004,0.03644,4.49803,2.68341
B051,172,35.41105,7.01559,43.47899,244.33015,0.2,0.024,0.004,0.03526,4.29399,2.38284
B051,176,35.57081,7.10911,43.88067,252.18344,0.2,0.024,0.004,0.03689,4.40588,2.71969
B051,180,35.44732,7.02562,44.2305,244.00116,0.2,0.024,0.004,0.03693,4.49721,2.43141
B051,184,35.58183,7.07219,43.13309,243.82024,0.2,0.024,0.004,0.04084,4.30258,2.52088
B051,188,35.40496,7.08611,44.24263,248.99781,0.2,0.024,0.004,0.03486,4.11973,2.47846
B051,192,35.66685,7.06148,47.10143,246.25364,0.2,0.024,0.004,0.03439,4.43968,2.18639
B051,196,35.56416,6.99874,44.49934,249.95898,0.2,0.024,0.004,0.03269,4.02066,2.37493
B051,200,35.52935,7.0263,42.89396,249.57489,0.2,0.024,0.004,0.03395,3.76746,2.13957
B051,204,35.62105,7.05892,41.16056,249.08638,0.2,0.024,0.004,0.03249,4.02149,2.09556
B051,208,35.41384,7.06589,48.12186,256.19112,0.2,0.024,0.004,0.02989,3.82362,1.97492
B051,212,35.32411,7.04553,46.93684,251.33861,0.2,0.024,0.004,0.0284,3.54791,2.16925
B051,216,35.49396,7.05186,45.48383,252.05634,0.2,0.024,0.004,0.02889,3.43141,1.75336
B051,220,35.46662,7.01328,46.9766,250.20801,0.2,0.024,0.004,0.0273,3.5854,1.86223
B051,224,35.35722,7.09436,45.89691,256.42171,0.2,0.024,0.004,0.02784,3.49728,1.65197
B051,228,35.57997,7.04055,44.87136,245.76762,0.2,0.024,0.004,0.02794,3.23855,1.77401
B051,232,35.30609,7.06972,42.89168,255.21045,0.2,0.024,0.004,0.02604,3.35106,1.83861
B051,236,35.52129,7.08509,48.24468,253.96802,0.2,0.024,0.004,0.02937,3.37499,1.40264
B051,240,35.49736,7.02112,44.25703,255.25828,0.2,0.024,0.004,0.02824,3.31469,1.41514
B051,244,35.43938,7.0532,44.34994,250.99932,0.2,0.024,0.004,0.02496,3.28441,1.27445
B051,248,35.48596,7.05695,45.06368,259.60892,0.2,0.024,0.004,0.02303,2.78256,1.37027
B051,252,35.47395,7.04355,45.09286,256.73955,0.2,0.024,0.004,0.02448,2.88785,1.14393
B051,256,35.60046,7.07318,45.977,261.47495,0.2,0.024,0.004,0.0239,2.93797,1.21383
B051,260,35.63877,7.03332,45.7813,265.77126,0.2,0.024,0.004,0.02373,3.21187,0.99239
B051,264,35.50476,7.05137,44.01933,256.1285,0.2,0.024,0.004,0.02278,3.32782,1.24802
B051,268,35.52042,7.04073,45.04401,257.82141,0.2,0.024,0.004,0.02126,2.81641,0.65826
B051,272,35.48827,7.10814,45.92323,260.31516,0.2,0.024,0.004,0.02326,2.82574,0.9128
B051,276,35.53049,7.03343,43.87462,267.49698,0.2,0.024,0.004,0.02237,2.30754,0.81652
B051,280,35.53801,7.06862,47.45931,260.7105,0.2,0.024,0.004,0.02249,2.86502,0.76622
B051,284,35.45241,7.09492,44.96557,262.02747,0.2,0.024,0.004,0.02319,2.7527,0.76387
B051,288,35.43026,7.02704,47.71741,263.61895,0.2,0.024,0.004,0.02291,2.66765,0.69806
B051,292,35.46943,7.05238,42.63337,267.15975,0.2,0.024,0.004,0.02329,2.35386,0.68227
B051,296,35.59536,7.02534,46.11287,262.80058,0.2,0.024,0.004,0.0225,2.86681,0.67322
B051,300,35.54188,6.99968,43.48637,260.50449,0.2,0.024,0.004,0.02421,2.77903,0.80555
B051,304,35.47631,7.03037,43.9214,266.29242,0.2,0.024,0.004,0.02231,2.46272,0.2382
B051,308,35.62215,7.03574,46.53825,269.77841,0.2,0.024,0.004,0.02187,2.52935,0.76888
B051,312,35.51671,7.03723,44.61159,264.06543,0.2,0.024,0.004,0.02262,2.33066,0.83414
B051,316,35.65938,7.04251,49.4156,265.56987,0.2,0.024,0.004,0.02344,2.44188,0.29892
B051,320,35.5733,7.05015,45.88065,267.74079,0.2,0.024,0.004,0.02266,1.99131,0.49903
B051,324,35.54553,7.02008,43.81718,273.46004,0.2,0.024,0.004,0.02234,1.76127,0.64405
B051,328,35.33963,7.05879,45.88366,269.00383,0.2,0.024,0.004,0.02726,2.01703,0.5777
B051,332,35.42847,7.08033,44.59676,271.1372,0.2,0.024,0.004,0.02937,2.10509,0.65819
B051,336,35.55531,7.08327,46.41449,268.98857,0.2,0.024,0.004,0.02854,2.06566,0.49267
B052,0,37.10137,7.04787,43.26242,224.38489,0.5,0.06,0.01,0.0,5.69562,0.59963
B052,4,37.10412,7.08018,48.41201,224.93131,0.5,0.06,0.01,0.0,5.20368,0.39249
B052,8,37.07824,7.00693,40.88187,219.9262,0.5,0.06,0.01,0.0,5.15464,0.69729
B052,12,37.04354,7.043,45.01752,220.14326,0.5,0.06,0.01,0.0,5.09668,0.5726
B052,16,37.0011,7.03468,43.69346,222.12337,0.5,0.06,0.01,0.0,4.9866,0.54263
B052,20,36.84013,7.05935,47.68888,220.57148,0.5,0.06,0.01,0.0,5.07085,0.47951
B052,24,37.18167,7.0579,45.36715,223.33993,0.5,0.06,0.01,0.0,5.11742,0.69948
B052,28,36.96744,7.04971,49.34431,217.35115,0.5,0.06,0.01,0.0,5.43621,0.62231
B052,32,37.0629,7.03215,45.06121,229.63861,0.5,0.06,0.01,0.0,5.03725,0.67974
B052,36,36.90687,7.0494,43.70657,224.16145,0.5,0.06,0.01,0.0,4.79505,0.52908
B052,40,37.12,7.05808,42.09254,223.68579,0.5,0.06,0.01,0.0,5.04991,0.71967
B052,44,37.03102,7.04554,46.8813,239.58076,0.5,0.06,0.01,0.0,4.93799,0.74957
B052,48,37.05058,7.07769,43.58096,227.40648,0.5,0.06,0.01,0.04739,5.96792,0.91781
B052,52,37.04751,7.0653,44.28633,230.03157,0.5,0.06,0.01,0.04172,5.81302,0.88912
B052,56,36.9762,7.05048,47.08778,233.33559,0.5,0.06,0.01,0.04155,6.05888,0.6609
B052,60,37.11558,6.99135,46.79072,231.32355,0.5,0.06,0.01,0.04362,5.61666,0.99031
B052,64,36.97771,7.04454,43.96362,223.32722,0.5,0.06,0.01,0.04661,5.59751,0.93063
B052,68,36.98605,7.06575,44.22819,224.69143,0.5,0.06,0.01,0.04501,5.89337,1.04863
B052,72,36.81143,7.04302,42.01468,232.74148,0.5,0.06,0.01,0.04873,5.74365,1.36616
B052,76,36.97661,7.05758,41.50563,227.26446,0.5,0.06,0.01,0.04566,6.00895,1.11799
B052,80,37.10648,7.04439,46.29829,227.94733,0.5,0.06,0.01,0.04883,5.7329,1.43372
B052,84,36.84406,7.05581,46.48587,228.47666,0.5,0.06,0.01,0.04516,5.60303,1.41742
B052,88,37.03851,7.08503,45.60726,232.39839,0.5,0.06,0.01,0.0493,5.81811,1.47604
B052,92,36.93838,7.06967,45.31828,235.38295,0.5,0.06,0.01,0.04973,5.33826,1.52556
B052,96,37.02661,7.01761,43.79952,227.47804,0.5,0.06,0.01,0.04587,5.5554,1.76515
B052,100,37.15151,7.00855,47.49583,232.87054,0.5,0.06,0.01,0.04792,5.43229,1.86241
B052,104,36.98675,7.06106,41.96716,236.59294,0.5,0.06,0.01,0.04738,5.62126,1.68674
B052,108,37.00388,7.0792,44.20356,235.38315,0.5,0.06,0.01,0.04772,5.28057,2.11365
B052,112,37.00714,7.00848,45.27319,241.50684,0.5,0.06,0.01,0.04905,5.41401,1.913
B052,116,37.06461,7.04475,44.9993,237.17585,0.5,0.06,0.01,0.04817,5.24755,2.17892
B052,120,36.93088,7.10933,44.99652,235.80699,0.5,0.06,0.01,0.04694,5.30782,2.06394
B052,124,36.88972,7.04328,44.11728,239.14593,0.5,0.06,0.01,0.04688,5.13881,2.21963
B052,128,36.93594,7.11315,45.91954,237.94304,0.5,0.06,0.01,0.04261,5.07652,2.18528
B052,132,36.87914,7.02941,42.93383,239.08419,0.5,0.06,0.01,0.04462,5.34709,2.33359
B052,136,36.83019,7.03383,44.75519,238.6004,0.5,0.06,0.01,0.04201,4.8667,2.42487
B052,140,36.93382,7.03243,45.73423,239.49304,0.5,0.06,0.01,0.04364,4.98351,2.35608
B052,144,35.43886,7.01802,44.4347,241.70189,0.5,0.06,0.01,0.04534,5.31704,2.56929
B052,148,35.52598,7.00772,45.00814,243.29234,0.5,0.06,0.01,0.04248,4.85627,2.61469
B052,152,35.59213,7.04447,45.36637,240.60866,0.5,0.06,0.01,0.03685,4.159,2.90741
B052,156,35.56311,7.05362,42.0066,240.82807,0.5,0.06,0.01,0.03909,4.48538,2.7071
B052,160,35.45441,7.03208,42.16559,242.92403,0.5,0.06,0.01,0.04165,4.40456,2.74117
B052,164,35.53625,7.03809,45.22768,241.33898,0.5,0.06,0.01,0.03869,4.6651,2.38338
B052,168,35.42419,7.08615,43.96575,243.26481,0.5,0.06,0.01,0.04059,4.4818,2.34767
B052,172,35.55263,7.07429,44.06836,245.98882,0.5,0.06,0.01,0.03584,4.52352,2.5256
B052,176,35.64017,7.04353,45.96731,246.76344,0.5,0.06,0.01,0.03824,4.45419,2.74597
B052,180,35.40253,7.06075,43.31898,246.3617,0.5,0.06,0.01,0.03756,4.38824,2.79092
B052,184,35.50169,7.00909,40.89749,244.87398,0.5,0.06,0.01,0.03748,4.00876,2.36648
B052,188,35.62137,7.05674,47.81695,247.27019,0.5,0.06,0.01,0.03379,4.1796,2.3267
B052,192,35.44843,7.04844,47.05673,249.34462,0.5,0.06,0.01,0.03586,4.33846,2.40401
B052,196,35.54732,7.04065,47.03519,247.90099,0.5,0.06,0.01,0.03652,3.80043,2.25106
B052,200,35.37978,7.05082,43.09473,249.02318,0.5,0.06,0.01,0.02817,3.74711,2.18503
B052,204,35.45988,7.04678,44.86839,244.49039,0.5,0.06,0.01,0.03204,3.91672,2.20848
B052,208,35.41537,7.01716,42.84369,247.50888,0.5,0.06,0.01,0.02755,3.71051,2.38121
B052,212,35.4157,7.09199,44.89807,255.79993,0.5,0.06,0.01,0.0287,3.93204,2.13214
B052,216,35.54096,7.07377,44.40838,255.29492,0.5,0.06,0.01,0.02813,3.74245,2.11806
B052,220,35.40149,7.04031,43.1673,252.79678,0.5,0.06,0.01,0.02885,3.65439,1.5893
B052,224,35.41801,7.00599,45.85559,257.3251,0.5,0.06,0.01,0.02906,3.6857,1.85578
B052,228,35.53358,6.98859,44.56014,257.76009,0.5,0.06,0.01,0.02947,3.63826,1.5291
B052,232,35.38772,7.10012,47.92859,252.99269,0.5,0.06,0.01,0.02757,3.41264,1.76122
B052,236,35.35728,7.04566,45.14583,256.48383,0.5,0.06,0.01,0.02781,3.29934,1.64116
B052,240,35.46575,7.06907,40.66858,258.26676,0.5,0.06,0.01,0.02376,3.39229,1.47079
B052,244,35.53726,7.02628,41.91938,249.95114,0.5,0.06,0.01,0.02753,3.12648,1.23152
B052,248,35.49332,7.04232,48.56259,254.14779,0.5,0.06,0.01,0.01836,2.9701,1.18764
B052,252,35.41118,7.04359,44.38964,255.83496,0.5,0.06,0.01,0.02759,2.95765,1.12542
B052,256,35.50988,7.05604,45.40801,256.28036,0.5,0.06,0.01,0.02687,3.23137,1.19665
B052,260,35.34111,7.05225,45.01654,259.3469,0.5,0.06,0.01,0.02535,3.23565,1.08858
B052,264,35.47194,7.02694,47.40774,256.78514,0.5,0.06,0.01,0.02804,2.86457,1.14917
B052,268,35.51323,7.02668,41.75825,260.05418,0.5,0.06,0.01,0.01975,2.75011,1.11454
B052,272,35.56558,7.04796,47.25973,265.55421,0.5,0.06,0.01,0.02475,2.76836,0.76614
B052,276,35.49879,7.00614,47.14263,259.53516,0.5,0.06,0.01,0.02335,2.96521,0.87481
B052,280,35.38505,7.02942,45.01047,263.93904,0.5,0.06,0.01,0.0235,2.98257,0.82739
B052,284,35.4278,7.04615,45.70259,269.64264,0.5,0.06,0.01,0.02068,2.52265,0.71822
B052,288,35.72233,7.05994,44.36999,262.56091,0.5,0.06,0.01,0.02384,2.08348,0.80406
B052,292,35.65184,7.08759,42.13507,258.25299,0.5,0.06,0.01,0.02384,2.79946,0.7149
B052,296,35.38366,7.03809,45.98649,265.32689,0.5,0.06,0.01,0.02191,2.50393,0.5553
B052,300,35.58134,7.0509,45.41919,264.80068,0.5,0.06,0.01,0.02336,2.4927,0.57862
B052,304,35.53595,7.00332,45.45451,268.91324,0.5,0.06,0.01,0.02112,2.55337,0.52816
B052,308,35.59761,7.05837,45.8199,264.3331,0.5,0.06,0.01,0.02326,2.3199,0.45993
B052,312,35.43092,7.02727,43.97263,269.96073,0.5,0.06,0.01,0.02632,2.30055,0.51672
B052,316,35.41244,7.04229,47.53855,268.14172,0.5,0.06,0.01,0.02676,2.31293,0.35341
B052,320,35.50894,7.0619,45.01382,268.35604,0.5,0.06,0.01,0.02678,2.41747,0.55016
B052,324,35.5625,7.06294,45.92091,265.53939,0.5,0.06,0.01,0.02765,2.4614,0.64799
B052,328,35.55415,7.01366,44.53739,269.26195,0.5,0.06,0.01,0.0282,2.56301,0.47353
B052,332,35.43668,7.07005,46.78538,265.83454,0.5,0.06,0.01,0.02553,2.22697,0.57062
B052,336,35.65109,7.04903,45.17679,270.19165,0.5,0.06,0.01,0.0281,2.14456,0.46668
B053,0,37.04946,7.07845,44.04888,219.13709,0.2,0.024,0.004,0.0,5.56086,0.47894
B053,4,37.0225,7.05969,44.33449,216.2675,0.2,0.024,0.004,0.0,5.64321,0.41238
B053,8,37.03446,7.05484,46.43612,219.41257,0.2,0.024,0.004,0.0,5.42955,0.5771
B053,12,36.98751,7.05661,45.09497,225.21788,0.2,0.024,0.004,0.0,5.36774,0.60108
B053,16,37.05138,7.01428,42.34899,221.87086,0.2,0.024,0.004,0.0,5.34643,0.24348
B053,20,36.99191,7.05976,46.14375,215.31829,0.2,0.024,0.004,0.0,4.92344,0.67241
B053,24,36.93425,7.02812,47.52252,224.10138,0.2,0.024,0.004,0.0,5.23836,0.63951
B053,28,36.94229,7.05986,45.85526,226.82503,0.2,0.024,0.004,0.0,5.29581,0.68703
B053,32,37.05798,7.03162,43.52948,221.86955,0.2,0.024,0.004,0.0,5.10778,0.8326
B053,36,36.94179,7.06478,42.49627,230.80931,0.2,0.024,0.004,0.0,5.27023,0.51526
B053,40,36.91064,7.04617,43.46763,224.17294,0.2,0.024,0.004,0.0,5.22824,0.62117
B053,44,37.15726,7.02137,45.17516,224.89339,0.2,0.024,0.004,0.0,4.8813,0.80936
B053,48,37.10824,7.04273,47.42464,224.13395,0.2,0.024,0.004,0.04502,6.12891,0.58901
B053,52,37.05955,7.10515,43.70909,225.09402,0.2,0.024,0.004,0.04186,5.93013,0.89584
B053,56,37.17923,6.99317,43.89685,231.51317,0.2,0.024,0.004,0.04438,5.57232,1.0803
B053,60,36.97142,7.05416,46.73646,228.29553,0.2,0.024,0.004,0.04477,5.8656,1.08771
B053,64,37.15294,7.02474,44.26218,228.53556,0.2,0.024,0.004,0.04126,5.57787,1.11465
B053,68,36.96223,7.08442,47.91377,233.6385,0.2,0.024,0.004,0.04745,5.89432,1.14584
B053,72,36.88796,7.07041,44.74823,230.565,0.2,0.024,0.004,0.04432,5.86692,1.19435
B053,76,37.05505,7.05465,46.98521,229.36283,0.2,0.024,0.004,0.04781,5.74404,1.26241
B053,80,36.90562,7.07294,45.65073,235.76824,0.2,0.024,0.004,0.04515,5.50667,1.42578
B053,84,37.04225,7.05611,46.20205,231.51459,0.2,0.024,0.004,0.05091,5.80685,1.29218
B053,88,37.07367,7.05015,44.69899,233.92522,0.2,0.024,0.004,0.04638,6.04331,1.73562
B053,92,37.14314,7.03503,44.81017,235.79251,0.2,0.024,0.004,0.05083,5.27583,1.55456
B053,96,36.88881,7.04098,45.71216,232.42378,0.2,0.024,0.004,0.04665,5.55614,1.79373
B053,100,37.04713,7.0384,46.35684,238.00035,0.2,0.024,0.004,0.04684,5.37307,1.82024
B053,104,36.99178,7.05026,45.8943,236.22838,0.2,0.024,0.004,0.04998,5.42468,1.75532
B053,108,36.9226,7.0027,41.99534,234.63239,0.2,0.024,0.004,0.04485,5.30643,2.13071
B053,112,36.96147,7.07574,45.43806,238.47576,0.2,0.024,0.004,0.04658,5.25853,2.18513
B053,116,37.02048,7.09867,43.8838,236.41092,0.2,0.024,0.004,0.0473,5.3988,1.94381
B053,120,36.97045,7.03919,44.072,232.09655,0.2,0.024,0.004,0.04672,5.18446,2.19683
B053,124,36.97875,7.07937,45.77775,238.57542,0.2,0.024,0.004,0.04564,4.76388,2.2996
B053,128,36.94696,7.04665,47.88646,241.15845,0.2,0.024,0.004,0.04496,5.3184,2.09018
B053,132,36.89491,7.03494,44.60551,240.78344,0.2,0.024,0.004,0.04639,5.27914,2.14258
B053,136,36.94578,7.04046,48.3539,239.11922,0.2,0.024,0.004,0.04456,4.87287,2.34895
B053,140,36.96801,7.05214,43.1351,240.50393,0.2,0.024,0.004,0.04561,4.9692,2.33641
B053,144,35.54017,7.03197,47.09396,241.49261,0.2,0.024,0.004,0.04389,5.0884,2.40633
B053,148,35.66199,7.06515,45.73218,237.96001,0.2,0.024,0.004,0.0438,5.00493,2.40367
B053,152,35.58609,7.03702,45.35455,247.43454,0.2,0.024,0.004,0.04412,5.02344,2.568
B053,156,35.53469,7.02317,47.35138,249.11214,0.2,0.024,0.004,0.04057,4.70955,2.48859
B053,160,35.6419,7.0495,43.91789,242.9889,0.2,0.024,0.004,0.0427,4.78602,2.73368
B053,164,35.47916,7.03265,47.17187,246.19182,0.2,0.024,0.004,0.03945,4.77184,2.61729
B053,168,35.45007,7.04182,44.64587,253.33366,0.2,0.024,0.004,0.03622,4.32767,2.678
B053,172,35.40515,7.04864,43.90842,248.07975,0.2,0.024,0.004,0.0376,4.45529,2.35864
B053,176,35.29982,7.01651,42.74468,250.55117,0.2,0.024,0.004,0.03604,3.90251,2.45617
B053,180,35.46607,7.08647,47.6951,241.92484,0.2,0.024,0.004,0.03744,3.99173,2.51034
B053,184,35.49869,7.07032,46.94014,247.65047,0.2,0.024,0.004,0.03533,4.26516,2.50335
B053,188,35.49485,7.03425,44.18729,252.33918,0.2,0.024,0.004,0.03535,4.24535,2.31932
B053,192,35.53047,7.04952,45.92721,251.18827,0.2,0.024,0.004,0.03633,4.03449,2.2786
B053,196,35.43934,7.06589,45.21522,253.35891,0.2,0.024,0.004,0.03647,3.95071,2.22773
B053,200,35.50604,7.05522,44.40005,251.98861,0.2,0.024,0.004,0.0333,3.86846,2.16992
B053,204,35.52099,7.097,46.64009,256.0189,0.2,0.024,0.004,0.0341,3.93916,2.392
B053,208,35.37517,7.04403,43.93679,250.85861,0.2,0.024,0.004,0.03081,3.35786,2.09294
B053,212,35.42319,7.07972,41.27421,245.6511,0.2,0.024,0.004,0.02729,3.72211,1.98038
B053,216,35.418,7.01663,45.44172,255.91611,0.2,0.024,0.004,0.02733,3.59711,1.74268
B053,220,35.54907,7.02048,45.1135,253.96853,0.2,0.024,0.004,0.02859,3.61937,1.66236
B053,224,35.54342,7.09211,43.99144,252.25094,0.2,0.024,0.004,0.0299,3.53717,1.70123
B053,228,35.58377,7.0392,43.48289,250.5636,0.2,0.024,0.004,0.02727,3.19684,1.77873
B053,232,35.49312,7.02081,42.34902,258.09076,0.2,0.024,0.004,0.02941,3.25366,1.53615
B053,236,35.48767,7.04881,44.38337,254.10744,0.2,0.024,0.004,0.03012,3.69534,1.45953
B053,240,35.68308,7.0816,43.51211,260.25578,0.2,0.024,0.004,0.02414,3.10787,1.30903
B053,244,35.60127,7.03091,46.63947,257.78731,0.2,0.024,0.004,0.02967,3.45905,1.11167
B053,248,35.36314,7.04896,45.87805,257.68096,0.2,0.024,0.004,0.02169,2.87134,1.29813
B053,252,35.46105,7.00364,44.17629,258.28497,0.2,0.024,0.004,0.02824,3.17927,1.14325
B053,256,35.65547,7.03828,45.88862,260.7682,0.2,0.024,0.004,0.02411,2.95131,1.15869
B053,260,35.54609,7.07493,44.81729,258.86397,0.2,0.024,0.004,0.02339,2.9129,1.05867
B053,264,35.53316,7.03039,44.54194,257.43095,0.2,0.024,0.004,0.02356,2.85992,0.86308
B053,268,35.32148,7.0182,44.90682,258.56613,0.2,0.024,0.004,0.02176,3.08792,0.94829
B053,272,35.54907,7.0306,48.01123,264.47375,0.2,0.024,0.004,0.02619,3.23782,0.71265
B053,276,35.53774,7.03476,46.09483,259.38374,0.2,0.024,0.004,0.02169,2.77307,0.84389
B053,280,35.49593,7.06912,44.49258,262.87382,0.2,0.024,0.004,0.02188,2.6128,0.76429
B053,284,35.62484,7.05949,46.51957,265.36179,0.2,0.024,0.004,0.02024,2.35884,0.91449
B053,288,35.57423,7.06432,46.45827,263.39626,0.2,0.024,0.004,0.02158,2.33196,0.58702
B053,292,35.45985,7.05071,45.44152,265.51652,0.2,0.024,0.004,0.02174,2.80044,0.49675
B053,296,35.43643,7.0345,44.44143,262.47874,0.2,0.024,0.004,0.02176,2.22758,0.57467
B053,300,35.61264,7.03059,44.32916,267.30062,0.2,0.024,0.004,0.02314,2.39928,0.66877
B053,304,35.47548,7.06081,43.17225,263.10835,0.2,0.024,0.004,0.02152,2.41785,0.23434
B053,308,35.57591,7.08973,45.30684,268.82938,0.2,0.024,0.004,0.02724,2.01663,0.6523
B053,312,35.55114,7.02648,43.96323,266.26651,0.2,0.024,0.004,0.02409,2.13322,0.50193
B053,316,35.5038,7.02455,44.25758,272.30738,0.2,0.024,0.004,0.02554,2.1057,0.37202
B053,320,35.47566,7.0216,46.06083,267.61755,0.2,0.024,0.004,0.02696,2.21426,0.44915
B053,324,35.39197,7.07079,47.86821,270.4696,0.2,0.024,0.004,0.02978,2.40298,0.39057
B053,328,35.44075,7.04895,45.63614,264.53619,0.2,0.024,0.004,0.02807,2.45086,0.32046
B053,332,35.42372,7.06388,44.82125,270.42534,0.2,0.024,0.004,0.02633,2.05471,0.22441
B053,336,35.37359,7.0373,44.9681,266.24255,0.2,0.024,0.004,0.02528,2.01688,0.5357
B054,0,36.93626,7.07021,44.14936,222.51434,0.5,0.06,0.01,0.0,5.60248,0.42399
B054,4,37.23726,7.05348,44.41037,219.09948,0.5,0.06,0.01,0.0,5.46772,0.33653
B054,8,36.8344,7.03842,45.77266,226.29974,0.5,0.06,0.01,0.0,5.09653,0.40435
B054,12,36.99114,7.07107,44.38248,222.40446,0.5,0.06,0.01,0.0,5.24698,0.56371
B054,16,37.02619,7.07634,45.76561,218.15488,0.5,0.06,0.01,0.0,5.26909,0.5114
B054,20,36.82231,7.05219,43.61345,228.69812,0.5,0.06,0.01,0.0,5.23417,0.54644
B054,24,36.87058,7.0834,48.27989,228.35098,0.5,0.06,0.01,0.0,5.41746,0.45881
B054,28,36.94024,7.04411,45.32925,222.04283,0.5,0.06,0.01,0.0,5.52297,0.63036
B054,32,37.04951,7.0468,45.21761,222.61892,0.5,0.06,0.01,0.0,5.22667,0.51056
B054,36,36.91476,7.05011,44.17957,225.06602,0.5,0.06,0.01,0.0,4.97181,0.9047
B054,40,37.05076,7.04676,48.25214,231.47944,0.5,0.06,0.01,0.0,5.23859,0.98103
B054,44,37.16244,7.04224,42.86941,221.06899,0.5,0.06,0.01,0.0,4.86588,0.76101
B054,48,37.07918,7.03213,43.80487,224.08988,0.5,0.06,0.01,0.03934,5.43512,0.73289
B054,52,36.80978,7.02515,46.45111,231.98439,0.5,0.06,0.01,0.04597,5.80022,1.02379
B054,56,37.06775,7.05277,45.40742,228.19657,0.5,0.06,0.01,0.04602,5.55157,1.04985
B054,60,36.91849,7.07996,44.01949,232.5519,0.5,0.06,0.01,0.04292,5.78391,1.26508
B054,64,36.99083,7.07036,44.06825,227.7212,0.5,0.06,0.01,0.04681,5.87007,1.3621
B054,68,36.86438,7.0597,44.50549,231.66157,0.5,0.06,0.01,0.04984,5.64334,0.93055
B054,72,36.96917,7.08123,45.17364,231.43054,0.5,0.06,0.01,0.04311,5.5599,1.38474
B054,76,37.04033,7.05048,47.64117,234.10124,0.5,0.06,0.01,0.04522,5.46173,1.29397
B054,80,37.11968,7.02528,46.02878,228.48731,0.5,0.06,0.01,0.04354,5.60566,1.46423
B054,84,37.08495,7.04126,46.73967,227.6855,0.5,0.06,0.01,0.04872,5.55643,1.57163
B054,88,37.07715,7.04848,44.26173,231.27802,0.5,0.06,0.01,0.04674,5.79436,1.64835
B054,92,37.06332,7.03719,45.87674,238.12791,0.5,0.06,0.01,0.0462,5.58143,1.76313
B054,96,37.01434,7.06525,42.35686,234.25797,0.5,0.06,0.01,0.04745,5.8231,1.65958
B054,100,36.82598,7.07339,45.30963,237.65249,0.5,0.06,0.01,0.04583,5.36392,1.69625
B054,104,37.06653,7.0067,45.20053,235.72936,0.5,0.06,0.01,0.04604,5.78895,2.03619
B054,108,36.93694,7.04636,48.09641,232.71936,0.5,0.06,0.01,0.04724,5.38535,1.87098
B054,112,36.93717,6.97742,47.64789,237.39644,0.5,0.06,0.01,0.04526,5.19234,2.27872
B054,116,36.85252,7.04771,44.56065,238.67325,0.5,0.06,0.01,0.04528,5.67362,2.04057
B054,120,37.0058,7.04743,43.61086,241.86182,0.5,0.06,0.01,0.0456,4.87083,2.15996
B054,124,37.1105,7.09441,43.65752,239.48309,0.5,0.06,0.01,0.04574,5.05595,2.25187
B054,128,37.04779,7.08691,44.4991,237.31245,0.5,0.06,0.01,0.04635,4.82314,2.15381
B054,132,37.03878,7.07331,47.21296,235.23951,0.5,0.06,0.01,0.04587,4.73182,2.21246
B054,136,37.07482,7.02601,45.70534,236.93372,0.5,0.06,0.01,0.04121,4.52618,2.55843
B054,140,36.84205,7.02456,45.88061,247.78699,0.5,0.06,0.01,0.04649,5.09334,2.28759
B054,144,35.51079,7.0226,46.37905,241.92162,0.5,0.06,0.01,0.04322,4.61337,2.83392
B054,148,35.57119,7.08817,43.30993,245.71153,0.5,0.06,0.01,0.04183,4.72401,2.54994
B054,152,35.54206,7.02724,43.7946,236.30133,0.5,0.06,0.01,0.04005,4.8378,2.45916
B054,156,35.40787,7.04036,45.8844,248.46069,0.5,0.06,0.01,0.04516,4.84051,2.64608
B054,160,35.50659,7.02751,43.67583,244.26064,0.5,0.06,0.01,0.04521,4.78468,2.30457
B054,164,35.43347,7.01855,42.40511,242.68758,0.5,0.06,0.01,0.0435,4.8379,2.55563
B054,168,35.59541,7.05832,43.15961,249.69542,0.5,0.06,0.01,0.03926,4.75526,2.55804
B054,172,35.40371,7.05383,46.79241,241.54061,0.5,0.06,0.01,0.03895,4.18434,2.40929
B054,176,35.60518,6.99439,44.36406,246.30123,0.5,0.06,0.01,0.04046,4.48656,2.45574
B054,180,35.53817,7.01745,45.38395,247.63227,0.5,0.06,0.01,0.03621,4.1963,2.67712
B054,184,35.52092,7.05638,43.24471,248.63484,0.5,0.06,0.01,0.03698,4.19012,2.47098
B054,188,35.55579,7.04819,45.64499,245.89734,0.5,0.06,0.01,0.03555,3.86077,2.44498
B054,192,35.59459,7.03998,44.54169,246.5868,0.5,0.06,0.01,0.03814,4.05368,2.24432
B054,196,35.50194,7.06514,45.75854,251.6062,0.5,0.06,0.01,0.03638,3.9813,2.11591
B054,200,35.50608,7.01392,44.1876,255.88258,0.5,0.06,0.01,0.03244,4.16838,2.17673
B054,204,35.56367,7.03513,45.85728,249.91464,0.5,0.06,0.01,0.03498,3.71864,1.83738
B054,208,35.49311,7.06295,44.10408,252.33329,0.5,0.06,0.01,0.03116,3.35361,1.92373
B054,212,35.55635,7.03377,44.86345,248.09784,0.5,0.06,0.01,0.02933,3.68807,1.82529
B054,216,35.55093,7.05781,44.53814,248.77573,0.5,0.06,0.01,0.02912,3.40976,1.64911
B054,220,35.35741,7.02134,45.0446,254.68815,0.5,0.06,0.01,0.02928,3.56686,1.8885
B054,224,35.3037,7.0294,45.47441,255.42963,0.5,0.06,0.01,0.02674,3.59934,1.71115
B054,228,35.57879,7.00545,44.15866,257.60553,0.5,0.06,0.01,0.02662,3.41159,1.56872
B054,232,35.48068,6.99857,44.79665,256.11552,0.5,0.06,0.01,0.02415,3.24225,1.64057
B054,236,35.51671,7.0381,45.31703,250.9815,0.5,0.06,0.01,0.02482,3.26022,1.28097
B054,240,35.5596,7.06125,45.86307,260.17143,0.5,0.06,0.01,0.02639,3.43222,1.23711
B054,244,35.5933,7.04713,44.87065,259.68061,0.5,0.06,0.01,0.0275,3.05167,1.45475
B054,248,35.37265,7.07901,43.49201,258.39464,0.5,0.06,0.01,0.02678,3.32473,1.51947
B054,252,35.55165,7.04018,45.14697,260.91598,0.5,0.06,0.01,0.0254,2.93022,1.25588
B054,256,35.54125,6.997,46.13958,263.05585,0.5,0.06,0.01,0.02111,3.06422,1.16176
B054,260,35.35377,7.0586,42.73368,260.67505,0.5,0.06,0.01,0.02213,2.65549,0.97029
B054,264,35.53832,7.02304,42.75351,262.30815,0.5,0.06,0.01,0.02319,3.0093,0.91171
B054,268,35.48503,7.05315,43.87424,257.47362,0.5,0.06,0.01,0.02529,2.89782,0.94851
B054,272,35.51571,6.99286,44.67304,261.65703,0.5,0.06,0.01,0.02208,2.80533,1.03233
B054,276,35.52729,7.04312,41.26525,259.51915,0.5,0.06,0.01,0.02064,2.87651,0.86897
B054,280,35.54875,7.06757,45.97595,260.78338,0.5,0.06,0.01,0.02591,2.63993,0.88678
B054,284,35.59733,7.06451,44.6897,267.73062,0.5,0.06,0.01,0.02153,2.62581,0.61967
B054,288,35.43499,7.04373,41.00313,263.37967,0.5,0.06,0.01,0.02079,2.61835,0.76508
B054,292,35.45154,7.04872,43.10761,264.40141,0.5,0.06,0.01,0.0236,2.53211,0.57542
B054,296,35.42048,7.03757,44.48901,266.78379,0.5,0.06,0.01,0.02319,2.65681,0.64107
B054,300,35.46632,7.04254,41.98669,267.70128,0.5,0.06,0.01,0.02249,2.52168,0.66957
B054,304,35.48281,7.06567,46.64978,264.1563,0.5,0.06,0.01,0.02375,2.34126,0.50632
B054,308,35.53298,7.03125,45.31762,262.97688,0.5,0.06,0.01,0.0222,2.58582,0.42518
B054,312,35.64386,7.0337,46.15292,267.35686,0.5,0.06,0.01,0.02338,2.44153,0.57047
B054,316,35.42844,7.01051,43.25066,266.29365,0.5,0.06,0.01,0.02472,2.17445,0.49287
B054,320,35.49604,7.06617,45.69933,272.62742,0.5,0.06,0.01,0.02117,2.03574,0.50963
B054,324,35.57993,7.042,43.87691,273.37051,0.5,0.06,0.01,0.02764,2.26341,0.55835
B054,328,35.50248,7.01843,44.6728,273.49826,0.5,0.06,0.01,0.02351,2.23227,0.62435
B054,332,35.60138,7.07056,45.59981,271.89029,0.5,0.06,0.01,0.02494,1.74118,0.53664
B054,336,35.56216,7.04747,44.88089,268.61628,0.5,0.06,0.01,0.02943,2.05954,0.51187
B055,0,36.93265,7.07206,48.26756,223.77085,0.2,0.024,0.004,0.0,5.39517,0.42282
B055,4,37.00859,7.03254,44.95859,219.3352,0.2,0.024,0.004,0.0,5.40051,0.61482
B055,8,37.00984,7.03847,40.85603,220.89158,0.2,0.024,0.004,0.0,5.74998,0.59686
B055,12,37.02832,7.0376,44.46073,224.86177,0.2,0.024,0.004,0.0,5.10353,0.52564
B055,16,37.03749,7.06978,44.89775,222.95461,0.2,0.024,0.004,0.0,5.41433,0.4709
B055,20,36.94768,7.07422,46.88608,223.97397,0.2,0.024,0.004,0.0,5.46305,0.5848
B055,24,36.86433,7.06234,45.08218,221.20748,0.2,0.024,0.004,0.0,5.08896,0.87753
B055,28,37.02962,7.07766,42.82957,226.24431,0.2,0.024,0.004,0.0,5.04381,0.56509
B055,32,36.98389,7.08089,46.63794,221.85112,0.2,0.024,0.004,0.0,5.04964,0.87474
B055,36,37.03097,7.00474,45.96614,231.27492,0.2,0.024,0.004,0.0,4.9439,0.519
B055,40,36.9262,7.0648,43.81154,225.61926,0.2,0.024,0.004,0.0,5.03196,0.66853
B055,44,36.9691,7.04076,46.22378,233.8396,0.2,0.024,0.004,0.0,5.13267,0.75267
B055,48,36.92314,7.01858,44.07076,226.71863,0.2,0.024,0.004,0.03945,5.84495,0.98147
B055,52,37.05669,7.04201,44.49305,226.1215,0.2,0.024,0.004,0.04386,6.13964,0.92788
B055,56,37.11272,7.06827,44.09953,221.64756,0.2,0.024,0.004,0.04642,6.24076,1.13598
B055,60,36.89932,7.08638,44.4731,226.52584,0.2,0.024,0.004,0.0424,5.91752,1.0002
B055,64,36.99928,7.01637,46.54149,228.24728,0.2,0.024,0.004,0.04353,5.91495,1.0987
B055,68,36.98392,7.06546,41.96416,231.65517,0.2,0.024,0.004,0.04818,5.78162,1.13433
B055,72,37.11657,7.09914,46.87702,233.20729,0.2,0.024,0.004,0.04887,5.38563,1.48887
B055,76,37.05106,7.09577,45.29975,229.92969,0.2,0.024,0.004,0.04521,5.82362,1.18624
B055,80,37.02074,6.96367,44.33685,233.74094,0.2,0.024,0.004,0.04701,5.85865,1.33735
B055,84,36.95559,7.10447,45.0353,235.19726,0.2,0.024,0.004,0.04667,5.70237,1.36093
B055,88,37.02112,7.07403,43.45474,236.69397,0.2,0.024,0.004,0.04929,5.83998,1.62884
B055,92,36.92186,6.99232,42.22607,228.57557,0.2,0.024,0.004,0.04592,5.44543,1.50616
B055,96,36.96858,7.03086,43.50268,234.47121,0.2,0.024,0.004,0.04624,5.59727,1.94547
B055,100,37.01106,7.08144,41.77767,231.83265,0.2,0.024,0.004,0.04963,5.80565,1.82028
B055,104,37.10002,7.05901,42.70051,234.34796,0.2,0.024,0.004,0.04484,5.4927,1.94325
B055,108,37.0076,7.03565,42.24132,237.42221,0.2,0.024,0.004,0.04569,5.58795,2.03116
B055,112,37.0137,7.05166,47.08049,241.27533,0.2,0.024,0.004,0.04674,5.56746,2.05294
B055,116,37.04601,7.06365,42.81684,238.41503,0.2,0.024,0.004,0.04927,5.11984,2.14689
B055,120,36.99309,7.03552,44.92988,239.29572,0.2,0.024,0.004,0.04352,5.27757,2.21583
B055,124,36.92672,7.04682,46.89845,237.78643,0.2,0.024,0.004,0.04413,5.00159,2.33703
B055,128,36.97306,7.07242,46.44515,244.68813,0.2,0.024,0.004,0.04634,4.92305,2.24005
B055,132,37.07937,7.03248,44.49827,239.39792,0.2,0.024,0.004,0.0462,5.01948,2.27799
B055,136,36.96614,7.01608,44.50602,242.24517,0.2,0.024,0.004,0.04463,5.29958,2.5475
B055,140,37.15538,7.03407,45.30626,243.38968,0.2,0.024,0.004,0.04344,4.80821,2.49377
B055,144,35.3624,7.02778,48.59079,244.18949,0.2,0.024,0.004,0.04336,4.53964,2.29078
B055,148,35.53602,7.03488,45.70218,239.90807,0.2,0.024,0.004,0.03948,4.45106,2.50421
B055,152,35.43163,7.00681,46.13597,243.99807,0.2,0.024,0.004,0.04206,4.81361,2.76628
B055,156,35.37656,7.05589,48.85287,239.44893,0.2,0.024,0.004,0.04415,4.59517,2.57641
B055,160,35.56525,7.07169,45.4723,245.49352,0.2,0.024,0.004,0.03785,4.1584,2.53628
B055,164,35.59998,7.02971,46.95136,245.9897,0.2,0.024,0.004,0.0382,4.23398,2.41628
B055,168,35.50083,7.0337,45.81213,249.06721,0.2,0.024,0.004,0.03823,4.4697,2.51455
B055,172,35.49467,7.04532,45.78737,241.34486,0.2,0.024,0.004,0.03759,4.51605,2.42158
B055,176,35.47867,7.02722,43.36232,246.30533,0.2,0.024,0.004,0.04116,4.33687,2.58306
B055,180,35.50919,7.07459,43.08044,245.6518,0.2,0.024,0.004,0.03483,4.32756,2.49991
B055,184,35.54045,7.02778,44.12906,242.76842,0.2,0.024,0.004,0.03363,4.29756,2.40537
B055,188,35.53326,7.03685,46.49929,253.57858,0.2,0.024,0.004,0.03664,4.01896,2.30558
B055,192,35.45146,7.03092,46.41859,248.97283,0.2,0.024,0.004,0.03301,3.99933,2.52191
B055,196,35.53086,7.07519,47.26642,247.38761,0.2,0.024,0.004,0.03508,3.91687,2.19008
B055,200,35.43723,7.04422,44.98112,250.1845,0.2,0.024,0.004,0.03232,4.00497,2.12147
B055,204,35.32659,7.09983,45.91416,253.75847,0.2,0.024,0.004,0.03285,3.76309,2.10314
B055,208,35.45889,7.05884,45.92139,252.36638,0.2,0.024,0.004,0.02803,3.48642,2.04298
B055,212,35.53485,7.07896,44.81726,254.6959,0.2,0.024,0.004,0.03133,3.74871,2.03344
B055,216,35.53941,7.04189,44.45339,254.62953,0.2,0.024,0.004,0.03013,3.861,2.00541
B055,220,35.49776,7.02643,42.4755,250.47669,0.2,0.024,0.004,0.02847,3.66375,1.91327
B055,224,35.48344,7.04917,44.74069,254.80557,0.2,0.024,0.004,0.02584,3.63925,2.0184
B055,228,35.50762,7.03302,44.8232,259.68234,0.2,0.024,0.004,0.02809,3.63171,1.43994
B055,232,35.4688,7.00004,46.92846,256.83793,0.2,0.024,0.004,0.02849,3.43583,1.58775
B055,236,35.40996,7.07534,47.09609,261.94962,0.2,0.024,0.004,0.0254,3.19542,1.41582
B055,240,35.40451,7.05082,45.24771,262.22285,0.2,0.024,0.004,0.0249,3.08583,1.63951
B055,244,35.46372,7.03249,48.50775,258.52504,0.2,0.024,0.004,0.027,2.96151,1.34174
B055,248,35.55315,7.05941,45.32298,258.44375,0.2,0.024,0.004,0.02838,3.44754,1.00214
B055,252,35.5908,7.05117,46.75596,258.55765,0.2,0.024,0.004,0.02642,3.077,1.22588
B055,256,35.55198,7.08524,44.82987,256.83471,0.2,0.024,0.004,0.02463,2.73692,1.13719
B055,260,35.56125,7.06082,43.06174,257.44779,0.2,0.024,0.004,0.02337,3.18631,1.13104
B055,264,35.41004,7.04608,44.27713,258.98121,0.2,0.024,0.004,0.02353,2.93711,0.89195
B055,268,35.45016,7.06734,47.50589,252.80531,0.2,0.024,0.004,0.02071,2.97594,0.96058
B055,272,35.40341,7.0491,44.55086,259.87739,0.2,0.024,0.004,0.02288,2.761,0.83512
B055,276,35.53554,7.0546,44.20695,261.0001,0.2,0.024,0.004,0.02532,2.6781,0.73723
B055,280,35.40324,7.08065,44.99309,259.6644,0.2,0.024,0.004,0.02309,2.79753,0.81296
B055,284,35.40457,7.02079,44.33785,263.37627,0.2,0.024,0.004,0.02175,2.73095,0.74795
B055,288,35.49275,7.02842,47.02939,265.04132,0.2,0.024,0.004,0.02161,2.53387,0.81706
B055,292,35.47631,7.03952,48.20527,260.83794,0.2,0.024,0.004,0.02308,2.80941,0.65922
B055,296,35.58862,7.04317,45.01009,268.99801,0.2,0.024,0.004,0.02082,2.63875,0.69672
B055,300,35.40811,7.07891,45.91877,261.83779,0.2,0.024,0.004,0.02168,2.54355,0.45078
B055,304,35.5223,7.01463,46.65219,266.71685,0.2,0.024,0.004,0.02681,2.32248,0.73741
B055,308,35.53862,7.04926,45.18453,271.73011,0.2,0.024,0.004,0.02198,2.12823,0.45397
B055,312,35.42228,7.03623,43.50755,266.91957,0.2,0.024,0.004,0.0228,2.54171,0.63531
B055,316,35.46326,7.09251,44.30395,272.51037,0.2,0.024,0.004,0.02538,1.94858,0.54062
B055,320,35.42172,7.0721,45.70044,267.02707,0.2,0.024,0.004,0.02436,2.25254,0.50965
B055,324,35.56204,7.05597,45.66948,265.33356,0.2,0.024,0.004,0.0259,2.286,0.57074
B055,328,35.52064,7.07422,41.95328,263.50141,0.2,0.024,0.004,0.02798,2.17537,0.21068
B055,332,35.51541,7.01701,44.25774,269.95712,0.2,0.024,0.004,0.02373,2.10283,0.38822
B055,336,35.51309,7.10069,43.74709,267.7932,0.2,0.024,0.004,0.02893,2.26699,0.53757
B056,0,37.01089,7.06836,46.07763,219.62154,0.5,0.06,0.01,0.0,5.52033,0.61428
B056,4,36.94192,7.06389,48.3573,221.2089,0.5,0.06,0.01,0.0,5.33042,0.65736
B056,8,37.0037,7.06049,44.60046,223.1333,0.5,0.06,0.01,0.0,5.44513,0.44629
B056,12,37.03493,7.05344,44.90756,218.28519,0.5,0.06,0.01,0.0,5.42537,0.53541
B056,16,36.76366,7.04602,43.96845,222.76272,0.5,0.06,0.01,0.0,5.34462,0.57012
B056,20,37.05048,7.08003,45.83925,222.39267,0.5,0.06,0.01,0.0,5.28005,0.71286
B056,24,37.05285,7.01134,44.99217,220.59507,0.5,0.06,0.01,0.0,5.19083,0.69539
B056,28,37.16479,7.03333,46.67948,222.69402,0.5,0.06,0.01,0.0,5.14637,0.68846
B056,32,37.06385,7.06028,44.26228,223.33256,0.5,0.06,0.01,0.0,5.13029,0.80083
B056,36,37.10701,7.0882,45.80215,229.29853,0.5,0.06,0.01,0.0,4.89837,0.56617
B056,40,36.9741,7.04135,44.59566,226.8241,0.5,0.06,0.01,0.0,5.24862,0.82233
B056,44,37.10192,7.04348,41.86778,227.51299,0.5,0.06,0.01,0.0,4.9556,0.84438
B056,48,36.92634,7.01775,46.06767,227.4102,0.5,0.06,0.01,0.03911,5.82924,0.86158
B056,52,36.8569,7.03646,42.02832,224.43406,0.5,0.06,0.01,0.04413,6.05053,0.89128
B056,56,36.93654,7.06771,44.72888,227.91936,0.5,0.06,0.01,0.04431,5.9151,0.99487
B056,60,36.87903,7.08948,44.75543,226.34963,0.5,0.06,0.01,0.04514,6.13211,0.97169
B056,64,37.06225,7.04267,44.98577,232.2915,0.5,0.06,0.01,0.04801,6.09331,1.43244
B056,68,36.79731,7.03003,45.08043,228.43976,0.5,0.06,0.01,0.04827,5.90757,1.33685
B056,72,37.10199,7.05174,45.06369,231.95812,0.5,0.06,0.01,0.04653,5.96836,1.37685
B056,76,37.03774,7.00963,45.61722,231.72124,0.5,0.06,0.01,0.0434,5.71539,1.25711
B056,80,36.96851,7.08089,44.81516,231.85574,0.5,0.06,0.01,0.0442,5.43738,1.28347
B056,84,36.90879,7.01923,49.44669,234.44247,0.5,0.06,0.01,0.04696,5.82618,1.45285
B056,88,36.88517,7.05784,44.41793,230.75122,0.5,0.06,0.01,0.04777,5.29614,1.57374
B056,92,37.05454,7.05747,42.92156,234.67077,0.5,0.06,0.01,0.04456,4.87689,1.46927
B056,96,36.96127,7.06569,42.60298,229.26261,0.5,0.06,0.01,0.04832,5.68154,1.78441
B056,100,36.85995,7.05639,46.11904,230.8488,0.5,0.06,0.01,0.04344,5.46584,1.94045
B056,104,36.96584,7.05007,42.29422,235.9263,0.5,0.06,0.01,0.04152,5.3577,1.62548
B056,108,36.90689,7.06071,42.94343,233.92454,0.5,0.06,0.01,0.04494,5.57752,1.86755
B056,112,37.0634,7.07087,42.69861,240.12893,0.5,0.06,0.01,0.04922,5.38217,2.20269
B056,116,37.02215,7.09491,45.77714,236.54489,0.5,0.06,0.01,0.04926,5.27153,2.17717
B056,120,36.95029,7.02244,47.2622,239.61767,0.5,0.06,0.01,0.04272,5.27144,2.1017
B056,124,36.96019,7.00402,43.39529,237.33885,0.5,0.06,0.01,0.04252,4.94646,2.36296
B056,128,36.8685,7.01133,45.71747,239.04203,0.5,0.06,0.01,0.04667,5.08796,2.26743
B056,132,36.9933,7.00467,40.51719,235.66742,0.5,0.06,0.01,0.04382,5.05698,2.36871
B056,136,37.18913,7.02001,43.73393,242.06874,0.5,0.06,0.01,0.04694,5.10143,2.31232
B056,140,36.93276,7.01683,46.02421,247.16258,0.5,0.06,0.01,0.04517,4.88921,2.49603
B056,144,35.46032,7.03959,44.46908,244.09102,0.5,0.06,0.01,0.04494,4.80717,2.65374
B056,148,35.5701,7.07138,46.68985,241.83279,0.5,0.06,0.01,0.04085,4.54377,2.50393
B056,152,35.33597,7.06566,41.20358,243.71328,0.5,0.06,0.01,0.04274,4.60293,2.66014
B056,156,35.40028,7.03444,43.75054,245.01578,0.5,0.06,0.01,0.04522,5.08591,2.58967
B056,160,35.44288,7.0366,45.76967,242.17172,0.5,0.06,0.01,0.04077,4.55149,2.72948
B056,164,35.44895,7.10027,45.74833,247.66154,0.5,0.06,0.01,0.03967,4.55792,2.54009
B056,168,35.3587,7.06487,45.87879,247.41329,0.5,0.06,0.01,0.03815,4.16928,2.76929
B056,172,35.4648,7.05432,45.35277,244.45279,0.5,0.06,0.01,0.03505,4.77372,2.64303
B056,176,35.5051,7.05304,43.05499,251.55927,0.5,0.06,0.01,0.03528,4.11502,2.56084
B056,180,35.37897,7.04277,43.6755,248.50211,0.5,0.06,0.01,0.03491,4.00123,2.52766
B056,184,35.48856,7.10008,48.93785,246.93821,0.5,0.06,0.01,0.03261,4.09623,2.39319
B056,188,35.37784,7.04525,42.85906,242.93265,0.5,0.06,0.01,0.03201,3.88366,2.33352
B056,192,35.52719,7.05373,42.59353,244.99197,0.5,0.06,0.01,0.0294,3.99678,2.3702
B056,196,35.45008,7.00878,46.15582,246.65844,0.5,0.06,0.01,0.03194,3.67435,2.13087
B056,200,35.53495,7.03409,43.19924,252.14672,0.5,0.06,0.01,0.03406,4.15626,2.13346
B056,204,35.47476,7.03623,48.04676,252.37362,0.5,0.06,0.01,0.0313,4.00369,2.01982
B056,208,35.50101,7.06216,49.64856,247.19732,0.5,0.06,0.01,0.03054,3.74622,2.12397
B056,212,35.53028,7.03062,44.5904,250.89839,0.5,0.06,0.01,0.03195,3.45681,2.04603
B056,216,35.29086,7.05121,45.52607,251.22768,0.5,0.06,0.01,0.03307,3.58849,2.0459
B056,220,35.4332,7.03484,41.89808,254.5819,0.5,0.06,0.01,0.03353,3.70954,1.77044
B056,224,35.49084,7.02248,46.75373,252.32806,0.5,0.06,0.01,0.0286,3.30899,1.62988
B056,228,35.50347,7.02147,41.19432,257.81518,0.5,0.06,0.01,0.02709,3.25274,1.46677
B056,232,35.32797,7.04567,42.72279,258.69857,0.5,0.06,0.01,0.02622,3.56026,1.59256
B056,236,35.45067,7.05258,45.20161,253.06324,0.5,0.06,0.01,0.02764,3.38697,1.6459
B056,240,35.46783,7.04516,45.93102,253.33989,0.5,0.06,0.01,0.02561,3.28234,1.38938
B056,244,35.55393,7.02918,42.47737,258.18533,0.5,0.06,0.01,0.02511,3.29471,1.32387
B056,248,35.38123,7.04656,44.07769,257.74078,0.5,0.06,0.01,0.02478,3.11409,1.24495
B056,252,35.54964,7.04193,42.17533,252.98711,0.5,0.06,0.01,0.02266,3.03171,1.20425
B056,256,35.52282,7.02395,44.46105,256.37471,0.5,0.06,0.01,0.01951,2.99778,1.22481
B056,260,35.54338,7.05208,43.63872,256.19906,0.5,0.06,0.01,0.02251,3.08845,1.27042
B056,264,35.58338,7.09526,43.91931,258.8694,0.5,0.06,0.01,0.0265,3.08405,1.03857
B056,268,35.58484,7.04626,46.10707,260.84026,0.5,0.06,0.01,0.02618,3.20141,0.98895
B056,272,35.38915,7.01347,45.47867,260.87794,0.5,0.06,0.01,0.02507,2.86722,0.83887
B056,276,35.50375,7.08671,45.95402,257.14553,0.5,0.06,0.01,0.02209,2.49772,0.80485
B056,280,35.50066,7.08143,44.78036,263.62654,0.5,0.06,0.01,0.02143,2.87168,0.75727
B056,284,35.59025,7.08581,46.21879,265.85301,0.5,0.06,0.01,0.02625,2.70418,0.68568
B056,288,35.69112,7.04894,44.94034,263.20175,0.5,0.06,0.01,0.02088,2.42763,0.70635
B056,292,35.64714,7.03041,44.16464,268.93281,0.5,0.06,0.01,0.02322,2.70476,0.73097
B056,296,35.43721,7.02767,45.96997,267.50898,0.5,0.06,0.01,0.02667,2.68151,0.63188
B056,300,35.53654,7.07853,44.28018,263.76405,0.5,0.06,0.01,0.02374,2.26335,0.56201
B056,304,35.48914,7.09015,44.43987,266.39643,0.5,0.06,0.01,0.02316,2.55167,0.58519
B056,308,35.52885,7.02699,46.81606,270.68258,0.5,0.06,0.01,0.02637,2.80056,0.43205
B056,312,35.5457,6.987,46.65595,264.49039,0.5,0.06,0.01,0.02454,2.42782,0.62336
B056,316,35.55267,7.04956,44.49487,272.71241,0.5,0.06,0.01,0.02519,2.29161,0.45947
B056,320,35.51742,7.02739,46.48386,266.9159,0.5,0.06,0.01,0.02827,2.06627,0.35469
B056,324,35.44414,7.03232,42.82711,271.10512,0.5,0.06,0.01,0.02064,2.49714,0.53491
B056,328,35.48441,7.04404,44.50472,267.69039,0.5,0.06,0.01,0.02697,2.14526,0.52884
B056,332,35.5761,7.06025,43.72194,273.30783,0.5,0.06,0.01,0.02529,1.89479,0.35385
B056,336,35.42325,7.03048,44.99702,265.91025,0.5,0.06,0.01,0.02701,2.16321,0.52287
B057,0,37.04209,7.07605,42.38756,221.43192,0.2,0.024,0.004,0.0,5.74994,0.63
B057,4,37.0369,7.0742,44.10211,217.22141,0.2,0.024,0.004,0.0,5.3211,0.43778
B057,8,37.05491,7.05147,47.66325,225.21596,0.2,0.024,0.004,0.0,5.31849,0.74355
B057,12,36.98235,7.10234,43.92441,225.43404,0.2,0.024,0.004,0.0,5.20677,0.78869
B057,16,37.02072,7.07788,43.64172,222.47776,0.2,0.024,0.004,0.0,5.60067,0.61412
B057,20,37.00583,7.05113,44.91151,220.50745,0.2,0.024,0.004,0.0,4.84604,0.53983
B057,24,36.92331,7.04641,46.54987,218.66788,0.2,0.024,0.004,0.0,5.11185,0.52097
B057,28,36.93555,7.0392,44.48205,221.92403,0.2,0.024,0.004,0.0,5.00819,0.71259
B057,32,37.02155,7.04673,45.21707,222.96457,0.2,0.024,0.004,0.0,4.80619,0.69884
B057,36,36.98412,7.04746,41.11618,222.8515,0.2,0.024,0.004,0.0,5.2664,0.75155
B057,40,36.96198,7.04201,45.97295,225.82098,0.2,0.024,0.004,0.0,4.69544,0.61009
B057,44,36.98924,7.04465,45.37592,232.54229,0.2,0.024,0.004,0.0,4.8893,0.82174
B057,48,36.99775,7.02019,46.50396,226.57077,0.2,0.024,0.004,0.04158,5.94942,1.00484
B057,52,37.01139,7.0358,41.82504,230.19369,0.2,0.024,0.004,0.03911,5.71857,1.01906
B057,56,36.94925,7.01007,44.48578,228.48094,0.2,0.024,0.004,0.04365,5.60717,0.92907
B057,60,37.05406,7.06036,46.63911,226.21136,0.2,0.024,0.004,0.0421,5.80217,1.02703
B057,64,37.0488,7.052,44.05321,231.29277,0.2,0.024,0.004,0.04473,5.71317,0.92897
B057,68,36.98921,7.04694,45.08679,234.9356,0.2,0.024,0.004,0.04489,5.95191,1.09394
B057,72,37.04124,7.07216,44.30364,225.77754,0.2,0.024,0.004,0.04709,5.90618,1.2049
B057,76,36.78866,7.02841,44.34529,233.21459,0.2,0.024,0.004,0.04595,6.08669,1.39668
B057,80,36.98227,7.03223,46.98413,230.62166,0.2,0.024,0.004,0.04328,5.6418,1.31357
B057,84,36.96622,7.01297,42.58023,234.96664,0.2,0.024,0.004,0.04752,5.78603,1.35397
B057,88,36.9263,7.07558,44.91453,236.53984,0.2,0.024,0.004,0.05177,5.67376,1.65096
B057,92,36.87843,7.06514,45.428,234.68708,0.2,0.024,0.004,0.04914,5.93265,1.59237
B057,96,37.0618,7.08324,46.59477,236.64369,0.2,0.024,0.004,0.04835,5.55868,1.62614
B057,100,36.94515,7.08956,44.79268,232.11586,0.2,0.024,0.004,0.04655,5.44539,1.90809
B057,104,36.90997,7.03939,46.6471,241.01113,0.2,0.024,0.004,0.04586,5.4958,1.94881
B057,108,36.86245,7.03222,44.90713,239.57653,0.2,0.024,0.004,0.04557,5.22705,1.95069
B057,112,36.90108,7.00511,45.20322,233.73362,0.2,0.024,0.004,0.04696,5.24007,2.0132
B057,116,36.91692,7.02255,45.13828,234.06857,0.2,0.024,0.004,0.04395,5.30388,2.17783
B057,120,37.07383,7.04188,46.11397,239.7651,0.2,0.024,0.004,0.04635,5.35061,2.27031
B057,124,36.94515,6.99848,45.92094,236.1858,0.2,0.024,0.004,0.04423,5.22516,2.29979
B057,128,36.95735,7.02307,43.1078,241.75519,0.2,0.024,0.004,0.04172,4.99261,2.35322
B057,132,37.04569,7.04793,45.36894,243.67181,0.2,0.024,0.004,0.04335,5.04834,2.32425
B057,136,36.94263,7.07234,45.91912,242.16853,0.2,0.024,0.004,0.04671,5.20868,2.38338
B057,140,37.02444,7.03207,47.48494,242.30261,0.2,0.024,0.004,0.04395,4.72193,2.47338
B057,144,35.4309,7.0532,43.28528,238.4838,0.2,0.024,0.004,0.036,4.67226,2.41622
B057,148,35.59595,7.09659,45.91536,241.11461,0.2,0.024,0.004,0.04115,4.22872,2.43187
B057,152,35.38489,7.00485,44.4086,238.85863,0.2,0.024,0.004,0.04366,4.90084,2.57192
B057,156,35.44588,7.07715,45.32616,242.06196,0.2,0.024,0.004,0.04059,4.50186,2.71439
B057,160,35.49711,7.05952,43.17505,243.95255,0.2,0.024,0.004,0.04153,4.48228,2.35125
B057,164,35.47821,7.08166,44.97725,246.6377,0.2,0.024,0.004,0.03897,4.4844,2.54869
B057,168,35.43914,7.07417,45.54217,248.99402,0.2,0.024,0.004,0.03939,4.58013,2.61539
B057,172,35.55783,7.03342,43.35078,245.20026,0.2,0.024,0.004,0.03833,4.82474,2.68991
B057,176,35.44407,7.05005,47.46289,244.18221,0.2,0.024,0.004,0.03619,4.01319,2.74754
B057,180,35.44476,7.01349,42.37482,243.51719,0.2,0.024,0.004,0.03784,4.133,2.46306
B057,184,35.72963,7.03693,45.91385,241.74304,0.2,0.024,0.004,0.03896,4.3072,2.68569
B057,188,35.42154,7.05073,40.87165,249.98807,0.2,0.024,0.004,0.03587,4.0099,2.45171
B057,192,35.44549,7.05759,44.56653,247.74486,0.2,0.024,0.004,0.03451,4.20915,2.43645
B057,196,35.36421,7.06974,45.81538,247.58207,0.2,0.024,0.004,0.03182,3.91321,2.14687
B057,200,35.53959,7.08957,46.21147,255.91957,0.2,0.024,0.004,0.03459,4.1241,2.26007
B057,204,35.42277,7.03911,44.82087,247.17567,0.2,0.024,0.004,0.03091,3.78006,2.24036
B057,208,35.52731,7.07862,44.58924,251.35954,0.2,0.024,0.004,0.03229,3.9093,1.97263
B057,212,35.44253,7.05668,45.96465,248.14994,0.2,0.024,0.004,0.03194,3.58226,1.66292
B057,216,35.45889,7.01731,46.61613,253.96371,0.2,0.024,0.004,0.03166,4.04836,1.91164
B057,220,35.52228,7.04624,47.34534,251.789,0.2,0.024,0.004,0.031,3.32898,1.7848
B057,224,35.56665,7.0529,42.80562,249.94814,0.2,0.024,0.004,0.03025,3.44076,1.88812
B057,228,35.45571,7.02908,44.6589,252.95833,0.2,0.024,0.004,0.02515,3.13696,1.57848
B057,232,35.53052,7.02399,41.271,256.69248,0.2,0.024,0.004,0.02532,3.49314,1.47544
B057,236,35.43479,7.02315,42.67525,252.53171,0.2,0.024,0.004,0.02372,3.35803,1.33771
B057,240,35.50629,7.03641,43.803,251.38705,0.2,0.024,0.004,0.02304,2.97669,1.32273
B057,244,35.52505,7.02838,46.47052,257.45822,0.2,0.024,0.004,0.02847,3.46315,1.6407
B057,248,35.43853,7.08076,44.18248,256.85838,0.2,0.024,0.004,0.02298,2.97287,1.0553
B057,252,35.40966,6.98872,44.50876,257.02476,0.2,0.024,0.004,0.02229,3.10292,1.01353
B057,256,35.61804,7.05278,45.51005,264.79168,0.2,0.024,0.004,0.02406,3.1415,1.09865
B057,260,35.48306,7.06321,43.86005,260.29553,0.2,0.024,0.004,0.02236,2.89492,1.27706
B057,264,35.53139,7.02593,41.60905,254.43689,0.2,0.024,0.004,0.0281,3.19839,1.06775
B057,268,35.58527,7.0442,43.73192,260.3335,0.2,0.024,0.004,0.02281,2.8284,1.10752
B057,272,35.49228,7.04145,44.79477,259.74289,0.2,0.024,0.004,0.02408,2.89903,0.82137
B057,276,35.58477,7.04807,45.79639,262.04697,0.2,0.024,0.004,0.02151,2.67653,0.65098
B057,280,35.505,7.06657,44.64914,258.69017,0.2,0.024,0.004,0.01969,2.29593,0.71792
B057,284,35.54809,7.06433,45.76812,262.15005,0.2,0.024,0.004,0.02155,2.60839,0.71466
B057,288,35.53176,7.035,46.572,266.19723,0.2,0.024,0.004,0.02161,2.42699,0.69237
B057,292,35.41065,7.01239,46.90496,261.61744,0.2,0.024,0.004,0.02169,2.78892,0.6303
B057,296,35.41212,7.05413,45.29293,266.87474,0.2,0.024,0.004,0.02009,2.20474,0.69514
B057,300,35.53019,7.03358,43.06683,265.92424,0.2,0.024,0.004,0.02377,2.71463,0.51025
B057,304,35.34584,7.03681,42.88347,271.44653,0.2,0.024,0.004,0.02307,2.39661,0.45881
B057,308,35.46732,7.05559,43.04182,271.43389,0.2,0.024,0.004,0.02096,2.40121,0.40268
B057,312,35.55993,7.03912,43.17269,266.10501,0.2,0.024,0.004,0.02461,2.12289,0.55156
B057,316,35.58256,7.05767,45.16899,265.79047,0.2,0.024,0.004,0.02632,2.31045,0.52174
B057,320,35.46971,7.11282,48.20865,266.20915,0.2,0.024,0.004,0.02764,2.23126,0.62426
B057,324,35.43955,7.06715,45.36024,266.5166,0.2,0.024,0.004,0.02089,2.51274,0.66514
B057,328,35.6418,7.08362,44.85721,272.22273,0.2,0.024,0.004,0.02479,2.05974,0.32259
B057,332,35.51883,7.06277,46.63521,268.15751,0.2,0.024,0.004,0.02408,2.32561,0.45987
B057,336,35.45589,7.05193,43.59144,269.30013,0.2,0.024,0.004,0.02612,2.33113,0.4234
B058,0,36.89352,7.03687,46.18592,222.45575,0.5,0.06,0.01,0.0,5.6031,0.48842
B058,4,37.07527,7.00031,43.94986,219.20293,0.5,0.06,0.01,0.0,5.46915,0.53791
B058,8,37.11343,7.05695,44.16545,224.6464,0.5,0.06,0.01,0.0,5.53663,0.60615
B058,12,37.03917,7.03638,44.84392,218.81915,0.5,0.06,0.01,0.0,5.14273,0.5972
B058,16,37.06401,7.02286,46.88952,222.59803,0.5,0.06,0.01,0.0,4.94653,0.62738
B058,20,37.00395,7.04256,45.19878,223.22149,0.5,0.06,0.01,0.0,5.63679,0.62793
B058,24,36.99759,7.03041,44.9904,221.00313,0.5,0.06,0.01,0.0,5.20354,0.60112
B058,28,37.0581,7.03288,44.72944,225.7185,0.5,0.06,0.01,0.0,5.2601,0.76413
B058,32,36.97578,7.08806,44.39931,227.87958,0.5,0.06,0.01,0.0,4.61169,0.49013
B058,36,36.97919,7.05311,43.02134,226.6557,0.5,0.06,0.01,0.0,5.34608,0.65412
B058,40,36.84335,7.04337,46.35188,219.27453,0.5,0.06,0.01,0.0,5.22806,0.96285
B058,44,36.98117,7.08994,43.2704,227.86857,0.5,0.06,0.01,0.0,4.69019,0.73708
B058,48,37.07602,7.04261,45.11496,226.66822,0.5,0.06,0.01,0.04295,5.94052,0.8582
B058,52,36.9097,7.01925,44.30495,222.83071,0.5,0.06,0.01,0.04314,6.00238,1.08778
B058,56,36.95729,7.01684,46.30278,230.72425,0.5,0.06,0.01,0.04319,5.68029,0.96364
B058,60,36.94312,7.048,44.41859,230.95242,0.5,0.06,0.01,0.04602,6.0186,0.94005
B058,64,36.91784,7.00894,43.28939,227.85246,0.5,0.06,0.01,0.04646,6.0816,1.24897
B058,68,37.01936,7.02069,46.68183,228.19774,0.5,0.06,0.01,0.04711,5.9201,1.13905
B058,72,36.96016,7.04047,43.59582,222.97476,0.5,0.06,0.01,0.0473,5.53655,1.21917
B058,76,36.93687,7.0783,45.26296,229.85338,0.5,0.06,0.01,0.04562,5.54179,1.08303
B058,80,36.92306,7.0823,47.16546,235.31131,0.5,0.06,0.01,0.04583,5.66338,1.38305
B058,84,37.1147,7.06649,43.75877,236.60168,0.5,0.06,0.01,0.04906,5.67367,1.56024
B058,88,37.10595,7.0499,44.82402,231.40807,0.5,0.06,0.01,0.04589,5.55004,1.50834
B058,92,37.13379,7.03574,44.26699,233.21318,0.5,0.06,0.01,0.04591,5.49609,1.48932
B058,96,36.87659,7.05971,45.22346,233.12055,0.5,0.06,0.01,0.04885,5.24462,1.66916
B058,100,37.03285,7.09455,44.88361,236.9654,0.5,0.06,0.01,0.04691,5.61771,1.73677
B058,104,36.9856,7.05354,46.56468,233.41815,0.5,0.06,0.01,0.04583,5.5107,1.86332
B058,108,36.88239,7.03845,43.94478,235.93599,0.5,0.06,0.01,0.04569,5.4404,1.91348
B058,112,36.95702,7.04606,47.16611,236.44475,0.5,0.06,0.01,0.04873,5.45151,2.2551
B058,116,36.83435,7.04333,47.72793,232.84469,0.5,0.06,0.01,0.04739,5.24166,2.16857
B058,120,37.0408,7.06372,45.43613,233.09356,0.5,0.06,0.01,0.04638,5.11034,1.99683
B058,124,37.00228,7.03091,43.65675,240.23884,0.5,0.06,0.01,0.04322,4.90938,2.2833
B058,128,36.91184,7.06015,44.93011,236.54663,0.5,0.06,0.01,0.04563,5.38254,2.33394
B058,132,37.08986,7.0642,44.78771,239.1261,0.5,0.06,0.01,0.04428,5.01922,2.54038
B058,136,37.02927,7.0586,48.01302,238.90864,0.5,0.06,0.01,0.04239,4.62872,2.43027
B058,140,37.03642,7.02284,44.82461,233.53375,0.5,0.06,0.01,0.04247,4.87659,2.47183
B058,144,35.59211,7.04626,47.35076,240.23414,0.5,0.06,0.01,0.0445,4.50928,2.75512
B058,148,35.5113,7.03683,45.18947,238.62204,0.5,0.06,0.01,0.04498,4.89321,2.43298
B058,152,35.56969,7.04815,45.07791,241.22718,0.5,0.06,0.01,0.03974,4.6953,2.67841
B058,156,35.45405,7.03333,44.39752,242.72119,0.5,0.06,0.01,0.03932,4.51354,2.60333
B058,160,35.55303,7.08108,44.55614,243.8983,0.5,0.06,0.01,0.04188,4.45778,2.5399
B058,164,35.45661,7.05467,46.51252,243.62877,0.5,0.06,0.01,0.03895,4.60688,2.51788
B058,168,35.59753,7.00955,43.75798,248.36611,0.5,0.06,0.01,0.04013,4.47219,2.74569
B058,172,35.51445,7.01676,46.63155,245.19375,0.5,0.06,0.01,0.03741,4.02181,2.61707
B058,176,35.52854,7.08012,47.44948,237.26424,0.5,0.06,0.01,0.03864,4.57058,2.60369
B058,180,35.58222,7.0455,43.9939,243.18469,0.5,0.06,0.01,0.03395,4.01948,2.60077
B058,184,35.44255,7.04025,47.05355,243.39945,0.5,0.06,0.01,0.037,3.97965,2.49002
B058,188,35.44109,7.07821,46.782,247.17902,0.5,0.06,0.01,0.0309,4.26108,2.26972
B058,192,35.57115,7.04621,46.47766,252.66719,0.5,0.06,0.01,0.03615,4.29048,2.15013
B058,196,35.43167,7.02012,43.91869,246.50245,0.5,0.06,0.01,0.03343,3.90818,2.45947
B058,200,35.47062,7.02181,44.79701,249.89848,0.5,0.06,0.01,0.0336,3.71444,2.23062
B058,204,35.33465,7.06569,44.79469,253.80085,0.5,0.06,0.01,0.03241,3.69844,2.1418
B058,208,35.51921,7.10074,48.55415,253.59459,0.5,0.06,0.01,0.02776,3.61914,2.2719
B058,212,35.37436,7.07099,44.98289,249.8048,0.5,0.06,0.01,0.03315,4.00372,1.84787
B058,216,35.44274,7.04045,44.68841,251.79177,0.5,0.06,0.01,0.03036,3.90007,1.59094
B058,220,35.67502,7.04433,43.04851,252.20329,0.5,0.06,0.01,0.0305,3.65231,1.59321
B058,224,35.42745,7.05121,43.34785,247.94454,0.5,0.06,0.01,0.02671,3.59672,1.6631
B058,228,35.50723,6.9995,43.83695,256.2723,0.5,0.06,0.01,0.02814,3.4298,1.65714
B058,232,35.4088,7.05059,45.61427,256.67497,0.5,0.06,0.01,0.02442,3.16944,1.72704
B058,236,35.50669,7.0646,42.5791,250.07989,0.5,0.06,0.01,0.02676,3.06688,1.57947
B058,240,35.55005,7.09432,43.86801,255.20485,0.5,0.06,0.01,0.02404,3.27911,1.09092
B058,244,35.52348,7.07727,41.83632,257.20982,0.5,0.06,0.01,0.03543,3.61983,1.65675
B058,248,35.49457,7.09825,47.38324,255.65303,0.5,0.06,0.01,0.02617,3.08625,1.19643
B058,252,35.48813,7.09201,45.18089,260.61551,0.5,0.06,0.01,0.0272,3.36982,1.32111
B058,256,35.53273,7.08487,45.5277,252.6164,0.5,0.06,0.01,0.02367,2.95054,1.17069
B058,260,35.32852,7.05066,43.14702,253.42866,0.5,0.06,0.01,0.02465,3.01132,1.04075
B058,264,35.39134,7.05862,46.9742,257.33449,0.5,0.06,0.01,0.02539,2.92699,0.95032
B058,268,35.59149,7.00825,47.5552,255.16991,0.5,0.06,0.01,0.02121,3.03694,0.78776
B058,272,35.52672,7.05326,45.11377,261.7873,0.5,0.06,0.01,0.02185,2.87085,0.71304
B058,276,35.39899,7.06415,44.1855,263.00135,0.5,0.06,0.01,0.02502,2.80301,0.79784
B058,280,35.52981,7.04292,45.93882,261.87024,0.5,0.06,0.01,0.02258,2.7182,0.60525
B058,284,35.30658,7.01146,46.24916,265.49135,0.5,0.06,0.01,0.02151,2.41568,0.92737
B058,288,35.51813,7.08957,46.47957,264.41073,0.5,0.06,0.01,0.02178,2.18658,0.70268
B058,292,35.4116,7.06015,46.12861,268.2378,0.5,0.06,0.01,0.0207,2.41777,0.90711
B058,296,35.57623,7.09302,46.63879,265.06405,0.5,0.06,0.01,0.01937,2.3974,0.57197
B058,300,35.59083,7.06855,43.82252,262.16675,0.5,0.06,0.01,0.0201,2.49814,0.52481
B058,304,35.43878,7.08421,46.55024,268.36709,0.5,0.06,0.01,0.02384,2.41856,0.64097
B058,308,35.42481,7.07908,44.22854,262.22255,0.5,0.06,0.01,0.02539,2.35431,0.51612
B058,312,35.4743,7.03301,40.73312,264.15358,0.5,0.06,0.01,0.02944,1.96135,0.64373
B058,316,35.52709,7.03728,44.21293,270.96263,0.5,0.06,0.01,0.02471,2.42074,0.68163
B058,320,35.52327,7.03929,44.05836,265.14691,0.5,0.06,0.01,0.02268,2.26499,0.62519
B058,324,35.38506,7.02584,45.40976,267.46573,0.5,0.06,0.01,0.02567,2.40024,0.64323
B058,328,35.52527,7.09413,46.42458,267.78855,0.5,0.06,0.01,0.02766,2.26042,0.56559
B058,332,35.58062,7.05106,45.32778,271.38152,0.5,0.06,0.01,0.02888,2.44449,0.39116
B058,336,35.51899,7.06149,48.41468,271.92234,0.5,0.06,0.01,0.02929,2.10118,0.58482
B059,0,37.02638,7.04985,45.56717,218.18498,0.2,0.024,0.004,0.0,5.23556,0.51851
B059,4,37.00857,7.08906,46.56316,215.90748,0.2,0.024,0.004,0.0,5.64166,0.40332
B059,8,37.05143,7.07922,44.81416,224.58799,0.2,0.024,0.004,0.0,5.727,0.60253
B059,12,37.05404,7.00251,46.51532,221.26968,0.2,0.024,0.004,0.0,5.04656,0.71425
B059,16,36.92661,7.07654,46.76432,219.72167,0.2,0.024,0.004,0.0,5.311,0.61117
B059,20,36.98482,7.05297,44.29092,221.89954,0.2,0.024,0.004,0.0,5.34988,0.5061
B059,24,36.95534,7.02834,48.20483,227.24595,0.2,0.024,0.004,0.0,5.36915,0.66098
B059,28,37.00619,7.05228,46.26681,225.44494,0.2,0.024,0.004,0.0,4.77438,0.48983
B059,32,37.00572,7.06036,44.26659,225.84054,0.2,0.024,0.004,0.0,5.17677,0.57421
B059,36,37.1268,7.03015,46.04384,224.74483,0.2,0.024,0.004,0.0,5.02863,0.69858
B059,40,37.06457,7.047,46.76532,227.5539,0.2,0.024,0.004,0.0,4.96901,0.77921
B059,44,37.00763,7.04173,46.00245,228.88311,0.2,0.024,0.004,0.0,5.34443,0.67355
B059,48,36.93856,7.06988,45.34318,224.29278,0.2,0.024,0.004,0.04343,5.971,0.89755
B059,52,37.12143,7.04247,39.13267,226.6112,0.2,0.024,0.004,0.04491,6.07984,0.98384
B059,56,37.11626,7.0075,43.3555,227.76754,0.2,0.024,0.004,0.0459,5.95373,0.953
B059,60,36.97972,7.03881,46.15361,231.59775,0.2,0.024,0.004,0.04693,5.99657,0.78113
B059,64,37.02344,7.02634,43.32171,229.3999,0.2,0.024,0.004,0.04572,5.97452,1.1177
B059,68,36.96767,7.01765,45.87357,229.01637,0.2,0.024,0.004,0.04533,5.97802,1.39155
B059,72,37.1886,7.07951,46.50405,225.77412,0.2,0.024,0.004,0.04666,5.66271,1.30063
B059,76,36.85981,7.07009,44.80856,235.21698,0.2,0.024,0.004,0.04883,5.83625,1.32254
B059,80,36.91626,7.02583,42.00007,230.52667,0.2,0.024,0.004,0.04792,5.77191,1.35364
B059,84,37.00769,7.01827,43.74752,229.38218,0.2,0.024,0.004,0.04617,5.34965,1.54754
B059,88,37.07395,7.04743,46.16412,233.2628,0.2,0.024,0.004,0.04705,5.4485,1.58506
B059,92,36.92944,7.01691,47.13683,231.41823,0.2,0.024,0.004,0.05032,5.81444,1.72796
B059,96,37.10376,7.04395,41.46122,233.56374,0.2,0.024,0.004,0.04849,5.47724,1.59525
B059,100,37.08591,7.05176,45.13738,240.52729,0.2,0.024,0.004,0.04725,5.95137,1.82516
B059,104,36.84795,7.05761,42.50525,226.12464,0.2,0.024,0.004,0.04912,5.65342,1.83842
B059,108,37.05113,7.0585,45.15377,234.40203,0.2,0.024,0.004,0.0456,5.42533,2.02018
B059,112,36.8856,7.03048,44.73306,237.12259,0.2,0.024,0.004,0.04714,5.60628,1.82188
B059,116,36.96406,7.05176,49.01266,233.57143,0.2,0.024,0.004,0.04997,5.49637,2.08516
B059,120,36.99338,7.08201,44.08405,239.69951,0.2,0.024,0.004,0.04722,5.27363,2.27075
B059,124,36.9959,6.99757,46.78295,239.31988,0.2,0.024,0.004,0.0488,4.97736,2.35916
B059,128,36.96976,7.05814,46.71523,236.71171,0.2,0.024,0.004,0.04498,5.20834,2.33508
B059,132,36.94031,7.02054,44.66869,238.91983,0.2,0.024,0.004,0.04375,5.26115,2.13779
B059,136,37.07315,7.0851,45.20204,244.98167,0.2,0.024,0.004,0.04653,4.92454,2.52595
B059,140,37.10588,7.07043,45.00081,236.31778,0.2,0.024,0.004,0.04002,4.49183,2.68409
B059,144,35.42485,7.06963,43.73561,243.57239,0.2,0.024,0.004,0.04347,4.66618,2.4309
B059,148,35.52212,7.02867,43.58853,240.26965,0.2,0.024,0.004,0.04456,5.15462,2.51013
B059,152,35.51463,7.0566,44.30328,239.16459,0.2,0.024,0.004,0.04298,4.76499,2.67947
B059,156,35.36929,7.05938,43.06471,252.69484,0.2,0.024,0.004,0.03698,4.81528,2.69565
B059,160,35.50555,6.99072,44.14934,250.40413,0.2,0.024,0.004,0.0378,4.52831,2.73164
B059,164,35.62072,7.05366,44.66771,239.69318,0.2,0.024,0.004,0.03954,4.43101,2.71741
B059,168,35.52894,7.06533,45.27509,241.31657,0.2,0.024,0.004,0.03997,4.86747,2.39882
B059,172,35.45634,7.01465,45.75426,245.91648,0.2,0.024,0.004,0.03929,4.35126,2.50371
B059,176,35.4171,7.06505,44.66623,246.84793,0.2,0.024,0.004,0.03747,4.27989,2.60673
B059,180,35.59086,7.05249,43.69256,247.82167,0.2,0.024,0.004,0.03815,4.37676,2.48366
B059,184,35.49461,7.08453,45.72345,248.62489,0.2,0.024,0.004,0.03677,4.15908,2.4929
B059,188,35.3852,7.03967,46.34464,251.05602,0.2,0.024,0.004,0.03484,4.25512,2.38139
B059,192,35.40419,7.05444,44.17404,253.45559,0.2,0.024,0.004,0.03537,4.16064,2.28644
B059,196,35.43709,7.05853,43.32955,246.57467,0.2,0.024,0.004,0.03221,4.0406,2.24569
B059,200,35.64011,6.97981,44.24135,250.30991,0.2,0.024,0.004,0.03399,3.83867,2.07104
B059,204,35.41081,7.04114,44.69133,252.15013,0.2,0.024,0.004,0.03024,3.50876,2.04548
B059,208,35.52743,7.05216,46.94661,250.21198,0.2,0.024,0.004,0.03214,3.65776,2.04732
B059,212,35.42816,6.99109,46.17943,254.00668,0.2,0.024,0.004,0.03134,3.60568,1.96974
B059,216,35.57568,7.06686,44.99442,253.36719,0.2,0.024,0.004,0.02909,3.68797,1.96187
B059,220,35.3982,7.05215,48.23117,256.37679,0.2,0.024,0.004,0.03025,3.46965,1.77638
B059,224,35.41761,7.05201,44.94087,247.90919,0.2,0.024,0.004,0.03139,3.33304,1.9279
B059,228,35.60472,7.06803,47.40342,248.96668,0.2,0.024,0.004,0.02562,3.19805,1.79067
B059,232,35.46882,7.03973,47.07615,251.51316,0.2,0.024,0.004,0.02895,3.50952,1.49976
B059,236,35.4421,7.05108,46.95609,262.07221,0.2,0.024,0.004,0.02863,3.50759,1.50202
B059,240,35.49187,7.07163,45.54597,257.07972,0.2,0.024,0.004,0.0255,3.1664,1.54388
B059,244,35.5603,7.05139,45.19849,254.42571,0.2,0.024,0.004,0.02702,3.17543,1.24379
B059,248,35.53552,7.00391,45.00876,257.17318,0.2,0.024,0.004,0.02445,3.24569,1.15597
B059,252,35.59038,7.05129,46.44527,256.17899,0.2,0.024,0.004,0.02705,3.18213,1.32969
B059,256,35.66258,7.0516,43.65816,259.41617,0.2,0.024,0.004,0.01869,3.10886,1.18813
B059,260,35.48998,7.07251,44.55298,258.27342,0.2,0.024,0.004,0.02674,3.02016,1.16897
B059,264,35.49945,7.04142,47.83384,257.71402,0.2,0.024,0.004,0.02136,2.71625,1.01662
B059,268,35.49035,7.02555,46.05976,258.89707,0.2,0.024,0.004,0.02354,3.06806,0.89065
B059,272,35.64952,7.02563,46.62199,256.46281,0.2,0.024,0.004,0.02156,2.71907,0.70655
B059,276,35.50749,7.08607,42.92404,262.33895,0.2,0.024,0.004,0.02607,2.69774,0.83421
B059,280,35.40976,7.05723,44.26552,269.92956,0.2,0.024,0.004,0.02255,2.86457,0.91968
B059,284,35.42555,7.08479,45.56752,262.70057,0.2,0.024,0.004,0.02192,2.90083,0.87888
B059,288,35.63472,7.08841,44.92949,262.0748,0.2,0.024,0.004,0.02529,2.70914,0.81954
B059,292,35.46627,7.03141,42.9169,255.83663,0.2,0.024,0.004,0.02461,2.4304,0.75045
B059,296,35.49736,7.0295,46.29158,264.58875,0.2,0.024,0.004,0.02262,2.78987,0.88958
B059,300,35.51564,7.04681,46.83163,264.45009,0.2,0.024,0.004,0.02151,2.50557,0.40947
B059,304,35.431,7.06536,44.5149,264.86457,0.2,0.024,0.004,0.02149,2.42887,0.59778
B059,308,35.64122,7.01496,46.35274,266.07387,0.2,0.024,0.004,0.0266,2.39623,0.43482
B059,312,35.55223,7.06137,48.44946,263.69881,0.2,0.024,0.004,0.02524,2.59028,0.71325
B059,316,35.52979,7.06011,47.59306,268.42224,0.2,0.024,0.004,0.02514,2.13706,0.44273
B059,320,35.52208,7.02186,44.59099,260.96535,0.2,0.024,0.004,0.02622,2.09894,0.61431
B059,324,35.33816,7.02274,43.12401,268.95117,0.2,0.024,0.004,0.02183,2.49875,0.42558
B059,328,35.42615,7.06111,45.39127,267.27143,0.2,0.024,0.004,0.02561,2.04891,0.51791
B059,332,35.46604,7.10183,48.98985,266.6411,0.2,0.024,0.004,0.02623,2.34439,0.44402
B059,336,35.40198,7.04263,47.27469,270.39983,0.2,0.024,0.004,0.02939,2.45081,0.44638
B060,0,37.02659,7.04163,45.52348,221.18472,0.5,0.06,0.01,0.0,5.22272,0.49105
B060,4,37.01418,7.04249,42.2819,222.66092,0.5,0.06,0.01,0.0,5.64054,0.41581
B060,8,37.07526,7.04297,45.54409,217.46319,0.5,0.06,0.01,0.0,5.57343,0.43736
B060,12,37.00451,7.07686,44.89328,228.50554,0.5,0.06,0.01,0.0,5.25083,0.16737
B060,16,37.13243,7.0362,45.91361,222.08079,0.5,0.06,0.01,0.0,5.55391,0.73626
B060,20,37.05824,7.06488,47.35147,222.02017,0.5,0.06,0.01,0.0,5.37102,0.79293
B060,24,37.02829,7.02147,44.30484,222.22505,0.5,0.06,0.01,0.0,5.24859,0.7021
B060,28,37.09134,7.05825,44.46347,222.90501,0.5,0.06,0.01,0.0,5.31915,0.55111
B060,32,36.95631,7.07257,46.56082,225.96822,0.5,0.06,0.01,0.0,5.22732,0.53943
B060,36,36.8961,7.08513,43.97419,227.394,0.5,0.06,0.01,0.0,5.09566,0.54188
B060,40,36.98911,7.01127,45.14857,224.34772,0.5,0.06,0.01,0.0,4.97679,0.84853
B060,44,36.93876,7.04258,41.6058,232.51401,0.5,0.06,0.01,0.0,4.9527,0.96963
B060,48,36.99726,7.08996,44.47631,226.97056,0.5,0.06,0.01,0.04451,5.74731,0.88751
B060,52,36.8893,7.07305,47.21854,226.20852,0.5,0.06,0.01,0.04374,5.82535,1.02418
B060,56,36.91239,7.04502,45.57024,228.64346,0.5,0.06,0.01,0.04114,6.18065,1.03215
B060,60,36.93651,7.0501,46.52901,226.2889,0.5,0.06,0.01,0.04734,5.81465,0.94761
B060,64,37.02338,7.05743,46.62574,229.7318,0.5,0.06,0.01,0.04714,5.57733,1.2263
B060,68,37.09673,7.04068,47.29374,233.69455,0.5,0.06,0.01,0.04816,6.05079,1.28724
B060,72,37.00491,7.06368,44.40981,232.29894,0.5,0.06,0.01,0.04887,5.90257,1.12684
B060,76,36.9755,7.06226,46.60188,230.50746,0.5,0.06,0.01,0.04683,5.81364,1.41752
B060,80,36.9767,7.02213,48.82095,236.30375,0.5,0.06,0.01,0.04718,5.69125,1.38062
B060,84,37.02263,7.03776,44.95527,228.11212,0.5,0.06,0.01,0.04884,5.8769,1.44698
B060,88,37.05155,7.03865,42.75657,231.81011,0.5,0.06,0.01,0.0445,5.83196,1.60692
B060,92,37.08677,7.04361,43.98858,235.41625,0.5,0.06,0.01,0.04629,5.45931,1.68625
B060,96,37.09924,7.05675,45.79617,237.51658,0.5,0.06,0.01,0.04688,5.63382,1.83345
B060,100,36.90851,7.05451,42.1751,232.50924,0.5,0.06,0.01,0.04879,5.72105,1.70868
B060,104,37.05846,7.03201,43.70446,228.92981,0.5,0.06,0.01,0.04576,5.29212,1.96163
B060,108,36.99877,7.08351,44.43937,235.40241,0.5,0.06,0.01,0.04526,5.60727,1.83639
B060,112,37.09791,7.05013,45.18676,236.44836,0.5,0.06,0.01,0.04562,5.49715,2.0339
B060,116,36.97052,7.08659,48.05407,241.34805,0.5,0.06,0.01,0.04716,5.06342,2.11884
B060,120,36.99265,7.086,46.16928,237.2397,0.5,0.06,0.01,0.04578,5.49147,2.32207
B060,124,37.11602,7.02352,43.10643,238.74668,0.5,0.06,0.01,0.04265,4.86421,2.27583
B060,128,36.96414,7.03774,51.57493,236.21469,0.5,0.06,0.01,0.04264,4.90635,2.30732
B060,132,37.01588,7.03957,44.97192,238.12075,0.5,0.06,0.01,0.04498,5.16344,2.56815
B060,136,36.97053,7.05783,42.14328,237.84541,0.5,0.06,0.01,0.04455,5.16921,2.39751
B060,140,37.01575,7.06816,43.23475,237.09002,0.5,0.06,0.01,0.04373,4.93107,2.43746
B060,144,35.53292,7.05367,43.24482,239.96058,0.5,0.06,0.01,0.04216,4.71273,2.30638
B060,148,35.62456,7.03623,42.70843,246.00548,0.5,0.06,0.01,0.04407,4.77901,2.53521
B060,152,35.39513,7.09129,45.87204,240.9839,0.5,0.06,0.01,0.0426,4.67275,2.46992
B060,156,35.46136,7.03904,40.46624,245.31583,0.5,0.06,0.01,0.04186,4.82582,2.56557
B060,160,35.45822,7.06855,46.66983,242.31555,0.5,0.06,0.01,0.04123,4.53764,2.62879
B060,164,35.44127,7.04907,46.38449,245.49667,0.5,0.06,0.01,0.04296,4.48864,2.46545
B060,168,35.55077,7.04837,44.22399,241.56518,0.5,0.06,0.01,0.03697,4.14238,2.48393
B060,172,35.52523,7.06684,46.55671,246.31722,0.5,0.06,0.01,0.03742,4.26443,2.3693
B060,176,35.62696,7.08858,43.14234,241.37279,0.5,0.06,0.01,0.03681,4.2869,2.47038
B060,180,35.33359,7.05762,43.56805,243.62997,0.5,0.06,0.01,0.03921,4.11675,2.38066
B060,184,35.33043,7.03778,45.93423,245.75993,0.5,0.06,0.01,0.03515,3.85672,2.70629
B060,188,35.54663,7.087,44.64378,249.08968,0.5,0.06,0.01,0.03351,4.25825,2.57753
B060,192,35.5822,7.06235,43.93732,249.9123,0.5,0.06,0.01,0.03409,3.86812,2.49976
B060,196,35.24578,7.05426,44.80699,250.57067,0.5,0.06,0.01,0.03371,3.75512,2.11934
B060,200,35.51874,7.07569,47.2419,254.7079,0.5,0.06,0.01,0.03511,4.26016,2.18438
B060,204,35.55571,7.05806,47.17599,251.52754,0.5,0.06,0.01,0.03117,3.98413,1.98791
B060,208,35.47503,7.11142,45.72441,248.76661,0.5,0.06,0.01,0.02979,3.9334,2.27649
B060,212,35.47758,7.05005,44.39577,254.6654,0.5,0.06,0.01,0.0286,3.7619,2.07532
B060,216,35.53709,7.07874,45.8864,255.20269,0.5,0.06,0.01,0.029,3.86908,1.76745
B060,220,35.51484,7.06105,43.53384,254.6679,0.5,0.06,0.01,0.03411,3.87181,1.85493
B060,224,35.54008,7.06097,46.98721,252.19481,0.5,0.06,0.01,0.02907,3.47678,1.5489
B060,228,35.47919,7.04095,46.61572,251.47098,0.5,0.06,0.01,0.02885,3.29365,1.6267
B060,232,35.4789,7.04107,48.2837,257.89252,0.5,0.06,0.01,0.02704,3.16106,1.53898
B060,236,35.56728,7.06242,43.6363,257.07539,0.5,0.06,0.01,0.02674,3.31125,1.56704
B060,240,35.57673,7.02829,43.42529,254.90406,0.5,0.06,0.01,0.02749,3.10929,1.51688
B060,244,35.54092,7.03561,45.93725,259.63174,0.5,0.06,0.01,0.02654,3.09195,1.32311
B060,248,35.33881,7.05038,44.5346,254.8059,0.5,0.06,0.01,0.02565,3.13795,1.21882
B060,252,35.49269,7.08101,46.69884,259.23806,0.5,0.06,0.01,0.02457,3.34195,0.78554
B060,256,35.66755,7.05201,47.24011,255.46808,0.5,0.06,0.01,0.02347,2.74279,1.29262
B060,260,35.44321,7.05162,47.89477,257.73002,0.5,0.06,0.01,0.0247,3.00286,0.9612
B060,264,35.44035,7.02353,45.09928,256.93529,0.5,0.06,0.01,0.02375,2.70044,0.99103
B060,268,35.4843,7.09239,46.49665,257.08423,0.5,0.06,0.01,0.02763,2.87451,1.19233
B060,272,35.57864,7.07768,44.12117,265.21346,0.5,0.06,0.01,0.02529,3.0357,0.72429
B060,276,35.37239,7.08049,45.36927,262.08708,0.5,0.06,0.01,0.02173,2.57848,0.82034
B060,280,35.43774,7.01368,44.90916,262.18863,0.5,0.06,0.01,0.02067,2.60943,0.83145
B060,284,35.49316,7.05879,44.81849,258.57682,0.5,0.06,0.01,0.02221,2.67254,0.86072
B060,288,35.59671,7.02654,48.10066,262.74487,0.5,0.06,0.01,0.02088,2.6922,0.6912
B060,292,35.35301,7.06929,42.71846,256.72865,0.5,0.06,0.01,0.02223,2.45303,0.79705
B060,296,35.42239,7.05804,44.99154,262.80285,0.5,0.06,0.01,0.02135,2.70875,0.57437
B060,300,35.35944,7.06297,45.09141,263.50756,0.5,0.06,0.01,0.02284,2.39085,0.6609
B060,304,35.4573,7.03208,46.09361,265.41531,0.5,0.06,0.01,0.02311,2.51706,0.61975
B060,308,35.54913,7.024,43.13481,271.33628,0.5,0.06,0.01,0.02434,2.37836,0.5363
B060,312,35.53426,7.03398,44.49173,263.84766,0.5,0.06,0.01,0.02398,2.48898,0.56578
B060,316,35.38632,7.0577,43.9872,265.70651,0.5,0.06,0.01,0.02299,2.64775,0.4041
B060,320,35.52986,7.04394,41.17175,272.44961,0.5,0.06,0.01,0.02767,2.30178,0.45745
B060,324,35.57133,7.05633,46.97621,269.75658,0.5,0.06,0.01,0.02653,2.27244,0.32507
B060,328,35.50366,7.0244,42.50112,270.37455,0.5,0.06,0.01,0.02517,2.11538,0.41449
B060,332,35.53604,7.04984,42.27453,273.70959,0.5,0.06,0.01,0.02505,2.03676,0.59363
B060,336,35.49833,7.08488,46.61097,271.18524,0.5,0.06,0.01,0.02449,1.95439,0.49849
B005,48,36.87677,7.02554,43.16577,226.86351,0.2,0.024,0.004,0.04256,5.8229,0.98352
